mechanism,rep,method,success,gradient_max,boundary,hessian_min,valid_se,nll,start_nll_range,item_rate,complete_rate,stationary,boundary_parameters
MCAR,0,oracle,True,1.770764405554237e-08,False,0.006900365019250971,True,1.800943690950685,1.7674750552032492e-13,0.8032,0.4972,True,
MCAR,0,MAR_ignorability,True,1.651690746465595e-08,False,0.0046685334458580335,True,1.461906395114052,5.722089468918057e-13,0.8032,0.4972,True,
MCAR,0,selection_misspecified,True,4.525548311435923e-08,False,0.004659854339388869,True,2.6753632330059705,3.654410107856165e-12,0.8032,0.4972,True,
MCAR,0,candidate_saturated,True,7.761946224924542e-08,False,0.0019777181931153304,True,2.675184574617892,5.112354983793921e-12,0.8032,0.4972,True,
MCAR,1,oracle,True,4.02320734940842e-08,False,0.007642334824764869,True,1.7916049372201488,2.275957200481571e-13,0.7967333333333334,0.4818,True,
MCAR,1,MAR_ignorability,True,2.17289438432966e-08,False,0.004982514639771222,True,1.4416383704898381,1.9539925233402755e-13,0.7967333333333334,0.4818,True,
MCAR,1,selection_misspecified,True,6.13158324894065e-08,False,0.004965743888300256,True,2.6713662566845673,1.2927436898735323e-12,0.7967333333333334,0.4818,True,
MCAR,1,candidate_saturated,True,7.27137096532715e-08,False,0.0021557631484875935,True,2.671359270489779,1.949551631241775e-12,0.7967333333333334,0.4818,True,
MCAR,2,oracle,True,4.549119825454362e-08,False,0.0075322474327302776,True,1.790899862492245,2.0872192862952943e-13,0.7992666666666667,0.4896,True,
MCAR,2,MAR_ignorability,True,8.023206723631556e-09,False,0.004978020020932384,True,1.4472236439314417,6.870060076380469e-13,0.7992666666666667,0.4896,True,
MCAR,2,selection_misspecified,True,5.259181519768896e-08,False,0.004955568841518772,True,2.6703320266592034,1.9984014443252818e-12,0.7992666666666667,0.4896,True,
MCAR,2,candidate_saturated,True,1.9287072811522422e-07,False,0.0022191406796230966,True,2.669660466349069,7.772449350795796e-12,0.7992666666666667,0.4896,True,
MCAR,3,oracle,True,4.5403807801785554e-08,False,0.007947994002108995,True,1.7811785315329,6.334932578511143e-13,0.8030666666666666,0.495,True,
MCAR,3,MAR_ignorability,True,1.8222266256706644e-08,False,0.0052301477273933045,True,1.4456652447109521,9.836575998178887e-14,0.8030666666666666,0.495,True,
MCAR,3,selection_misspecified,True,3.4050429518174144e-08,False,0.0052031044578242066,True,2.6594654938267057,1.3140599719463353e-12,0.8030666666666666,0.495,True,
MCAR,3,candidate_saturated,True,6.58884511651081e-08,False,0.002305905746698174,True,2.659296028137326,5.182521078950231e-12,0.8030666666666666,0.495,True,
MCAR,4,oracle,True,1.1239379585764598e-08,False,0.007754144798889379,True,1.7803431000810752,7.509548538564559e-13,0.7996666666666666,0.4906,True,
MCAR,4,MAR_ignorability,True,3.095025951793673e-09,False,0.005516980168852133,True,1.4322223566112413,2.475797344914099e-13,0.7996666666666666,0.4906,True,
MCAR,4,selection_misspecified,True,7.956009105498651e-08,False,0.005486320864854364,True,2.654392671345696,9.814371537686384e-13,0.7996666666666666,0.4906,True,
MCAR,4,candidate_saturated,True,4.2473579532043e-08,False,0.0020680326730733146,True,2.6543014879756477,4.569233880147294e-12,0.7996666666666666,0.4906,True,
MCAR,5,oracle,True,7.21399957997193e-09,False,0.007335547937119589,True,1.7991309814120453,5.111466805374221e-13,0.7978000000000001,0.4918,True,
MCAR,5,MAR_ignorability,True,2.806057332099543e-08,False,0.004462038885189237,True,1.4493631601969832,3.9257486150745535e-13,0.7978000000000001,0.4918,True,
MCAR,5,selection_misspecified,True,5.5355605490203794e-08,False,0.004397559042424493,True,2.6762513515293085,1.5081269566508126e-12,0.7978000000000001,0.4918,True,
MCAR,5,candidate_saturated,True,5.9108144170849644e-08,False,0.0012540322318992949,True,2.6757455741776335,7.0912165028858e-12,0.7978000000000001,0.4918,True,
MCAR,6,oracle,True,2.8095129131233686e-08,False,0.0074273449238200446,True,1.797618856108594,5.03375119365046e-13,0.8030666666666666,0.4998,True,
MCAR,6,MAR_ignorability,True,9.122983121140135e-09,False,0.00508582337355078,True,1.4464795998150837,5.03375119365046e-13,0.8030666666666666,0.4998,True,
MCAR,6,selection_misspecified,True,8.560166591577989e-08,False,0.005051626196560395,True,2.660266740112785,1.304290009329634e-12,0.8030666666666666,0.4998,True,
MCAR,6,candidate_saturated,True,7.100289462016463e-08,False,0.0018181370154516292,True,2.659566716201196,3.770317391627032e-12,0.8030666666666666,0.4998,True,
MCAR,7,oracle,True,2.025708248588609e-08,False,0.006971345703253608,True,1.8000137629187716,1.8707257964933888e-12,0.8003999999999999,0.493,True,
MCAR,7,MAR_ignorability,True,2.3781474685879988e-08,False,0.004538095106896357,True,1.4537569220717206,1.6209256159527285e-13,0.8003999999999999,0.493,True,
MCAR,7,selection_misspecified,True,2.3725547844939384e-08,False,0.0045353493520583175,True,2.6744108646218763,3.511413382284445e-12,0.8003999999999999,0.493,True,
MCAR,7,candidate_saturated,True,4.544677226903104e-08,False,0.0024485784707699485,True,2.6739599774505254,2.7848834349697427e-12,0.8003999999999999,0.493,True,
MCAR,8,oracle,True,9.66589753670366e-09,False,0.00729546724035865,True,1.788583729201253,1.9317880628477724e-13,0.8019333333333334,0.4966,True,
MCAR,8,MAR_ignorability,True,1.0751004381592167e-08,False,0.005009324143831301,True,1.4393004873735586,4.2010839251815923e-13,0.8019333333333334,0.4966,True,
MCAR,8,selection_misspecified,True,2.6578607983740455e-08,False,0.005021525129387897,True,2.655398388124787,1.6413537196058314e-12,0.8019333333333334,0.4966,True,
MCAR,8,candidate_saturated,True,8.950183538907197e-08,False,0.002147331913105618,True,2.6548807428574537,3.235189893757706e-12,0.8019333333333334,0.4966,True,
MCAR,9,oracle,True,1.159479705810651e-08,False,0.007304467619107814,True,1.7767487752621565,7.136513602290506e-13,0.8009333333333334,0.4988,True,
MCAR,9,MAR_ignorability,True,1.587258505258673e-08,False,0.005192095039007296,True,1.432831110392055,2.8688162956314045e-13,0.8009333333333334,0.4988,True,
MCAR,9,selection_misspecified,True,3.1837915018151366e-08,False,0.00521185263601643,True,2.6520518234151997,2.2324364579162648e-12,0.8009333333333334,0.4988,True,
MCAR,9,candidate_saturated,True,7.069562146568842e-08,False,0.0017572584483296777,True,2.6518577710424407,5.902389688117182e-12,0.8009333333333334,0.4988,True,
MCAR,10,oracle,True,2.026339150089651e-08,False,0.007807016024844319,True,1.7942895385989586,4.718447854656915e-13,0.8002666666666666,0.4884,True,
MCAR,10,MAR_ignorability,True,2.1432514899011324e-08,False,0.006085518466330844,True,1.4349938911384066,1.438849039914203e-13,0.8002666666666666,0.4884,True,
MCAR,10,selection_misspecified,True,3.947696476626745e-08,False,0.006058519237215541,True,2.6556972802339933,9.623413177450857e-13,0.8002666666666666,0.4884,True,
MCAR,10,candidate_saturated,True,7.838705476199692e-08,False,0.0024669462768499182,True,2.6553284745574026,4.711786516509164e-12,0.8002666666666666,0.4884,True,
MCAR,11,oracle,True,1.728119980806053e-08,False,0.0075118991229082745,True,1.792036721760712,1.9739765377835283e-13,0.7971333333333334,0.483,True,
MCAR,11,MAR_ignorability,True,6.857847637303296e-09,False,0.005106703025812931,True,1.4383887851026447,1.1455281168082365e-12,0.7971333333333334,0.483,True,
MCAR,11,selection_misspecified,True,5.585937113514738e-08,False,0.005072082386287084,True,2.6669939877598017,1.5307755063531658e-12,0.7971333333333334,0.483,True,
MCAR,11,candidate_saturated,True,5.390865470786821e-08,False,0.0022797742231360166,True,2.6668248345355505,3.836930773104541e-12,0.7971333333333334,0.483,True,
MCAR,12,oracle,True,1.4913251377989945e-08,False,0.006729322964862698,True,1.8092140023902372,2.1738166822160565e-13,0.8001333333333333,0.4872,True,
MCAR,12,MAR_ignorability,True,3.703176811378217e-08,False,0.004611283862054075,True,1.4628409423141493,5.209166431541234e-13,0.8001333333333333,0.4872,True,
MCAR,12,selection_misspecified,True,1.2593469394664992e-07,False,0.004617205087809091,True,2.684141208498714,4.827249711070181e-13,0.8001333333333333,0.4872,True,
MCAR,12,candidate_saturated,True,4.43185877013974e-08,False,0.0020664785281156745,True,2.683658959818486,3.955058502924658e-12,0.8001333333333333,0.4872,True,
MCAR,13,oracle,True,1.523969283805573e-08,False,0.006732936749903514,True,1.7870946619976327,3.7903014060702844e-13,0.7977333333333334,0.4858,True,
MCAR,13,MAR_ignorability,True,7.12193479839307e-09,False,0.004589938005275759,True,1.4356376330365388,4.629630012686903e-13,0.7977333333333334,0.4858,True,
MCAR,13,selection_misspecified,True,8.529960952226024e-08,False,0.004630447324524377,True,2.6626929348940522,1.2678746941219288e-12,0.7977333333333334,0.4858,True,
MCAR,13,candidate_saturated,True,8.56747712532524e-08,False,0.0022970792804605,True,2.662348799798713,1.4299672557172016e-12,0.7977333333333334,0.4858,True,
MCAR,14,oracle,True,1.506915125837338e-08,False,0.007209067283446423,True,1.8077800394576042,3.9013237085328e-13,0.7991333333333334,0.4886,True,
MCAR,14,MAR_ignorability,True,2.06943006899607e-08,False,0.004717407580514083,True,1.4560769865783372,1.8740564655672642e-13,0.7991333333333334,0.4886,True,
MCAR,14,selection_misspecified,True,8.383493093598315e-08,False,0.004694743084708666,True,2.679962983318871,1.6573409311604337e-12,0.7991333333333334,0.4886,True,
MCAR,14,candidate_saturated,True,6.295227719630425e-08,False,0.0013516441828523773,True,2.6784539431985124,4.745537296457769e-12,0.7991333333333334,0.4886,True,
MCAR,15,oracle,True,2.141342973791885e-08,False,0.006645668051866727,True,1.8085057793694848,2.469136006766348e-13,0.8008666666666667,0.4948,True,
MCAR,15,MAR_ignorability,True,2.8922757779206763e-08,False,0.004064595936642129,True,1.4567232091005287,3.270717030545711e-13,0.8008666666666667,0.4948,True,
MCAR,15,selection_misspecified,True,7.638104923908263e-08,False,0.0040814114999430445,True,2.675808815772101,1.3140599719463353e-12,0.8008666666666667,0.4948,True,
MCAR,15,candidate_saturated,True,7.803629872036311e-08,False,0.0024066456969662666,True,2.675660520179317,4.718003765447065e-12,0.8008666666666667,0.4948,True,
MCAR,16,oracle,True,2.5556135070958773e-08,False,0.007205139758903824,True,1.79400690041442,1.13464793116691e-13,0.805,0.4974,True,
MCAR,16,MAR_ignorability,True,2.0998769075286638e-08,False,0.0052125987651267846,True,1.4570401342138757,8.504308368628699e-13,0.805,0.4974,True,
MCAR,16,selection_misspecified,True,4.34233857553451e-08,False,0.005178162075194661,True,2.6655845742151665,1.581845765485923e-12,0.805,0.4974,True,
MCAR,16,candidate_saturated,True,6.351959049961664e-08,False,0.00225418240431889,True,2.6649413123455044,7.254197242900773e-12,0.805,0.4974,True,
MCAR,17,oracle,True,3.0792272479979176e-08,False,0.005808743397350394,True,1.7989601851243915,8.992806499463768e-14,0.8043333333333332,0.5002,True,
MCAR,17,MAR_ignorability,True,2.5436768537945298e-08,False,0.004922388461234259,True,1.4545017597196594,3.3597569171206487e-12,0.8043333333333332,0.5002,True,
MCAR,17,selection_misspecified,True,4.128788047026433e-08,False,0.0049321613542571705,True,2.664798630481181,6.59916565837193e-13,0.8043333333333332,0.5002,True,
MCAR,17,candidate_saturated,True,8.006469849002329e-08,False,0.0017041427939892143,True,2.664707530002628,5.95612448250904e-12,0.8043333333333332,0.5002,True,
MCAR,18,oracle,True,2.2732716325631237e-08,False,0.007143612093779302,True,1.7921423513893533,6.883382752675971e-13,0.8015333333333333,0.4908,True,
MCAR,18,MAR_ignorability,True,6.796205858986436e-09,False,0.004711160593835345,True,1.4464309882327253,3.601563491884008e-13,0.8015333333333333,0.4908,True,
MCAR,18,selection_misspecified,True,7.317774643982312e-08,False,0.004715473426455086,True,2.6641126151193255,3.879563337250147e-12,0.8015333333333333,0.4908,True,
MCAR,18,candidate_saturated,True,4.121872563480622e-08,False,0.002117916967235328,True,2.6640125437896107,5.517364343177178e-12,0.8015333333333333,0.4908,True,
MCAR,19,oracle,True,4.521080048787464e-08,False,0.007153349587824104,True,1.796505752256517,1.4699352846037073e-13,0.8031333333333334,0.49,True,
MCAR,19,MAR_ignorability,True,2.2685498373864465e-08,False,0.0050757091648849905,True,1.454312678212689,9.636735853746359e-13,0.8031333333333334,0.49,True,
MCAR,19,selection_misspecified,True,2.081022287274692e-08,False,0.0050917721578147305,True,2.667858953912902,1.447286734901354e-12,0.8031333333333334,0.49,True,
MCAR,19,candidate_saturated,True,6.565225699048937e-08,False,0.0021695894791381853,True,2.6673415137898338,6.019185150307749e-12,0.8031333333333334,0.49,True,
MCAR,20,oracle,True,7.48194144470915e-09,False,0.007647683390168936,True,1.7991857719580042,1.3655743202889425e-13,0.7945333333333333,0.4726,True,
MCAR,20,MAR_ignorability,True,1.2059151646006773e-08,False,0.004739917852413786,True,1.4447694103794284,6.883382752675971e-13,0.7945333333333333,0.4726,True,
MCAR,20,selection_misspecified,True,5.375452463365349e-08,False,0.004723673808885053,True,2.679550151563076,2.5228708011582057e-12,0.7945333333333333,0.4726,True,
MCAR,20,candidate_saturated,True,6.326757809347327e-08,False,0.0022251908435448014,True,2.679402071940876,9.237055564881302e-12,0.7945333333333333,0.4726,True,
MCAR,21,oracle,True,7.3063248326673405e-09,False,0.006215974261922961,True,1.7719457467399744,5.582201367815287e-13,0.7974666666666667,0.4824,True,
MCAR,21,MAR_ignorability,True,1.9319039911636082e-08,False,0.004081369822981424,True,1.424319299454142,3.426148253993233e-13,0.7974666666666667,0.4824,True,
MCAR,21,selection_misspecified,True,6.190337042695326e-08,False,0.00404768953450812,True,2.652232383139183,1.5440981826486677e-12,0.7974666666666667,0.4824,True,
MCAR,21,candidate_saturated,True,9.779746517324384e-08,False,0.0023035475223218502,True,2.650869650508263,9.458211991386634e-12,0.7974666666666667,0.4824,True,
MCAR,22,oracle,True,2.1672128256868937e-08,False,0.00753333693316904,True,1.8028039791108048,2.0183854587685346e-13,0.8072,0.5052,True,
MCAR,22,MAR_ignorability,True,1.2500950532285928e-08,False,0.0056083676159659,True,1.464945285198231,1.1868284133242923e-12,0.8072,0.5052,True,
MCAR,22,selection_misspecified,True,9.208914660501222e-08,False,0.005603689234750442,True,2.6677337440977658,1.7528201112781971e-12,0.8072,0.5052,True,
MCAR,22,candidate_saturated,True,7.967902930658966e-08,False,0.002232412111193409,True,2.667219312501363,6.4570571112199104e-12,0.8072,0.5052,True,
MCAR,23,oracle,True,1.0279780459274655e-08,False,0.007047539790603023,True,1.7821502098829827,8.593126210598712e-14,0.7999333333333333,0.4908,True,
MCAR,23,MAR_ignorability,True,2.3183782561438317e-08,False,0.005100275801221707,True,1.4292232610696154,4.691802502065912e-13,0.7999333333333333,0.4908,True,
MCAR,23,selection_misspecified,True,9.315019835128835e-08,False,0.005087358444575439,True,2.6508978348446406,1.3087309014281345e-12,0.7999333333333333,0.4908,True,
MCAR,23,candidate_saturated,True,7.336105535387105e-08,False,0.002451761489123674,True,2.6504160426758654,2.0592416660747404e-12,0.7999333333333333,0.4908,True,
MCAR,24,oracle,True,9.933041432230727e-09,False,0.007896134560274886,True,1.8009417532997039,6.616929226765933e-14,0.8006666666666667,0.492,True,
MCAR,24,MAR_ignorability,True,2.0227419131790823e-08,False,0.004990944771347782,True,1.4533668426987927,8.837375276016246e-14,0.8006666666666667,0.492,True,
MCAR,24,selection_misspecified,True,2.7532303117604184e-08,False,0.004959527980091459,True,2.6732195943462664,9.663381206337363e-13,0.8006666666666667,0.492,True,
MCAR,24,candidate_saturated,True,9.249153762493912e-08,False,0.002507922522671913,True,2.6727743648141304,4.978684131629052e-12,0.8006666666666667,0.492,True,
MCAR,25,oracle,True,1.887516865644763e-08,False,0.0073569925081905345,True,1.8062961184590782,2.5934809855243657e-13,0.8041333333333333,0.497,True,
MCAR,25,MAR_ignorability,True,1.2255268079307499e-08,False,0.004999010588047158,True,1.4629734272798371,1.9406698470447736e-13,0.8041333333333333,0.497,True,
MCAR,25,selection_misspecified,True,8.338611823270892e-08,False,0.005020027030036586,True,2.6737725874520404,1.1180389947185176e-11,0.8041333333333333,0.497,True,
MCAR,25,candidate_saturated,True,3.582448114620718e-08,False,0.001593620829536799,True,2.67328618855274,2.495781359357352e-12,0.8041333333333333,0.497,True,
MCAR,26,oracle,True,3.1661313344422126e-09,False,0.0072238645004435035,True,1.7990836675833848,2.220446049250313e-13,0.7991333333333334,0.4852,True,
MCAR,26,MAR_ignorability,True,3.2706363347978494e-08,False,0.004189861790704559,True,1.4496043340417528,4.858335955759685e-13,0.7991333333333334,0.4852,True,
MCAR,26,selection_misspecified,True,9.627405845957782e-08,False,0.004153932260191334,True,2.6728276561561666,7.402523038990694e-12,0.7991333333333334,0.4852,True,
MCAR,26,candidate_saturated,True,7.364748845333224e-08,False,0.002148165309237196,True,2.6722568398309394,3.929745417963204e-12,0.7991333333333334,0.4852,True,
MCAR,27,oracle,True,1.1201963032420568e-08,False,0.006423613617981253,True,1.8063243738748156,2.071676163950542e-13,0.8055333333333333,0.5066,True,
MCAR,27,MAR_ignorability,True,2.6543537891771107e-08,False,0.004798536088395563,True,1.4602648332126598,4.1300296516055823e-13,0.8055333333333333,0.5066,True,
MCAR,27,selection_misspecified,True,2.3014366284190196e-08,False,0.004773718104835393,True,2.666956600814909,1.2363443602225743e-12,0.8055333333333333,0.5066,True,
MCAR,27,candidate_saturated,True,7.955613692729458e-08,False,0.0019088963830697387,True,2.666682292047922,3.233413536918306e-12,0.8055333333333333,0.5066,True,
MCAR,28,oracle,True,2.3926066479801333e-08,False,0.007341043217269718,True,1.7969255831719761,3.0886404545071855e-13,0.7987333333333333,0.4862,True,
MCAR,28,MAR_ignorability,True,1.706910876209111e-08,False,0.005229953138344644,True,1.4486681412676852,2.2071233729548112e-13,0.7987333333333333,0.4862,True,
MCAR,28,selection_misspecified,True,8.005816986162983e-08,False,0.005139089045575118,True,2.67303202178379,9.9298347322474e-13,0.7987333333333333,0.4862,True,
MCAR,28,candidate_saturated,True,1.538021623161967e-07,False,0.0015929127387811423,True,2.67289427372606,2.0801138589376933e-12,0.7987333333333333,0.4862,True,
MCAR,29,oracle,True,2.5329274677476922e-08,False,0.007631870071537651,True,1.805834444218023,1.5480949855373183e-12,0.8031333333333334,0.4932,True,
MCAR,29,MAR_ignorability,True,2.3914177537718384e-08,False,0.005031264719579179,True,1.465940212396733,3.8258285428582894e-13,0.8031333333333334,0.4932,True,
MCAR,29,selection_misspecified,True,6.064292411569472e-08,False,0.005039748241344712,True,2.679520598656747,9.29034627006331e-13,0.8031333333333334,0.4932,True,
MCAR,29,candidate_saturated,True,9.735650233508864e-08,False,0.0017868646001690128,True,2.6793576351133446,7.225331444260519e-13,0.8031333333333334,0.4932,True,
MCAR,30,oracle,True,2.8549763872898205e-08,False,0.007117614586355254,True,1.797172079979314,4.4919623576333834e-13,0.8019333333333334,0.495,True,
MCAR,30,MAR_ignorability,True,3.950459143183019e-08,False,0.004857141576005209,True,1.449897490408923,8.695266728864226e-13,0.8019333333333334,0.495,True,
MCAR,30,selection_misspecified,True,9.327066567781373e-08,False,0.004872762422724757,True,2.666589387918924,1.0769163338864018e-12,0.8019333333333334,0.495,True,
MCAR,30,candidate_saturated,True,5.3762851511685025e-08,False,0.0019609023797930824,True,2.666242037930542,8.036682430656583e-12,0.8019333333333334,0.495,True,
MCAR,31,oracle,True,8.993785821509448e-09,False,0.0074782508976899064,True,1.8057451081849454,2.0938806244430452e-13,0.7976666666666666,0.4842,True,
MCAR,31,MAR_ignorability,True,1.356559402846463e-08,False,0.004998947184956972,True,1.4499094807915138,4.3431924723336124e-13,0.7976666666666666,0.4842,True,
MCAR,31,selection_misspecified,True,6.279787229921397e-08,False,0.005002655523029455,True,2.677379358927332,7.811529201262601e-13,0.7976666666666666,0.4842,True,
MCAR,31,candidate_saturated,True,5.674719033663678e-08,False,0.002211266557990784,True,2.677202375395739,1.7426060594516457e-12,0.7976666666666666,0.4842,True,
MCAR,32,oracle,True,3.089474908856034e-09,False,0.007266753974135119,True,1.7805361402199895,1.2367884494324244e-13,0.8036,0.4944,True,
MCAR,32,MAR_ignorability,True,1.0144712670623334e-08,False,0.005180813818703806,True,1.4402419002692652,2.4447111002245947e-13,0.8036,0.4944,True,
MCAR,32,selection_misspecified,True,7.387914318800342e-08,False,0.005163745861273939,True,2.6526190339949944,3.554045946430051e-12,0.8036,0.4944,True,
MCAR,32,candidate_saturated,True,8.74898311000294e-08,False,0.0017985492581199273,True,2.6520580131879115,3.368416656712725e-12,0.8036,0.4944,True,
MCAR,33,oracle,True,2.0750764426002988e-08,False,0.007721441444339925,True,1.7823841953935857,1.674216321134736e-13,0.7996,0.4908,True,
MCAR,33,MAR_ignorability,True,2.010153440575313e-08,False,0.005120244984898085,True,1.4404910774085096,5.850875339774575e-13,0.7996,0.4908,True,
MCAR,33,selection_misspecified,True,7.067708545554413e-08,False,0.005113629753854877,True,2.6630775612093394,3.447020446856186e-12,0.7996,0.4908,True,
MCAR,33,candidate_saturated,True,7.649955182813529e-08,False,0.0018403450181439709,True,2.6625706378665503,3.233413536918306e-12,0.7996,0.4908,True,
MCAR,34,oracle,True,3.330060113884703e-08,False,0.007511019650619581,True,1.815994990960486,1.6564527527407336e-12,0.8028666666666666,0.4978,True,
MCAR,34,MAR_ignorability,True,2.439906701639516e-08,False,0.005524571440521579,True,1.4656694117000528,4.887201754399939e-13,0.8028666666666666,0.4978,True,
MCAR,34,selection_misspecified,True,1.2678977086731936e-07,False,0.0055261337703233614,True,2.6797144671515314,5.88862292261183e-13,0.8028666666666666,0.4978,True,
MCAR,34,candidate_saturated,True,9.109598246475059e-08,False,0.001518755361636795,True,2.67930774262356,4.25570689799315e-12,0.8028666666666666,0.4978,True,
MCAR,35,oracle,True,2.7996523245610305e-08,False,0.0065835875696093485,True,1.8059167686711932,1.1524114995609125e-13,0.7992666666666667,0.4874,True,
MCAR,35,MAR_ignorability,True,2.9787765467204074e-08,False,0.004407930525769144,True,1.4528552476807346,2.240430063693566e-13,0.7992666666666667,0.4874,True,
MCAR,35,selection_misspecified,True,1.229540957240427e-07,False,0.004395749346533148,True,2.6758728248567123,7.043254868221993e-13,0.7992666666666667,0.4874,True,
MCAR,35,candidate_saturated,True,5.044858438614241e-08,False,0.001990780832630641,True,2.675727229407207,3.084199562408685e-12,0.7992666666666667,0.4874,True,
MCAR,36,oracle,True,1.315881788026413e-08,False,0.007528782286467869,True,1.7970456258946603,3.9190872769268026e-13,0.7984,0.4864,True,
MCAR,36,MAR_ignorability,True,1.5129217695308838e-08,False,0.005064997933818983,True,1.449510316463855,3.956834859764058e-13,0.7984,0.4864,True,
MCAR,36,selection_misspecified,True,2.6868395260137847e-08,False,0.005042254770544355,True,2.6746196695783753,1.3486989303146402e-12,0.7984,0.4864,True,
MCAR,36,candidate_saturated,True,3.5855945034724e-08,False,0.0021711624464040317,True,2.6741588436861354,6.4148686362841545e-12,0.7984,0.4864,True,
MCAR,37,oracle,True,1.2238892375426858e-08,False,0.007604542210526693,True,1.7763068306210643,4.871658632055187e-13,0.7957333333333333,0.4814,True,
MCAR,37,MAR_ignorability,True,1.6704896207797583e-08,False,0.005173129467609114,True,1.4223440801178275,8.186784583585904e-13,0.7957333333333333,0.4814,True,
MCAR,37,selection_misspecified,True,3.302272444338818e-08,False,0.005195327011152904,True,2.6546740872894268,2.7973179328455444e-12,0.7957333333333333,0.4814,True,
MCAR,37,candidate_saturated,True,5.464185597929827e-08,False,0.0022186610939137815,True,2.6545845732305215,4.158007271826136e-12,0.7957333333333333,0.4814,True,
MCAR,38,oracle,True,3.192691221691746e-08,False,0.007509840696615972,True,1.7931403843491616,1.48991929904696e-13,0.8029333333333333,0.4976,True,
MCAR,38,MAR_ignorability,True,1.0071461134797726e-08,False,0.005378804346723636,True,1.4465354290077337,3.226308109560705e-13,0.8029333333333333,0.4976,True,
MCAR,38,selection_misspecified,True,3.3434081074518176e-08,False,0.005367135944086823,True,2.66062008041051,3.668176873361517e-13,0.8029333333333333,0.4976,True,
MCAR,38,candidate_saturated,True,8.778631288919313e-08,False,0.0024076580920207548,True,2.6603080430691683,8.173905996500253e-12,0.8029333333333333,0.4976,True,
MCAR,39,oracle,True,8.718009587173336e-09,False,0.006327021869036962,True,1.8129649630698859,3.26405569239796e-13,0.7999999999999999,0.4922,True,
MCAR,39,MAR_ignorability,True,1.4736115634281466e-08,False,0.004115111799103176,True,1.4607644010018142,3.3595348725157237e-13,0.7999999999999999,0.4922,True,
MCAR,39,selection_misspecified,True,6.410972653186661e-08,False,0.004086002483227969,True,2.682459561013479,2.5552893134772603e-12,0.7999999999999999,0.4922,True,
MCAR,39,candidate_saturated,True,5.675436903516129e-08,False,0.0017358811921250237,True,2.6818312070532624,1.0809131367750524e-11,0.7999999999999999,0.4922,True,
MCAR,40,oracle,True,2.8770027546804605e-08,False,0.0061006186794217345,True,1.7973545508150033,2.4003021792395884e-13,0.7978666666666667,0.485,True,
MCAR,40,MAR_ignorability,True,2.85413239740787e-08,False,0.004471334166230663,True,1.448909543122807,2.9598545836506673e-13,0.7978666666666667,0.485,True,
MCAR,40,selection_misspecified,True,3.6941642750487615e-08,False,0.004440701067216947,True,2.6759126362779933,1.3060663661690342e-12,0.7978666666666667,0.485,True,
MCAR,40,candidate_saturated,True,6.783386497080101e-08,False,0.002040352511529797,True,2.6752141968582133,1.2940759575030825e-12,0.7978666666666667,0.485,True,
MCAR,41,oracle,True,4.7284227022625916e-08,False,0.007301379473673506,True,1.812570669717253,1.1226575225009583e-12,0.8001999999999999,0.4864,True,
MCAR,41,MAR_ignorability,True,8.386819546502001e-09,False,0.004949226743481293,True,1.4616773466182982,6.272760089132134e-13,0.8001999999999999,0.4864,True,
MCAR,41,selection_misspecified,True,3.3235337053838524e-08,False,0.004938586205912109,True,2.681430529017127,9.352518759442319e-13,0.8001999999999999,0.4864,True,
MCAR,41,candidate_saturated,True,1.5211636240763937e-07,False,0.0020307226218314422,True,2.6810078109243185,6.361577931102147e-12,0.8001999999999999,0.4864,True,
MCAR,42,oracle,True,2.4790894195320103e-08,False,0.008363082550302738,True,1.7950431088689978,4.030109579389318e-12,0.8021333333333334,0.4956,True,
MCAR,42,MAR_ignorability,True,2.1376035052664214e-08,False,0.0057619814292541455,True,1.4475291202240985,1.9229062786507711e-13,0.8021333333333334,0.4956,True,
MCAR,42,selection_misspecified,True,3.891226210393506e-08,False,0.005779355944478661,True,2.6628023290814697,5.39168709678961e-12,0.8021333333333334,0.4956,True,
MCAR,42,candidate_saturated,True,1.2191859210588518e-07,False,0.0014457683357201902,True,2.662490141811301,1.1332712546163748e-11,0.8021333333333334,0.4956,True,
MCAR,43,oracle,True,1.1342967688587891e-08,False,0.007135820736733282,True,1.7926942123571763,3.681499549657019e-13,0.8000666666666666,0.4962,True,
MCAR,43,MAR_ignorability,True,1.3329044177115895e-08,False,0.004734095959624321,True,1.4508360305424044,6.559197629485425e-13,0.8000666666666666,0.4962,True,
MCAR,43,selection_misspecified,True,6.682356768350868e-08,False,0.004727712400721564,True,2.671656411989823,1.2865264409356314e-12,0.8000666666666666,0.4962,True,
MCAR,43,candidate_saturated,True,1.1285491919608148e-07,False,0.0020654628004036454,True,2.671080194999291,8.258282946371764e-12,0.8000666666666666,0.4962,True,
MCAR,44,oracle,True,7.147257942952123e-09,False,0.0070333244028252025,True,1.7930664172052901,4.092282068768327e-13,0.7968666666666667,0.4832,True,
MCAR,44,MAR_ignorability,True,1.5472423471640796e-08,False,0.004570664072274284,True,1.4383783794491947,4.54081217071689e-13,0.7968666666666667,0.4832,True,
MCAR,44,selection_misspecified,True,5.3928514646450764e-08,False,0.004607307730155581,True,2.667810633314003,7.51843032276156e-13,0.7968666666666667,0.4832,True,
MCAR,44,candidate_saturated,True,8.463014356721032e-08,False,0.0021334184985110586,True,2.666945277857184,3.149036587046794e-12,0.7968666666666667,0.4832,True,
MCAR,45,oracle,True,3.681039658402808e-08,False,0.007262311656053774,True,1.804731579595449,3.355093980417223e-13,0.8036666666666666,0.4994,True,
MCAR,45,MAR_ignorability,True,9.642865399658862e-09,False,0.0050840901168207105,True,1.4639318020645982,1.5876189252139739e-13,0.8036666666666666,0.4994,True,
MCAR,45,selection_misspecified,True,4.948282829763118e-08,False,0.005072116573960997,True,2.676013845317367,1.5831780331154732e-12,0.8036666666666666,0.4994,True,
MCAR,45,candidate_saturated,True,6.308303482853716e-08,False,0.0018803107921372534,True,2.675654052212893,7.267075829986425e-12,0.8036666666666666,0.4994,True,
MCAR,46,oracle,True,1.537068121997276e-08,False,0.0075305646369824035,True,1.7942364507961306,3.7969627442180354e-13,0.7967333333333334,0.4834,True,
MCAR,46,MAR_ignorability,True,1.2781841520426713e-08,False,0.004719065512240296,True,1.4450941561904267,4.938272013532696e-13,0.7967333333333334,0.4834,True,
MCAR,46,selection_misspecified,True,8.28761727306386e-08,False,0.004699205693634912,True,2.6746940838350115,1.0809131367750524e-12,0.7967333333333334,0.4834,True,
MCAR,46,candidate_saturated,True,9.512028867781908e-08,False,0.0017155013037880222,True,2.6744322019761153,4.318323476582009e-12,0.7967333333333334,0.4834,True,
MCAR,47,oracle,True,2.089200961031823e-08,False,0.007606906093117505,True,1.7851260285547659,2.0938806244430452e-13,0.8012,0.491,True,
MCAR,47,MAR_ignorability,True,1.5765665024214392e-08,False,0.004985393140789716,True,1.4468401001549467,1.2585488207150775e-12,0.8012,0.491,True,
MCAR,47,selection_misspecified,True,3.671900626940339e-08,False,0.004960159441224913,True,2.6649376797663,2.722266856380884e-13,0.8012,0.491,True,
MCAR,47,candidate_saturated,True,1.658772622193716e-07,False,0.0020526873063365456,True,2.6645497192370713,1.5218937221561646e-12,0.8012,0.491,True,
MCAR,48,oracle,True,1.5432366541178432e-08,False,0.0070798944789179944,True,1.7888602738820747,1.9317880628477724e-13,0.8051333333333334,0.4988,True,
MCAR,48,MAR_ignorability,True,8.896024536009239e-09,False,0.00467269262280417,True,1.4567669054134822,2.3736568266485847e-13,0.8051333333333334,0.4988,True,
MCAR,48,selection_misspecified,True,4.8712150031876564e-08,False,0.004695697845107074,True,2.6645328146130374,7.402967128200544e-13,0.8051333333333334,0.4988,True,
MCAR,48,candidate_saturated,True,7.831493463967831e-08,False,0.0021070637769449365,True,2.6644508654503967,4.60786964140425e-12,0.8051333333333334,0.4988,True,
MCAR,49,oracle,True,1.1528770472812866e-08,False,0.0067243310819071886,True,1.8114152983614709,7.638334409421077e-14,0.798,0.4918,True,
MCAR,49,MAR_ignorability,True,1.0696717630143127e-08,False,0.004352229310957986,True,1.459638735835536,3.681499549657019e-13,0.798,0.4918,True,
MCAR,49,selection_misspecified,True,1.896690950672797e-07,False,0.004305559099118241,True,2.6863698750461897,5.346834086594754e-13,0.798,0.4918,True,
MCAR,49,candidate_saturated,True,1.0744696839992684e-07,False,0.002328120888346151,True,2.6853779427989766,2.440270208126094e-12,0.798,0.4918,True,
MCAR,50,oracle,True,8.740583784570995e-09,False,0.0071706144251764085,True,1.809293181303583,3.0042635046356736e-13,0.802,0.4966,True,
MCAR,50,MAR_ignorability,True,2.2913132941881907e-08,False,0.004737964302015016,True,1.4739247324880018,1.729727472365994e-13,0.802,0.4966,True,
MCAR,50,selection_misspecified,True,1.1685655483195667e-07,False,0.0047690223339800246,True,2.690094834986561,1.538769112130467e-12,0.802,0.4966,True,
MCAR,50,candidate_saturated,True,6.951117648554828e-08,False,0.0013316551493746558,True,2.6899585814554685,3.816502669451438e-12,0.802,0.4966,True,
MCAR,51,oracle,True,7.3043268589204766e-09,False,0.0062153057170996765,True,1.8048502682088416,3.523847880160247e-13,0.7996666666666666,0.4888,True,
MCAR,51,MAR_ignorability,True,1.1114235831459485e-08,False,0.0036124146462581694,True,1.4480161097754527,3.2862601528904634e-13,0.7996666666666666,0.4888,True,
MCAR,51,selection_misspecified,True,6.798306956259381e-08,False,0.003605020423843522,True,2.6705273444133892,1.7323920076250943e-12,0.7996666666666666,0.4888,True,
MCAR,51,candidate_saturated,True,4.2582755907005775e-08,False,0.0021609592606838,True,2.6703749988571306,4.04432043410452e-12,0.7996666666666666,0.4888,True,
MCAR,52,oracle,True,3.1774936876316495e-08,False,0.007545084080815505,True,1.7944816689846295,3.339550858072471e-13,0.7995333333333333,0.4866,True,
MCAR,52,MAR_ignorability,True,2.451757588039411e-08,False,0.005553950495049253,True,1.4430449954637086,4.747313653297169e-13,0.7995333333333333,0.4866,True,
MCAR,52,selection_misspecified,True,9.128944144376483e-08,False,0.005585904080593179,True,2.6649171141820758,5.218048215738236e-13,0.7995333333333333,0.4866,True,
MCAR,52,candidate_saturated,True,7.65942354632898e-08,False,0.0015007618816496476,True,2.66345075286048,4.126476937926782e-12,0.7995333333333333,0.4866,True,
MCAR,53,oracle,True,2.1466627881174503e-08,False,0.007025651632314304,True,1.8054048997024263,1.7141843500212417e-13,0.8002666666666666,0.494,True,
MCAR,53,MAR_ignorability,True,2.719714905978776e-08,False,0.004451072597791563,True,1.459124128527582,2.042810365310288e-13,0.8002666666666666,0.494,True,
MCAR,53,selection_misspecified,True,6.38562827173672e-08,False,0.004450983281307349,True,2.679314568349189,1.1977085989656189e-12,0.8002666666666666,0.494,True,
MCAR,53,candidate_saturated,True,6.798006347352725e-08,False,0.002225159910561021,True,2.679181612025881,2.9549696023423166e-12,0.8002666666666666,0.494,True,
MCAR,54,oracle,True,1.3813939482432147e-08,False,0.0073175334680233356,True,1.7929561272019972,1.8629542353210127e-13,0.7972,0.4848,True,
MCAR,54,MAR_ignorability,True,2.3820953160842696e-08,False,0.004559796197184247,True,1.4347198450812568,2.0294876890147862e-13,0.7972,0.4848,True,
MCAR,54,selection_misspecified,True,5.2044173847555585e-08,False,0.004544433587670175,True,2.6632450260398755,2.6556534749033744e-12,0.7972,0.4848,True,
MCAR,54,candidate_saturated,True,3.915468534110289e-08,False,0.001601646529948441,True,2.662927512655155,6.144418307485466e-12,0.7972,0.4848,True,
MCAR,55,oracle,True,3.5101442692617345e-08,False,0.007492285125733348,True,1.806843653583002,2.6356694604601216e-13,0.7963333333333332,0.4864,True,
MCAR,55,MAR_ignorability,True,1.0239981510444155e-08,False,0.004816415152305395,True,1.4562616193809717,2.0317081350640365e-13,0.7963333333333332,0.4864,True,
MCAR,55,selection_misspecified,True,7.530917051079555e-08,False,0.004795461193158442,True,2.686772129031964,1.6506795930126827e-12,0.7963333333333332,0.4864,True,
MCAR,55,candidate_saturated,True,9.099914334811387e-08,False,0.0012332510837541558,True,2.6858370744587137,6.066702695761705e-12,0.7963333333333332,0.4864,True,
MCAR,56,oracle,True,1.576144496513443e-08,False,0.007261992193458627,True,1.7803960332388211,2.0738966099997924e-13,0.7975333333333333,0.4844,True,
MCAR,56,MAR_ignorability,True,1.914794557486877e-08,False,0.005115183313446771,True,1.4336161106007996,3.4150460237469815e-13,0.7975333333333333,0.4844,True,
MCAR,56,selection_misspecified,True,8.232927306501826e-08,False,0.0051482957321493114,True,2.660757149007235,1.6924239787385886e-12,0.7975333333333333,0.4844,True,
MCAR,56,candidate_saturated,True,4.4169014694261934e-08,False,0.0020085820245974804,True,2.6604545133177635,6.977085575954334e-12,0.7975333333333333,0.4844,True,
MCAR,57,oracle,True,3.6506855203372916e-08,False,0.007937019348675028,True,1.7976519741332326,3.9057646006313007e-13,0.8028,0.4988,True,
MCAR,57,MAR_ignorability,True,1.7787484461474926e-08,False,0.005185409495445764,True,1.4599312337936396,1.0418332863082469e-12,0.8028,0.4988,True,
MCAR,57,selection_misspecified,True,6.615941465448749e-08,False,0.005159956466788547,True,2.6741901338677923,1.1857181902996672e-12,0.8028,0.4988,True,
MCAR,57,candidate_saturated,True,6.77637557018329e-08,False,0.002171210964707052,True,2.6739100682218853,5.4503068724898185e-12,0.8028,0.4988,True,
MCAR,58,oracle,True,2.3106428221109086e-08,False,0.00649810821799184,True,1.801286083223977,1.4632739464559563e-13,0.8003999999999999,0.492,True,
MCAR,58,MAR_ignorability,True,2.51934908239074e-08,False,0.003914200871020969,True,1.4484518340121337,1.0547118733938987e-13,0.8003999999999999,0.492,True,
MCAR,58,selection_misspecified,True,1.534536645261042e-07,False,0.0038651912617239815,True,2.668932996891413,1.872724197937714e-12,0.8003999999999999,0.492,True,
MCAR,58,candidate_saturated,True,2.7984369615552395e-08,False,0.0020604161364418385,True,2.6685421307597217,3.1468161409975437e-12,0.8003999999999999,0.492,True,
MCAR,59,oracle,True,1.8982274885710055e-08,False,0.00719085924811186,True,1.7641165382778745,1.1679546219056647e-13,0.7978666666666667,0.4832,True,
MCAR,59,MAR_ignorability,True,1.0862825356161398e-08,False,0.005292197802616193,True,1.419082468906051,5.571099137569036e-13,0.7978666666666667,0.4832,True,
MCAR,59,selection_misspecified,True,8.546860346157006e-08,False,0.00530275011256926,True,2.645794374679465,1.0520473381347983e-12,0.7978666666666667,0.4832,True,
MCAR,59,candidate_saturated,True,5.738402890216321e-08,False,0.0022058374729395426,True,2.6455514308041153,2.531752585355207e-12,0.7978666666666667,0.4832,True,
MCAR,60,oracle,True,1.4471329960397129e-08,False,0.007082925261930701,True,1.8014432541965972,1.2523315717771766e-13,0.7962666666666666,0.482,True,
MCAR,60,MAR_ignorability,True,6.702400143865361e-09,False,0.004889408397847497,True,1.4485591360260046,3.268496584496461e-13,0.7962666666666666,0.482,True,
MCAR,60,selection_misspecified,True,7.898001263955123e-08,False,0.004891165171499358,True,2.6794348241784327,2.8173019472887972e-12,0.7962666666666666,0.482,True,
MCAR,60,candidate_saturated,True,8.285444105951001e-08,False,0.0018788841746445947,True,2.6793908107367437,1.4588330543574557e-12,0.7962666666666666,0.482,True,
MCAR,61,oracle,True,1.198794209334329e-08,False,0.007676562497479574,True,1.7901543948171224,4.0678571622265736e-13,0.8012,0.4934,True,
MCAR,61,MAR_ignorability,True,1.0478740077054742e-08,False,0.005312941906142914,True,1.4409871177543734,1.5010215292932116e-13,0.8012,0.4934,True,
MCAR,61,selection_misspecified,True,4.9594347550422214e-08,False,0.0053153783411842275,True,2.6596029643250816,9.49906819869284e-13,0.8012,0.4934,True,
MCAR,61,candidate_saturated,True,8.056173361907781e-08,False,0.0015874390324185788,True,2.658566649313992,3.9679370900103095e-12,0.8012,0.4934,True,
MCAR,62,oracle,True,1.8675952108182515e-08,False,0.007041100730859906,True,1.7886741489003377,1.5787371410169726e-13,0.8001333333333333,0.4888,True,
MCAR,62,MAR_ignorability,True,1.540919290454745e-08,False,0.005135814232593529,True,1.4395006072316117,2.1294077612310502e-13,0.8001333333333333,0.4888,True,
MCAR,62,selection_misspecified,True,4.048737493244081e-08,False,0.0051871721887114305,True,2.6602627972681745,5.087485988042317e-12,0.8001333333333333,0.4888,True,
MCAR,62,candidate_saturated,True,7.438263521564181e-08,False,0.002008273759645258,True,2.6602565595699073,1.0760725643876867e-11,0.8001333333333333,0.4888,True,
MCAR,63,oracle,True,3.350945137841066e-08,False,0.006427020011950002,True,1.8025502562797235,4.864997293907436e-13,0.7974666666666667,0.4842,True,
MCAR,63,MAR_ignorability,True,1.423475476876028e-08,False,0.004610516464700949,True,1.4535885612302972,1.0946799022804043e-13,0.7974666666666667,0.4842,True,
MCAR,63,selection_misspecified,True,5.030896704105725e-08,False,0.004587872405704874,True,2.681474033171734,2.353228722995482e-12,0.7974666666666667,0.4842,True,
MCAR,63,candidate_saturated,True,4.0573474931182575e-08,False,0.0017212224458657002,True,2.681054808323212,2.6965096822095802e-12,0.7974666666666667,0.4842,True,
MCAR,64,oracle,True,1.0000189852941294e-08,False,0.006644878342224226,True,1.7887855761994411,4.205524817280093e-13,0.7929333333333334,0.471,True,
MCAR,64,MAR_ignorability,True,1.2829843932193886e-08,False,0.005034605660442688,True,1.4247809933181812,2.2182256032010628e-13,0.7929333333333334,0.471,True,
MCAR,64,selection_misspecified,True,9.863831753583185e-08,False,0.004996004169274336,True,2.6635774950247413,3.787636870811184e-12,0.7929333333333334,0.471,True,
MCAR,64,candidate_saturated,True,6.87871450622879e-08,False,0.0016804453319474396,True,2.6633609477448563,2.6219026949547697e-12,0.7929333333333334,0.471,True,
MCAR,65,oracle,True,2.5303357820183336e-08,False,0.007612691774775127,True,1.791400741081264,2.702282841937631e-13,0.7987333333333333,0.4884,True,
MCAR,65,MAR_ignorability,True,1.5985435642007494e-08,False,0.005333122196534431,True,1.4452312366048972,2.304822999121825e-13,0.7987333333333333,0.4884,True,
MCAR,65,selection_misspecified,True,4.41015421245472e-08,False,0.0053371901314596916,True,2.669708000061235,3.1459279625778436e-12,0.7987333333333333,0.4884,True,
MCAR,65,candidate_saturated,True,2.4922065140486893e-08,False,0.0011377861235935339,True,2.6695656935940235,9.22151244253655e-12,0.7987333333333333,0.4884,True,
MCAR,66,oracle,True,1.1730308792134992e-08,False,0.007692599628609326,True,1.7908343746013597,2.347011474057581e-13,0.8034,0.4952,True,
MCAR,66,MAR_ignorability,True,1.620548638578967e-08,False,0.0054218019247115135,True,1.447858282765177,1.1146639167236572e-13,0.8034,0.4952,True,
MCAR,66,selection_misspecified,True,5.7528429830711044e-08,False,0.0054189865074602325,True,2.6607941306054688,3.006483950684924e-12,0.8034,0.4952,True,
MCAR,66,candidate_saturated,True,4.0527693757919094e-08,False,0.0021732457458031006,True,2.660208201872523,5.082601006733967e-12,0.8034,0.4952,True,
MCAR,67,oracle,True,3.041029483438207e-08,False,0.006732334158099728,True,1.8100528008806482,1.7186252421197423e-13,0.8014,0.4888,True,
MCAR,67,MAR_ignorability,True,1.5876932182291207e-08,False,0.004838212794694767,True,1.453640407380363,3.248512570053208e-13,0.8014,0.4888,True,
MCAR,67,selection_misspecified,True,8.878045575875237e-08,False,0.004831708915288487,True,2.6715852919216907,1.007194327939942e-12,0.8014,0.4888,True,
MCAR,67,candidate_saturated,True,3.38189345053197e-08,False,0.0020683641531865716,True,2.671091189267746,2.943867372096065e-12,0.8014,0.4888,True,
MCAR,68,oracle,True,1.5330927455264877e-08,False,0.0067498702628281705,True,1.7884330758423308,3.3728575488112256e-13,0.7953333333333333,0.4766,True,
MCAR,68,MAR_ignorability,True,3.7915646601116313e-08,False,0.004346309602584024,True,1.4355258644307967,9.392486788328824e-14,0.7953333333333333,0.4766,True,
MCAR,68,selection_misspecified,True,3.368290449571321e-08,False,0.004133033497194819,True,2.668682466003082,2.148947686464453e-12,0.7953333333333333,0.4766,True,
MCAR,68,candidate_saturated,True,5.160361994853702e-08,False,0.0022405434531278345,True,2.667788392319176,3.849365270980343e-12,0.7953333333333333,0.4766,True,
MCAR,69,oracle,True,1.045454517668576e-08,False,0.005791632329595798,True,1.7828049368989778,3.2529534621517087e-13,0.7971333333333334,0.4794,True,
MCAR,69,MAR_ignorability,True,1.3070076147772708e-08,False,0.004173947169856445,True,1.4344075145296167,5.517808432387028e-13,0.7971333333333334,0.4794,True,
MCAR,69,selection_misspecified,True,9.821670176284324e-08,False,0.004176211110405761,True,2.663196181523885,3.693934047532821e-12,0.7971333333333334,0.4794,True,
MCAR,69,candidate_saturated,True,8.605138900747989e-08,False,0.0024601278349328025,True,2.6628507203363823,3.988365193663412e-12,0.7971333333333334,0.4794,True,
MCAR,70,oracle,True,2.309068482962131e-08,False,0.007358892882353812,True,1.7775300396128357,5.062616992290714e-14,0.8040666666666666,0.5002,True,
MCAR,70,MAR_ignorability,True,1.764981394409642e-08,False,0.004877021260593359,True,1.4373662750200802,1.0034195696562165e-12,0.8040666666666666,0.5002,True,
MCAR,70,selection_misspecified,True,5.800960568789204e-08,False,0.004911063720802313,True,2.648298971871138,1.2807532812075806e-12,0.8040666666666666,0.5002,True,
MCAR,70,candidate_saturated,True,1.3965821980974623e-07,False,0.0018902412671334646,True,2.648093088674474,6.483258374601064e-12,0.8040666666666666,0.5002,True,
MCAR,71,oracle,True,6.481437775995857e-09,False,0.007909041507925853,True,1.7793877918804826,1.8074430840897548e-13,0.8025333333333333,0.4954,True,
MCAR,71,MAR_ignorability,True,3.527074794780205e-08,False,0.005146127491980946,True,1.4490911932784274,3.93440835466663e-12,0.8025333333333333,0.4954,True,
MCAR,71,selection_misspecified,True,7.082581597119831e-08,False,0.0051587522493025855,True,2.664184772659258,4.4630965589931293e-13,0.8025333333333333,0.4954,True,
MCAR,71,candidate_saturated,True,1.1659019298804196e-07,False,0.0022418187886547604,True,2.664000857682226,6.106670724648211e-12,0.8025333333333333,0.4954,True,
MCAR,72,oracle,True,4.296247433908107e-08,False,0.00702712295502617,True,1.8051441996529314,3.723688024592775e-13,0.8000666666666666,0.4912,True,
MCAR,72,MAR_ignorability,True,2.5607260774432316e-08,False,0.005108719874341411,True,1.455401961350342,5.231370892033738e-13,0.8000666666666666,0.4912,True,
MCAR,72,selection_misspecified,True,8.126468877128515e-08,False,0.005117116417980191,True,2.676933325976644,1.6862067298006878e-12,0.8000666666666666,0.4912,True,
MCAR,72,candidate_saturated,True,9.986913765942518e-08,False,0.001906559325427396,True,2.6765224672894252,1.0538681038951836e-11,0.8000666666666666,0.4912,True,
MCAR,73,oracle,True,6.000058629754279e-09,False,0.007213126305017453,True,1.806244900896115,1.2811973704174306e-12,0.8000666666666666,0.4878,True,
MCAR,73,MAR_ignorability,True,8.373781333792518e-09,False,0.00467096894305807,True,1.455773946170462,2.1893598045608087e-13,0.8000666666666666,0.4878,True,
MCAR,73,selection_misspecified,True,3.959611525114364e-08,False,0.004638841263155999,True,2.6772170890649525,5.586642259913788e-13,0.8000666666666666,0.4878,True,
MCAR,73,candidate_saturated,True,4.0816847317159955e-08,False,0.0017754484072320205,True,2.676393353590685,2.035260848742837e-12,0.8000666666666666,0.4878,True,
MCAR,74,oracle,True,1.945855729851287e-08,False,0.007926767709945083,True,1.778830481986318,1.0258460747536446e-13,0.8006666666666667,0.4938,True,
MCAR,74,MAR_ignorability,True,9.620314582647894e-09,False,0.0055064940562590085,True,1.4328124684000278,1.851852005074761e-13,0.8006666666666667,0.4938,True,
MCAR,74,selection_misspecified,True,6.331681511753118e-08,False,0.0055456545155894155,True,2.6522254990073897,1.9682033780554775e-12,0.8006666666666667,0.4938,True,
MCAR,74,candidate_saturated,True,2.283261789163049e-07,False,0.00205179076098163,True,2.652030070618578,1.624922418841379e-11,0.8006666666666667,0.4938,True,
MCAR,75,oracle,True,1.6501798584778182e-08,False,0.006332873154142896,True,1.8073701341741333,1.687538997430238e-13,0.8006000000000001,0.4894,True,
MCAR,75,MAR_ignorability,True,2.5783199419392724e-08,False,0.004308333340350229,True,1.4531654328596968,4.2077452633293433e-13,0.8006000000000001,0.4894,True,
MCAR,75,selection_misspecified,True,7.283458234315088e-08,False,0.00433372051246097,True,2.6732407129157947,4.2947867484599556e-12,0.8006000000000001,0.4894,True,
MCAR,75,candidate_saturated,True,7.66315203733825e-08,False,0.002287862075861055,True,2.672762333938091,3.071320975323033e-12,0.8006000000000001,0.4894,True,
MCAR,76,oracle,True,2.4793213469154196e-08,False,0.007077739306160853,True,1.794009128550387,1.2723155862204294e-13,0.7975333333333333,0.4848,True,
MCAR,76,MAR_ignorability,True,4.2673961060080146e-08,False,0.0044434087903471855,True,1.440115514149829,3.042011087472929e-13,0.7975333333333333,0.4848,True,
MCAR,76,selection_misspecified,True,3.994531979283622e-08,False,0.004422125636549152,True,2.6679338653722566,1.006750238730092e-12,0.7975333333333333,0.4848,True,
MCAR,76,candidate_saturated,True,1.4933765358478013e-07,False,0.0027860923999854775,True,2.666870058299342,5.770939282001564e-12,0.7975333333333333,0.4848,True,
MCAR,77,oracle,True,6.805066245157976e-09,False,0.00811314793275139,True,1.7832019606322163,2.0272672429655358e-13,0.8043333333333332,0.499,True,
MCAR,77,MAR_ignorability,True,3.185744847833125e-08,False,0.005083459960458445,True,1.4466232528192358,2.4513724383723456e-13,0.8043333333333332,0.499,True,
MCAR,77,selection_misspecified,True,5.6847724901333555e-08,False,0.005042939149751208,True,2.656659467311245,9.79216707719388e-13,0.8043333333333332,0.499,True,
MCAR,77,candidate_saturated,True,1.0829324928032236e-07,False,0.0016788314912485269,True,2.6564048342818607,5.5142557187082275e-12,0.8043333333333332,0.499,True,
MCAR,78,oracle,True,1.1810815138379744e-08,False,0.007738275060905017,True,1.7848476851544122,7.527312106958561e-14,0.8029333333333333,0.4968,True,
MCAR,78,MAR_ignorability,True,3.9567063480662196e-08,False,0.005308190545865262,True,1.4432766117877276,3.703704010149522e-13,0.8029333333333333,0.4968,True,
MCAR,78,selection_misspecified,True,4.477991375069903e-08,False,0.005246226719833813,True,2.65742084172341,3.425260075573533e-12,0.8029333333333333,0.4968,True,
MCAR,78,candidate_saturated,True,4.27458369699707e-08,False,0.0016000629777340575,True,2.657100482386883,5.722533558127907e-12,0.8029333333333333,0.4968,True,
MCAR,79,oracle,True,1.6270666273915553e-08,False,0.006705744263057406,True,1.7942338753043732,3.467004461299439e-12,0.8037333333333333,0.4982,True,
MCAR,79,MAR_ignorability,True,1.756873939666915e-08,False,0.004220410083271485,True,1.4641026366209007,1.838085239569409e-12,0.8037333333333333,0.4982,True,
MCAR,79,selection_misspecified,True,5.1613068261202596e-08,False,0.0042857313843388005,True,2.67557571225163,2.213784711102562e-12,0.8037333333333333,0.4982,True,
MCAR,79,candidate_saturated,True,3.155712914173492e-08,False,0.001817254260403451,True,2.6754472276391854,7.0321526379757415e-12,0.8037333333333333,0.4982,True,
MCAR,80,oracle,True,3.625085991673712e-08,False,0.006982836858585725,True,1.7889772631951157,1.694200335577989e-13,0.8072,0.5056,True,
MCAR,80,MAR_ignorability,True,1.3358117855710727e-08,False,0.00541828957597596,True,1.4489995828533804,2.2959412149248237e-13,0.8072,0.5056,True,
MCAR,80,selection_misspecified,True,5.2274795221009253e-08,False,0.005385417659491715,True,2.6508520757796625,8.117950756059145e-13,0.8072,0.5056,True,
MCAR,80,candidate_saturated,True,7.89084265381157e-08,False,0.0022516844584650995,True,2.6504465748738184,1.497024726404561e-12,0.8072,0.5056,True,
MCAR,81,oracle,True,2.8333164531257892e-08,False,0.007564216007798906,True,1.7977749311465137,3.339550858072471e-13,0.8053333333333333,0.4986,True,
MCAR,81,MAR_ignorability,True,1.0766102114545539e-08,False,0.004812963484986428,True,1.4555089449355774,1.8252066524837574e-13,0.8053333333333333,0.4986,True,
MCAR,81,selection_misspecified,True,1.0042879210891975e-07,False,0.004785615000065078,True,2.66315122958928,7.461142814690902e-12,0.8053333333333333,0.4986,True,
MCAR,81,candidate_saturated,True,7.722481542415949e-08,False,0.0019102015557485987,True,2.66279975766309,2.6143531783873186e-12,0.8053333333333333,0.4986,True,
MCAR,82,oracle,True,3.227107611079028e-08,False,0.00764402398457629,True,1.796471543499002,2.5868196473766147e-13,0.801,0.497,True,
MCAR,82,MAR_ignorability,True,1.3935080583915572e-08,False,0.005204464302382476,True,1.4493577499652306,2.395861287141088e-13,0.801,0.497,True,
MCAR,82,selection_misspecified,True,1.9864341450093192e-08,False,0.005186146916651763,True,2.6683355038088576,1.978861519091879e-12,0.801,0.497,True,
MCAR,82,candidate_saturated,True,4.8568880141441894e-08,False,0.001829143233716451,True,2.66825926830901,9.417355784080428e-12,0.801,0.497,True,
MCAR,83,oracle,True,3.5915989760956085e-08,False,0.006992426486395464,True,1.8071216863861999,1.5143442055887135e-13,0.8003999999999999,0.4928,True,
MCAR,83,MAR_ignorability,True,1.4413689566436516e-08,False,0.004780408132946323,True,1.4613530338223295,5.149214388211476e-13,0.8003999999999999,0.4928,True,
MCAR,83,selection_misspecified,True,5.754601183909358e-08,False,0.004766485004488469,True,2.6819175638053943,5.202949182603334e-12,0.8003999999999999,0.4928,True,
MCAR,83,candidate_saturated,True,6.146409028247036e-08,False,0.0019694450969127797,True,2.68098314806808,9.228617869894151e-12,0.8003999999999999,0.4928,True,
MCAR,84,oracle,True,1.7007481110037358e-08,False,0.0070602167050907196,True,1.8001347801288863,2.702282841937631e-13,0.8041333333333333,0.5016,True,
MCAR,84,MAR_ignorability,True,1.6328856810862355e-08,False,0.005037055432622174,True,1.4522031941730977,4.014566457044566e-13,0.8041333333333333,0.5016,True,
MCAR,84,selection_misspecified,True,3.5301302063717177e-08,False,0.005019592077710467,True,2.66302075443395,7.061018436615996e-13,0.8041333333333333,0.5016,True,
MCAR,84,candidate_saturated,True,5.7879134348937103e-08,False,0.001824014689288741,True,2.6625573276981847,2.0082602247839532e-11,0.8041333333333333,0.5016,True,
MCAR,85,oracle,True,2.695112885571227e-08,False,0.007494914626981476,True,1.7796646207521343,6.73683331342545e-13,0.7974666666666667,0.4834,True,
MCAR,85,MAR_ignorability,True,9.380586245955058e-09,False,0.005365066411959167,True,1.4253956231496525,6.075140390748857e-13,0.7974666666666667,0.4834,True,
MCAR,85,selection_misspecified,True,7.1707149268712e-08,False,0.005387279727871667,True,2.653176982433896,1.6391332735565811e-12,0.7974666666666667,0.4834,True,
MCAR,85,candidate_saturated,True,4.5237295793754126e-08,False,0.0019538174551100586,True,2.6531277712496504,4.260591879301501e-12,0.7974666666666667,0.4834,True,
MCAR,86,oracle,True,1.0871518018751303e-08,False,0.008322423291656389,True,1.7883772790846404,3.765876499528531e-13,0.8026666666666666,0.495,True,
MCAR,86,MAR_ignorability,True,6.966749757175705e-09,False,0.005761079279913155,True,1.4448975747445563,8.060219158778636e-14,0.8026666666666666,0.495,True,
MCAR,86,selection_misspecified,True,3.149015554830825e-08,False,0.005752300063217039,True,2.6597319032461324,5.289102489314246e-13,0.8026666666666666,0.495,True,
MCAR,86,candidate_saturated,True,7.691862454066722e-08,False,0.0015976615784298225,True,2.6591078168302715,6.747047365252001e-12,0.8026666666666666,0.495,True,
MCAR,87,oracle,True,4.275997358340611e-08,False,0.0076986121455326125,True,1.7813585031990253,2.9909408283401717e-13,0.7982666666666667,0.4856,True,
MCAR,87,MAR_ignorability,True,2.159524874818519e-08,False,0.004717621766608462,True,1.4333726882441624,4.4275694222051243e-13,0.7982666666666667,0.4856,True,
MCAR,87,selection_misspecified,True,1.2746927342962567e-07,False,0.004702370754241388,True,2.6593723547073043,3.4723335318176396e-12,0.7982666666666667,0.4856,True,
MCAR,87,candidate_saturated,True,2.977295593087348e-08,False,0.0022362033894361903,True,2.658603708560982,2.6711965972481266e-12,0.7982666666666667,0.4856,True,
MCAR,88,oracle,True,1.783894321266688e-08,False,0.007641533139582342,True,1.8081067313897747,3.0664359940146824e-13,0.8027333333333333,0.4976,True,
MCAR,88,MAR_ignorability,True,3.0189097031230185e-08,False,0.005569245017087527,True,1.4661739001286431,2.845279567509351e-12,0.8027333333333333,0.4976,True,
MCAR,88,selection_misspecified,True,4.99290996619467e-08,False,0.005533133508615946,True,2.680557018898813,1.6799894808627869e-12,0.8027333333333333,0.4976,True,
MCAR,88,candidate_saturated,True,5.702431797995899e-08,False,0.001319843143794889,True,2.6803900144201904,7.895017972714413e-12,0.8027333333333333,0.4976,True,
MCAR,89,oracle,True,9.795122208139385e-09,False,0.007227832900698446,True,1.7953619747118252,4.729550084903167e-13,0.8050666666666667,0.5024,True,
MCAR,89,MAR_ignorability,True,2.8183966178084196e-08,False,0.005405622283918842,True,1.4525435510758833,3.539391002504999e-13,0.8050666666666667,0.5024,True,
MCAR,89,selection_misspecified,True,7.671774379243711e-08,False,0.005402911162507686,True,2.660996422150095,1.4526158054195548e-12,0.8050666666666667,0.5024,True,
MCAR,89,candidate_saturated,True,7.543229834894305e-08,False,0.0019793513148995065,True,2.6605773709759486,6.3864469268537505e-12,0.8050666666666667,0.5024,True,
MCAR,90,oracle,True,1.423666723078046e-08,False,0.006496721970159197,True,1.7949187305801264,1.270095140171179e-13,0.8029333333333333,0.4992,True,
MCAR,90,MAR_ignorability,True,3.5029437053301275e-08,False,0.004336675314345609,True,1.4514269807983693,2.9309887850104133e-13,0.8029333333333333,0.4992,True,
MCAR,90,selection_misspecified,True,2.749311207167482e-08,False,0.004380447152213115,True,2.6654276728149617,1.5378809337107668e-12,0.8029333333333333,0.4992,True,
MCAR,90,candidate_saturated,True,2.5717700703253855e-08,False,0.0021330164348850105,True,2.665199853835997,3.184563723834799e-12,0.8029333333333333,0.4992,True,
MCAR,91,oracle,True,6.497385978254666e-09,False,0.0075447829741755535,True,1.7901891881747354,1.3744561044859438e-13,0.7994666666666667,0.4894,True,
MCAR,91,MAR_ignorability,True,1.5612085605316394e-08,False,0.0050295535440780656,True,1.4308827839051752,3.8258285428582894e-13,0.7994666666666667,0.4894,True,
MCAR,91,selection_misspecified,True,5.913279705952318e-08,False,0.0050433391347999,True,2.6537901112402973,1.0693668173189508e-12,0.7994666666666667,0.4894,True,
MCAR,91,candidate_saturated,True,4.158737421562364e-08,False,0.0021423487101060274,True,2.653588134589969,5.936140468065787e-12,0.7994666666666667,0.4894,True,
MCAR,92,oracle,True,1.5078202286720586e-08,False,0.006949824579211266,True,1.7915376287661688,2.284838984678572e-13,0.7970666666666667,0.4876,True,
MCAR,92,MAR_ignorability,True,1.56865055651767e-08,False,0.0044782858248386065,True,1.4352110566997214,5.6563642658602475e-12,0.7970666666666667,0.4876,True,
MCAR,92,selection_misspecified,True,6.316442489228135e-08,False,0.0044789971152052405,True,2.6639385575125902,2.518429909059705e-12,0.7970666666666667,0.4876,True,
MCAR,92,candidate_saturated,True,5.603149111337302e-08,False,0.001807772853058705,True,2.6631509573117036,5.1447734961129754e-12,0.7970666666666667,0.4876,True,
MCAR,93,oracle,True,2.341798567477675e-08,False,0.007093611935306553,True,1.8053640279878445,2.298161660974074e-13,0.8086666666666668,0.5088,True,
MCAR,93,MAR_ignorability,True,3.067640764171653e-08,False,0.004970343844821694,True,1.4697236670028164,2.6267876762631204e-13,0.8086666666666668,0.5088,True,
MCAR,93,selection_misspecified,True,4.5356628021156475e-08,False,0.005030968828042848,True,2.6680767743008365,1.6151524562246777e-12,0.8086666666666668,0.5088,True,
MCAR,93,candidate_saturated,True,5.645803488258938e-08,False,0.0017754234922360528,True,2.667703520963426,5.3930193644191604e-12,0.8086666666666668,0.5088,True,
MCAR,94,oracle,True,5.0034268702869865e-09,False,0.00766887635552885,True,1.7933797791882222,1.2945200467129325e-13,0.7950666666666667,0.4848,True,
MCAR,94,MAR_ignorability,True,2.9155070929520742e-08,False,0.004294886151867596,True,1.4379440002941621,5.360156762890256e-13,0.7950666666666667,0.4848,True,
MCAR,94,selection_misspecified,True,7.004032768683222e-08,False,0.004271826214428872,True,2.6718552282076753,9.978684545330907e-13,0.7950666666666667,0.4848,True,
MCAR,94,candidate_saturated,True,5.384207109955241e-08,False,0.002149805277324945,True,2.671501367129664,4.6633807926355075e-12,0.7950666666666667,0.4848,True,
MCAR,95,oracle,True,6.616366805358917e-09,False,0.00801302016708983,True,1.781727586677311,2.5646151868841116e-13,0.7984666666666667,0.4872,True,
MCAR,95,MAR_ignorability,True,1.506432615086859e-08,False,0.005219130687646113,True,1.4429130135694104,3.035349749325178e-13,0.7984666666666667,0.4872,True,
MCAR,95,selection_misspecified,True,7.159198283739028e-08,False,0.005205245929624414,True,2.668365238468892,7.811529201262601e-13,0.7984666666666667,0.4872,True,
MCAR,95,candidate_saturated,True,7.650852954712572e-08,False,0.0022415621888773585,True,2.668277967089481,2.4500401707427955e-12,0.7984666666666667,0.4872,True,
MCAR,96,oracle,True,2.523230814672336e-08,False,0.006032300779339682,True,1.793463534724377,4.627409566637652e-13,0.7955333333333333,0.4762,True,
MCAR,96,MAR_ignorability,True,1.1077753966509673e-08,False,0.0042214173436237665,True,1.4374869907583907,3.3431035717512714e-12,0.7955333333333333,0.4762,True,
MCAR,96,selection_misspecified,True,4.055033913170636e-08,False,0.004249015235849903,True,2.670108802793864,1.4694911953938572e-12,0.7955333333333333,0.4762,True,
MCAR,96,candidate_saturated,True,5.914545196306076e-08,False,0.0022120227992831897,True,2.6699082250883897,5.730971253115058e-12,0.7955333333333333,0.4762,True,
MCAR,97,oracle,True,1.7355804908780746e-08,False,0.00795652910768546,True,1.78926117290947,2.1760371282653068e-13,0.8001999999999999,0.4918,True,
MCAR,97,MAR_ignorability,True,2.372218178836506e-08,False,0.005190531839071851,True,1.446883845276847,5.913047829153584e-13,0.8001999999999999,0.4918,True,
MCAR,97,selection_misspecified,True,2.220144656277824e-08,False,0.005164613139086038,True,2.667713763007665,3.8613556796462944e-12,0.8001999999999999,0.4918,True,
MCAR,97,candidate_saturated,True,7.091220577688517e-08,False,0.0023852482487268832,True,2.667512837687545,3.341771304121721e-12,0.8001999999999999,0.4918,True,
MCAR,98,oracle,True,2.464133584485495e-08,False,0.007080968898215206,True,1.7823752944505162,1.3633538742396922e-13,0.8054666666666667,0.5032,True,
MCAR,98,MAR_ignorability,True,3.141453392731863e-08,False,0.005223494106163856,True,1.4452556952933753,5.151434834260726e-13,0.8054666666666667,0.5032,True,
MCAR,98,selection_misspecified,True,6.909698368169348e-08,False,0.00525059936748557,True,2.65253062750993,3.885780586188048e-13,0.8054666666666667,0.5032,True,
MCAR,98,candidate_saturated,True,9.23006117538705e-08,False,0.002450248250005169,True,2.652309067559753,1.9126922268242197e-12,0.8054666666666667,0.5032,True,
MCAR,99,oracle,True,2.1750904048939423e-08,False,0.0080053364631302,True,1.787327649895245,2.4158453015843406e-13,0.7982,0.4868,True,
MCAR,99,MAR_ignorability,True,1.8958725281180736e-08,False,0.005475879175644845,True,1.4364645666662903,1.949551631241775e-13,0.7982,0.4868,True,
MCAR,99,selection_misspecified,True,3.8979707548691954e-08,False,0.0054814144374854,True,2.662423885461309,1.2279066652354231e-12,0.7982,0.4868,True,
MCAR,99,candidate_saturated,True,2.581933629244304e-08,False,0.0020398368869539744,True,2.662117577137336,1.5942802633617248e-12,0.7982,0.4868,True,
MAR,0,oracle,True,1.770764405554237e-08,False,0.006900365019250971,True,1.800943690950685,1.7674750552032492e-13,0.8061333333333334,0.5066,True,
MAR,0,MAR_ignorability,True,4.598601562602056e-08,False,0.004735607298296113,True,1.4695442344995158,4.867217739956686e-13,0.8061333333333334,0.5066,True,
MAR,0,selection_misspecified,True,4.817148761600276e-08,False,0.005300821806874143,True,2.6667921351658,4.831690603168681e-13,0.8061333333333334,0.5066,True,
MAR,0,candidate_saturated,True,6.502376629065054e-08,False,0.0012696367461998515,True,2.6607483700919135,4.211742066217994e-12,0.8061333333333334,0.5066,True,
MAR,1,oracle,True,4.02320734940842e-08,False,0.007642334824764869,True,1.7916049372201488,2.275957200481571e-13,0.797,0.488,True,
MAR,1,MAR_ignorability,True,9.383642441958402e-09,False,0.004912759583302755,True,1.4433308331934447,2.5512925105886097e-13,0.797,0.488,True,
MAR,1,selection_misspecified,True,6.757093006060088e-08,False,0.005233819054087711,True,2.6641584272669943,1.567190821560871e-12,0.797,0.488,True,
MAR,1,candidate_saturated,True,6.564875894374822e-08,False,0.0021295546460802267,True,2.659730817581552,7.1529449030549586e-12,0.797,0.488,True,
MAR,2,oracle,True,4.549119825454362e-08,False,0.0075322474327302776,True,1.790899862492245,2.0872192862952943e-13,0.8018000000000001,0.4982,True,
MAR,2,MAR_ignorability,True,3.013751438718515e-08,False,0.004680834310167409,True,1.4530225801478358,6.215028491851626e-13,0.8018000000000001,0.4982,True,
MAR,2,selection_misspecified,True,5.02790338425374e-08,False,0.005057306314505689,True,2.6628191644857853,2.4726887204451486e-12,0.8018000000000001,0.4982,True,
MAR,2,candidate_saturated,True,9.493990246980388e-08,False,0.0019415704231152743,True,2.6536659696662235,3.793854119749085e-12,0.8018000000000001,0.4982,True,
MAR,3,oracle,True,4.5403807801785554e-08,False,0.007947994002108995,True,1.7811785315329,6.334932578511143e-13,0.8017333333333333,0.4968,True,
MAR,3,MAR_ignorability,True,1.812428512872684e-08,False,0.004969834893212498,True,1.442952603515075,3.077538224260934e-13,0.8017333333333333,0.4968,True,
MAR,3,selection_misspecified,True,9.922953849784145e-08,False,0.005470556879236785,True,2.6510632066357656,1.0302869668521453e-11,0.8017333333333333,0.4968,True,
MAR,3,candidate_saturated,True,7.955710615092926e-08,False,0.002329949102153846,True,2.6466378925871346,6.234124327875179e-12,0.8017333333333333,0.4968,True,
MAR,4,oracle,True,1.1239379585764598e-08,False,0.007754144798889379,True,1.7803431000810752,7.509548538564559e-13,0.7982,0.4906,True,
MAR,4,MAR_ignorability,True,5.094226745805397e-09,False,0.005337461532297811,True,1.4307014931040551,1.9317880628477724e-13,0.7982,0.4906,True,
MAR,4,selection_misspecified,True,9.984715550701572e-08,False,0.005825616304967181,True,2.648829284160939,4.3920422854171193e-13,0.7982,0.4906,True,
MAR,4,candidate_saturated,True,6.710876371016638e-08,False,0.002215681555447016,True,2.6454134083690564,9.974243653232406e-12,0.7982,0.4906,True,
MAR,5,oracle,True,7.21399957997193e-09,False,0.007335547937119589,True,1.7991309814120453,5.111466805374221e-13,0.7998666666666666,0.5002,True,
MAR,5,MAR_ignorability,True,4.410537753570809e-08,False,0.004442911902791423,True,1.4515763080683108,1.4306333895319767e-12,0.7998666666666666,0.5002,True,
MAR,5,selection_misspecified,True,4.882441268435345e-08,False,0.004906978391189235,True,2.6657348600075608,4.4790837705477315e-12,0.7998666666666666,0.5002,True,
MAR,5,candidate_saturated,True,3.091674111033171e-08,False,0.0015350002496445742,True,2.6599352018144224,2.8244073746463982e-12,0.7998666666666666,0.5002,True,
MAR,6,oracle,True,2.8095129131233686e-08,False,0.0074273449238200446,True,1.797618856108594,5.03375119365046e-13,0.8010666666666667,0.4968,True,
MAR,6,MAR_ignorability,True,2.297692353159797e-08,False,0.004814440640552522,True,1.446828404058578,3.106404022901188e-13,0.8010666666666667,0.4968,True,
MAR,6,selection_misspecified,True,1.394485261857481e-07,False,0.00476481772383194,True,2.6570812489386246,2.2324364579162648e-12,0.8010666666666667,0.4968,True,
MAR,6,candidate_saturated,True,8.537699962332112e-08,False,0.0017462184049738202,True,2.650351243606778,3.1401548028497928e-12,0.8010666666666667,0.4968,True,
MAR,7,oracle,True,2.025708248588609e-08,False,0.006971345703253608,True,1.8000137629187716,1.8707257964933888e-12,0.7985333333333333,0.4904,True,
MAR,7,MAR_ignorability,True,8.663687405108256e-09,False,0.0042949637073603,True,1.4524623104938992,1.7252865802674933e-13,0.7985333333333333,0.4904,True,
MAR,7,selection_misspecified,True,9.51821907784145e-08,False,0.0052303761412550885,True,2.668918079634757,1.6280310433103296e-12,0.7985333333333333,0.4904,True,
MAR,7,candidate_saturated,True,3.7614340996539045e-08,False,0.002042427279490517,True,2.6617365733761136,1.900701818158268e-12,0.7985333333333333,0.4904,True,
MAR,8,oracle,True,9.66589753670366e-09,False,0.00729546724035865,True,1.788583729201253,1.9317880628477724e-13,0.7994,0.4874,True,
MAR,8,MAR_ignorability,True,1.7084775287165002e-08,False,0.00479873699344363,True,1.438051378759573,4.68292071786891e-13,0.7994,0.4874,True,
MAR,8,selection_misspecified,True,8.151345504741058e-08,False,0.005371505780290947,True,2.653894505289357,2.943867372096065e-12,0.7994,0.4874,True,
MAR,8,candidate_saturated,True,5.019884382448936e-08,False,0.0020785249215558824,True,2.6508431167206568,8.422151864806438e-12,0.7994,0.4874,True,
MAR,9,oracle,True,1.159479705810651e-08,False,0.007304467619107814,True,1.7767487752621565,7.136513602290506e-13,0.8018666666666667,0.501,True,
MAR,9,MAR_ignorability,True,3.6305130915570418e-09,False,0.005180398836326524,True,1.4360630665248988,4.0678571622265736e-13,0.8018666666666667,0.501,True,
MAR,9,selection_misspecified,True,1.51024342851791e-07,False,0.004739129655265962,True,2.64227544334654,3.5855762803294056e-12,0.8018666666666667,0.501,True,
MAR,9,candidate_saturated,True,8.453343922383283e-08,False,0.0017832183476775953,True,2.6382603253787384,1.6373569167171809e-12,0.8018666666666667,0.501,True,
MAR,10,oracle,True,2.026339150089651e-08,False,0.007807016024844319,True,1.7942895385989586,4.718447854656915e-13,0.7963333333333332,0.4838,True,
MAR,10,MAR_ignorability,True,8.527001531428062e-09,False,0.005715668035761821,True,1.4332790483030668,1.6986412276764895e-13,0.7963333333333332,0.4838,True,
MAR,10,selection_misspecified,True,4.5314342959135165e-08,False,0.005916855518744974,True,2.657006303661409,2.3017143746528745e-12,0.7963333333333332,0.4838,True,
MAR,10,candidate_saturated,True,4.721556597360177e-08,False,0.0019581900601860058,True,2.651496869849612,3.6979308504214714e-12,0.7963333333333332,0.4838,True,
MAR,11,oracle,True,1.728119980806053e-08,False,0.0075118991229082745,True,1.792036721760712,1.9739765377835283e-13,0.7962666666666666,0.4816,True,
MAR,11,MAR_ignorability,True,4.476609281475752e-08,False,0.004875511648562435,True,1.4356116405595112,1.894040480010517e-13,0.7962666666666666,0.4816,True,
MAR,11,selection_misspecified,True,6.921405973794314e-08,False,0.005197016144059995,True,2.6609457958552345,2.6925128793209296e-12,0.7962666666666666,0.4816,True,
MAR,11,candidate_saturated,True,7.86650778479725e-08,False,0.0021687945700744355,True,2.657467845119762,2.5082158572331537e-12,0.7962666666666666,0.4816,True,
MAR,12,oracle,True,1.4913251377989945e-08,False,0.006729322964862698,True,1.8092140023902372,2.1738166822160565e-13,0.7984,0.4904,True,
MAR,12,MAR_ignorability,True,1.7101169854459586e-08,False,0.004598533555178679,True,1.4595823390238027,2.3026025530725747e-13,0.7984,0.4904,True,
MAR,12,selection_misspecified,True,3.0899506683668145e-08,False,0.005011104116266065,True,2.6750643565840417,2.219113781620763e-12,0.7984,0.4904,True,
MAR,12,candidate_saturated,True,6.522456286006672e-08,False,0.0021690821944826888,True,2.669269103615052,7.438494264988549e-12,0.7984,0.4904,True,
MAR,13,oracle,True,1.523969283805573e-08,False,0.006732936749903514,True,1.7870946619976327,3.7903014060702844e-13,0.7933333333333333,0.4824,True,
MAR,13,MAR_ignorability,True,2.1122441448173656e-08,False,0.004770228985111954,True,1.4258498806985844,2.864375403532904e-13,0.7933333333333333,0.4824,True,
MAR,13,selection_misspecified,True,3.492188639042659e-08,False,0.005267088008776151,True,2.654318055295082,1.176836406102666e-12,0.7933333333333333,0.4824,True,
MAR,13,candidate_saturated,True,8.9995836020762e-08,False,0.0021410350700366986,True,2.646935007755919,2.007283228522283e-12,0.7933333333333333,0.4824,True,
MAR,14,oracle,True,1.506915125837338e-08,False,0.007209067283446423,True,1.8077800394576042,3.9013237085328e-13,0.7976666666666666,0.4884,True,
MAR,14,MAR_ignorability,True,2.547841650750865e-08,False,0.004705323151101885,True,1.4519813160641504,2.9665159217984183e-13,0.7976666666666666,0.4884,True,
MAR,14,selection_misspecified,True,4.6920279001838596e-08,False,0.005378372349510303,True,2.669905769338614,1.930011706008372e-12,0.7976666666666666,0.4884,True,
MAR,14,candidate_saturated,True,3.502771111243419e-08,False,0.001541498014336043,True,2.6606274508038834,3.4656721936698887e-12,0.7976666666666666,0.4884,True,
MAR,15,oracle,True,2.141342973791885e-08,False,0.006645668051866727,True,1.8085057793694848,2.469136006766348e-13,0.7988666666666666,0.4892,True,
MAR,15,MAR_ignorability,True,2.014603073617577e-08,False,0.003743967686126299,True,1.4543514902518495,1.751931932858497e-13,0.7988666666666666,0.4892,True,
MAR,15,selection_misspecified,True,5.1097611258077437e-08,False,0.004518566588316282,True,2.6702308508346357,1.2967404927621828e-12,0.7988666666666666,0.4892,True,
MAR,15,candidate_saturated,True,8.941167833995678e-08,False,0.0020873394185845265,True,2.6658773557069995,3.3875124927362776e-12,0.7988666666666666,0.4892,True,
MAR,16,oracle,True,2.5556135070958773e-08,False,0.007205139758903824,True,1.79400690041442,1.13464793116691e-13,0.8043999999999999,0.5006,True,
MAR,16,MAR_ignorability,True,2.7457325443747128e-08,False,0.005233045421472725,True,1.454938016036274,1.5374368445009168e-12,0.8043999999999999,0.5006,True,
MAR,16,selection_misspecified,True,6.18454855860373e-08,False,0.005649535618314733,True,2.657028674482563,6.945555242054979e-13,0.8043999999999999,0.5006,True,
MAR,16,candidate_saturated,True,7.540996529087351e-08,False,0.0021868847925845545,True,2.6524590190705166,3.1965541325007507e-12,0.8043999999999999,0.5006,True,
MAR,17,oracle,True,3.0792272479979176e-08,False,0.005808743397350394,True,1.7989601851243915,8.992806499463768e-14,0.8046000000000001,0.5058,True,
MAR,17,MAR_ignorability,True,3.6843457416319113e-08,False,0.0047274386706666165,True,1.4558424806954062,6.283862319378386e-13,0.8046000000000001,0.5058,True,
MAR,17,selection_misspecified,True,3.054995241315028e-08,False,0.005138025435002687,True,2.6565851420826654,2.6574298317427747e-12,0.8046000000000001,0.5058,True,
MAR,17,candidate_saturated,True,4.8051544535354653e-08,False,0.001756479192370079,True,2.6531942583139374,8.447020860558041e-12,0.8046000000000001,0.5058,True,
MAR,18,oracle,True,2.2732716325631237e-08,False,0.007143612093779302,True,1.7921423513893533,6.883382752675971e-13,0.8044666666666668,0.5004,True,
MAR,18,MAR_ignorability,True,3.242816136235693e-09,False,0.004664327911542995,True,1.453227112086339,3.885780586188048e-14,0.8044666666666668,0.5004,True,
MAR,18,selection_misspecified,True,3.9921019276878414e-08,False,0.005276977549932208,True,2.653811082809248,4.779732165616224e-12,0.8044666666666668,0.5004,True,
MAR,18,candidate_saturated,True,1.1805881302695553e-07,False,0.0020106239494661776,True,2.650768085869609,4.495959160522034e-12,0.8044666666666668,0.5004,True,
MAR,19,oracle,True,4.521080048787464e-08,False,0.007153349587824104,True,1.796505752256517,1.4699352846037073e-13,0.8025333333333333,0.494,True,
MAR,19,MAR_ignorability,True,1.0112835323483616e-08,False,0.004805937915312324,True,1.454012988189582,3.568256801145253e-13,0.8025333333333333,0.494,True,
MAR,19,selection_misspecified,True,7.156265632717319e-08,False,0.004739842732756717,True,2.657500527978456,7.878142582740111e-13,0.8025333333333333,0.494,True,
MAR,19,candidate_saturated,True,8.640750492432403e-08,False,0.002213607013839818,True,2.652850733690959,1.0671463712697005e-12,0.8025333333333333,0.494,True,
MAR,20,oracle,True,7.48194144470915e-09,False,0.007647683390168936,True,1.7991857719580042,1.3655743202889425e-13,0.7939333333333334,0.4738,True,
MAR,20,MAR_ignorability,True,2.223801014382687e-08,False,0.004444054653968387,True,1.443105257873569,8.615330671091215e-14,0.7939333333333334,0.4738,True,
MAR,20,selection_misspecified,True,5.798176891813611e-08,False,0.00500400875440397,True,2.671688338153078,1.787014980436652e-12,0.7939333333333334,0.4738,True,
MAR,20,candidate_saturated,True,1.1874463296095428e-07,False,0.0022258738850571493,True,2.6673784528148463,4.954703314297149e-12,0.7939333333333334,0.4738,True,
MAR,21,oracle,True,7.3063248326673405e-09,False,0.006215974261922961,True,1.7719457467399744,5.582201367815287e-13,0.7961999999999999,0.4842,True,
MAR,21,MAR_ignorability,True,1.0128281155705188e-08,False,0.0038974708367502066,True,1.4262517837865352,1.6830981053317373e-13,0.7961999999999999,0.4842,True,
MAR,21,selection_misspecified,True,4.5453859467431416e-08,False,0.004810110296628647,True,2.6473430685286443,3.198330489340151e-12,0.7961999999999999,0.4842,True,
MAR,21,candidate_saturated,True,1.0189485114793228e-07,False,0.0022619451517743045,True,2.6395803116134076,5.012434911577657e-12,0.7961999999999999,0.4842,True,
MAR,22,oracle,True,2.1672128256868937e-08,False,0.00753333693316904,True,1.8028039791108048,2.0183854587685346e-13,0.8074,0.507,True,
MAR,22,MAR_ignorability,True,2.2912996687373404e-08,False,0.005556853819268925,True,1.4659280163521493,5.018208071305708e-13,0.8074,0.507,True,
MAR,22,selection_misspecified,True,9.277060438526163e-08,False,0.0055989597113815385,True,2.657682473556778,1.7528201112781971e-12,0.8074,0.507,True,
MAR,22,candidate_saturated,True,4.0663484125280647e-08,False,0.0021224833419425278,True,2.6541440974221207,1.7505996652289468e-12,0.8074,0.507,True,
MAR,23,oracle,True,1.0279780459274655e-08,False,0.007047539790603023,True,1.7821502098829827,8.593126210598712e-14,0.8001333333333333,0.4954,True,
MAR,23,MAR_ignorability,True,1.9187072678850113e-08,False,0.005032016523178937,True,1.4286322772314186,8.93507490218326e-13,0.8001333333333333,0.4954,True,
MAR,23,selection_misspecified,True,7.953044897717198e-08,False,0.005402068138189825,True,2.641684855254634,1.5543122344752192e-12,0.8001333333333333,0.4954,True,
MAR,23,candidate_saturated,True,6.423336437482164e-08,False,0.002543099954897284,True,2.637477709551878,5.921041434930885e-12,0.8001333333333333,0.4954,True,
MAR,24,oracle,True,9.933041432230727e-09,False,0.007896134560274886,True,1.8009417532997039,6.616929226765933e-14,0.8014,0.4954,True,
MAR,24,MAR_ignorability,True,1.4130511472890443e-08,False,0.0048261856165596135,True,1.45700117684234,1.1834977442504169e-13,0.8014,0.4954,True,
MAR,24,selection_misspecified,True,8.142140823372835e-08,False,0.005695581583755156,True,2.667183137480197,1.4712675522332574e-12,0.8014,0.4954,True,
MAR,24,candidate_saturated,True,8.33306890175578e-08,False,0.0023644228292482986,True,2.6635241643093397,3.781863711083133e-12,0.8014,0.4954,True,
MAR,25,oracle,True,1.887516865644763e-08,False,0.0073569925081905345,True,1.8062961184590782,2.5934809855243657e-13,0.7993333333333333,0.4898,True,
MAR,25,MAR_ignorability,True,1.6185035596064662e-08,False,0.004773069129036077,True,1.4544576912508052,7.37854222165879e-13,0.7993333333333333,0.4898,True,
MAR,25,selection_misspecified,True,8.241954644489123e-08,False,0.005132162502304976,True,2.6681751664263933,6.023626042406249e-12,0.7993333333333333,0.4898,True,
MAR,25,candidate_saturated,True,1.39567158976206e-07,False,0.002150528971752446,True,2.6644798652647643,2.5086599464430037e-12,0.7993333333333333,0.4898,True,
MAR,26,oracle,True,3.1661313344422126e-09,False,0.0072238645004435035,True,1.7990836675833848,2.220446049250313e-13,0.7972,0.4864,True,
MAR,26,MAR_ignorability,True,1.0276554050726264e-08,False,0.004179778729018681,True,1.4467283180569666,2.2493118478905672e-13,0.7972,0.4864,True,
MAR,26,selection_misspecified,True,7.989455869600254e-08,False,0.004943184077808128,True,2.666196882258991,8.486544800234697e-13,0.7972,0.4864,True,
MAR,26,candidate_saturated,True,8.149907487222663e-08,False,0.0020216626644722737,True,2.659670914716889,6.1599614298302185e-12,0.7972,0.4864,True,
MAR,27,oracle,True,1.1201963032420568e-08,False,0.006423613617981253,True,1.8063243738748156,2.071676163950542e-13,0.8061333333333334,0.51,True,
MAR,27,MAR_ignorability,True,2.811602927015539e-08,False,0.004560587869039055,True,1.4611565338925978,2.8821389719269064e-13,0.8061333333333334,0.51,True,
MAR,27,selection_misspecified,True,7.119257129188095e-08,False,0.0054082143517880325,True,2.6578156788447718,3.2254199311410048e-12,0.8061333333333334,0.51,True,
MAR,27,candidate_saturated,True,3.7729763185723185e-08,False,0.0019391706316945038,True,2.654028266072347,4.050093593832571e-12,0.8061333333333334,0.51,True,
MAR,28,oracle,True,2.3926066479801333e-08,False,0.007341043217269718,True,1.7969255831719761,3.0886404545071855e-13,0.7999333333333333,0.4926,True,
MAR,28,MAR_ignorability,True,1.147062413057373e-08,False,0.004939985367699474,True,1.4530362034851445,2.2470914018413168e-13,0.7999333333333333,0.4926,True,
MAR,28,selection_misspecified,True,9.269579710808885e-08,False,0.005303295048189012,True,2.6684087021834406,1.892264123171117e-12,0.7999333333333333,0.4926,True,
MAR,28,candidate_saturated,True,4.9951097622624726e-08,False,0.0012425382570570842,True,2.6649054141245636,2.8270719099054986e-12,0.7999333333333333,0.4926,True,
MAR,29,oracle,True,2.5329274677476922e-08,False,0.007631870071537651,True,1.805834444218023,1.5480949855373183e-12,0.7988666666666666,0.4874,True,
MAR,29,MAR_ignorability,True,1.2110194997172204e-08,False,0.004657262767944671,True,1.458087433242374,4.618527782440651e-13,0.7988666666666666,0.4874,True,
MAR,29,selection_misspecified,True,2.2491182340924916e-08,False,0.005096460966276179,True,2.674271192070391,1.8838264281839656e-12,0.7988666666666666,0.4874,True,
MAR,29,candidate_saturated,True,7.209509776089362e-08,False,0.0019125460904824364,True,2.670167499753883,2.100541962590796e-12,0.7988666666666666,0.4874,True,
MAR,30,oracle,True,2.8549763872898205e-08,False,0.007117614586355254,True,1.797172079979314,4.4919623576333834e-13,0.8010666666666667,0.497,True,
MAR,30,MAR_ignorability,True,1.2481974511925904e-08,False,0.004682549142953895,True,1.4483432036384614,3.8902214782865485e-13,0.8010666666666667,0.497,True,
MAR,30,selection_misspecified,True,7.846726392215127e-08,False,0.0053554318430174995,True,2.656568487422083,7.986056260733676e-12,0.8010666666666667,0.497,True,
MAR,30,candidate_saturated,True,1.0224602253003923e-07,False,0.0017651771904185687,True,2.651718489615287,2.4988899838263023e-12,0.8010666666666667,0.497,True,
MAR,31,oracle,True,8.993785821509448e-09,False,0.0074782508976899064,True,1.8057451081849454,2.0938806244430452e-13,0.7980666666666667,0.4862,True,
MAR,31,MAR_ignorability,True,5.4868368128446465e-09,False,0.004618329335808228,True,1.4520837205513946,5.369038547087257e-13,0.7980666666666667,0.4862,True,
MAR,31,selection_misspecified,True,8.657070208442085e-08,False,0.005327957435304276,True,2.6701937101266155,1.0742517986273015e-12,0.7980666666666667,0.4862,True,
MAR,31,candidate_saturated,True,3.8902125685891245e-08,False,0.0017752639031091257,True,2.6633794702859186,3.959055305813308e-12,0.7980666666666667,0.4862,True,
MAR,32,oracle,True,3.089474908856034e-09,False,0.007266753974135119,True,1.7805361402199895,1.2367884494324244e-13,0.8025333333333333,0.4974,True,
MAR,32,MAR_ignorability,True,1.704331249530286e-08,False,0.004961970284786106,True,1.4417523733247612,5.131450819817474e-13,0.8025333333333333,0.4974,True,
MAR,32,selection_misspecified,True,4.0327943103779516e-08,False,0.005368390960193055,True,2.6474703811863614,1.3211653993039363e-12,0.8025333333333333,0.4974,True,
MAR,32,candidate_saturated,True,9.923126148803085e-08,False,0.0018644850386993388,True,2.644706230788998,2.0228263508670352e-12,0.8025333333333333,0.4974,True,
MAR,33,oracle,True,2.0750764426002988e-08,False,0.007721441444339925,True,1.7823841953935857,1.674216321134736e-13,0.8001999999999999,0.4952,True,
MAR,33,MAR_ignorability,True,1.2293384675092482e-08,False,0.005144091514098259,True,1.4386350708044566,1.3655743202889425e-13,0.8001999999999999,0.4952,True,
MAR,33,selection_misspecified,True,2.844250657940105e-08,False,0.005493251518986665,True,2.650614053266701,2.9589664052309672e-12,0.8001999999999999,0.4952,True,
MAR,33,candidate_saturated,True,4.5327000128736474e-08,False,0.0017287368414278749,True,2.6453759628663174,3.0029312370061234e-12,0.8001999999999999,0.4952,True,
MAR,34,oracle,True,3.330060113884703e-08,False,0.007511019650619581,True,1.815994990960486,1.6564527527407336e-12,0.8015333333333333,0.4982,True,
MAR,34,MAR_ignorability,True,2.127792877466248e-08,False,0.005510517258436454,True,1.4627542848568316,4.4231285301066237e-13,0.8015333333333333,0.4982,True,
MAR,34,selection_misspecified,True,4.492633530243711e-08,False,0.005859410657314954,True,2.671625711572767,1.3180567748349858e-12,0.8015333333333333,0.4982,True,
MAR,34,candidate_saturated,True,5.8430323999125735e-08,False,0.0010862625588273702,True,2.6670500341615995,4.941380638001647e-12,0.8015333333333333,0.4982,True,
MAR,35,oracle,True,2.7996523245610305e-08,False,0.0065835875696093485,True,1.8059167686711932,1.1524114995609125e-13,0.797,0.4864,True,
MAR,35,MAR_ignorability,True,1.8037294388198958e-08,False,0.004453534601489435,True,1.451206087486049,2.473576898864849e-13,0.797,0.4864,True,
MAR,35,selection_misspecified,True,4.3139917616663495e-08,False,0.004946062746505981,True,2.6713068093658046,9.85433956657289e-13,0.797,0.4864,True,
MAR,35,candidate_saturated,True,4.062669754034687e-08,False,0.0016721746056140832,True,2.6649304209689975,2.899902540320909e-12,0.797,0.4864,True,
MAR,36,oracle,True,1.315881788026413e-08,False,0.007528782286467869,True,1.7970456258946603,3.9190872769268026e-13,0.7987333333333333,0.4908,True,
MAR,36,MAR_ignorability,True,3.776470586522078e-08,False,0.005059691923680184,True,1.451222800340004,2.156053113822054e-13,0.7987333333333333,0.4908,True,
MAR,36,selection_misspecified,True,4.553427644066743e-08,False,0.0055268209747454,True,2.6667316456776837,1.2820855488371308e-12,0.7987333333333333,0.4908,True,
MAR,36,candidate_saturated,True,1.7732575424247442e-07,False,0.0021146763542473877,True,2.663147951038533,5.328182339781051e-12,0.7987333333333333,0.4908,True,
MAR,37,oracle,True,1.2238892375426858e-08,False,0.007604542210526693,True,1.7763068306210643,4.871658632055187e-13,0.7955333333333333,0.4834,True,
MAR,37,MAR_ignorability,True,2.346778322534493e-08,False,0.005127158287358822,True,1.4273806181095607,8.038014698286133e-13,0.7955333333333333,0.4834,True,
MAR,37,selection_misspecified,True,2.7018220252550405e-08,False,0.005831720169132213,True,2.649722245357843,1.8625101461111626e-12,0.7955333333333333,0.4834,True,
MAR,37,candidate_saturated,True,1.9198083897675744e-07,False,0.002129150037502501,True,2.646685515180605,5.765166122273513e-12,0.7955333333333333,0.4834,True,
MAR,38,oracle,True,3.192691221691746e-08,False,0.007509840696615972,True,1.7931403843491616,1.48991929904696e-13,0.7987333333333333,0.4934,True,
MAR,38,MAR_ignorability,True,2.1708714543827724e-08,False,0.005091854403567024,True,1.4383457345154664,4.2232883856740955e-13,0.7987333333333333,0.4934,True,
MAR,38,selection_misspecified,True,8.873160680228086e-08,False,0.005468263549462311,True,2.6528677401026988,1.6271428648906294e-12,0.7987333333333333,0.4934,True,
MAR,38,candidate_saturated,True,3.629220411778267e-08,False,0.0020289199507634893,True,2.648185591830185,5.697664562376303e-12,0.7987333333333333,0.4934,True,
MAR,39,oracle,True,8.718009587173336e-09,False,0.006327021869036962,True,1.8129649630698859,3.26405569239796e-13,0.7991333333333334,0.4884,True,
MAR,39,MAR_ignorability,True,3.405760402777347e-08,False,0.003952499751087322,True,1.4599993769124533,2.162714451969805e-13,0.7991333333333334,0.4884,True,
MAR,39,selection_misspecified,True,5.186561915281329e-08,False,0.004647574834282087,True,2.6744549650530347,2.0459189897792385e-12,0.7991333333333334,0.4884,True,
MAR,39,candidate_saturated,True,3.675819859534357e-08,False,0.0018133961929412065,True,2.670488816404034,4.305888978706207e-12,0.7991333333333334,0.4884,True,
MAR,40,oracle,True,2.8770027546804605e-08,False,0.0061006186794217345,True,1.7973545508150033,2.4003021792395884e-13,0.8014,0.4972,True,
MAR,40,MAR_ignorability,True,2.1519125781001897e-08,False,0.00451588004817067,True,1.4534793809412434,3.4705571749782393e-13,0.8014,0.4972,True,
MAR,40,selection_misspecified,True,8.261410774599021e-08,False,0.0046497927974782065,True,2.6630280144189165,1.1977085989656189e-12,0.8014,0.4972,True,
MAR,40,candidate_saturated,True,6.454476771837747e-08,False,0.002080428336483141,True,2.6568107480300807,2.5073276788134535e-12,0.8014,0.4972,True,
MAR,41,oracle,True,4.7284227022625916e-08,False,0.007301379473673506,True,1.812570669717253,1.1226575225009583e-12,0.8006000000000001,0.4936,True,
MAR,41,MAR_ignorability,True,4.7373792449961515e-08,False,0.0048028174446215115,True,1.4639901435300962,2.233768725545815e-13,0.8006000000000001,0.4936,True,
MAR,41,selection_misspecified,True,9.901410753762495e-08,False,0.0050382787389090964,True,2.6738061130843467,3.346212196220222e-12,0.8006000000000001,0.4936,True,
MAR,41,candidate_saturated,True,1.0717371976269874e-07,False,0.0020147430779946674,True,2.6698631518019016,4.4142467459096224e-12,0.8006000000000001,0.4936,True,
MAR,42,oracle,True,2.4790894195320103e-08,False,0.008363082550302738,True,1.7950431088689978,4.030109579389318e-12,0.8001999999999999,0.4942,True,
MAR,42,MAR_ignorability,True,8.187929929004411e-09,False,0.005705523599315371,True,1.4462813062000806,5.411227022023013e-13,0.8001999999999999,0.4942,True,
MAR,42,selection_misspecified,True,6.173943910358637e-08,False,0.003917362996225697,True,2.657101628078926,1.333155807969888e-12,0.8001999999999999,0.4942,True,
MAR,42,candidate_saturated,True,6.316911350054966e-08,False,0.0016328536175913946,True,2.6528405300771025,5.8548721426632255e-12,0.8001999999999999,0.4942,True,
MAR,43,oracle,True,1.1342967688587891e-08,False,0.007135820736733282,True,1.7926942123571763,3.681499549657019e-13,0.802,0.502,True,
MAR,43,MAR_ignorability,True,1.3117997730350725e-08,False,0.00462980595335664,True,1.453081678560142,1.0369483049998962e-13,0.802,0.502,True,
MAR,43,selection_misspecified,True,5.3716457338270905e-08,False,0.004689342908865007,True,2.6616057200260124,4.694467037325012e-12,0.802,0.502,True,
MAR,43,candidate_saturated,True,8.255029198207531e-08,False,0.0020650756506831363,True,2.6558351606002155,3.6628478028433165e-12,0.802,0.502,True,
MAR,44,oracle,True,7.147257942952123e-09,False,0.0070333244028252025,True,1.7930664172052901,4.092282068768327e-13,0.797,0.483,True,
MAR,44,MAR_ignorability,True,2.6850559834411162e-08,False,0.004474640114807817,True,1.436435094774892,3.772537837676282e-13,0.797,0.483,True,
MAR,44,selection_misspecified,True,2.6066917695621862e-08,False,0.005105307797193533,True,2.6533318067321927,1.2310152897043736e-12,0.797,0.483,True,
MAR,44,candidate_saturated,True,4.88346505552073e-08,False,0.0021826753008776026,True,2.6457862719320606,4.573674772245795e-12,0.797,0.483,True,
MAR,45,oracle,True,3.681039658402808e-08,False,0.007262311656053774,True,1.804731579595449,3.355093980417223e-13,0.8056,0.5064,True,
MAR,45,MAR_ignorability,True,3.362701136032514e-08,False,0.005055578478768659,True,1.467763128046383,6.259437412836633e-13,0.8056,0.5064,True,
MAR,45,selection_misspecified,True,9.14805492349735e-08,False,0.005324119895776499,True,2.6666473778133684,6.830092047493963e-13,0.8056,0.5064,True,
MAR,45,candidate_saturated,True,2.1390504307916557e-08,False,0.0018392578321483573,True,2.6624071214199345,3.724132113802625e-12,0.8056,0.5064,True,
MAR,46,oracle,True,1.537068121997276e-08,False,0.0075305646369824035,True,1.7942364507961306,3.7969627442180354e-13,0.7991333333333334,0.4914,True,
MAR,46,MAR_ignorability,True,2.0495071225461518e-08,False,0.004510072262317001,True,1.449225354626192,7.87370169064161e-13,0.7991333333333334,0.4914,True,
MAR,46,selection_misspecified,True,1.5948911721004321e-07,False,0.0050434961064976585,True,2.6638278603217973,4.61231053350275e-12,0.7991333333333334,0.4914,True,
MAR,46,candidate_saturated,True,7.094098727549181e-08,False,0.001617972906369251,True,2.660055525502595,2.3523405445757817e-12,0.7991333333333334,0.4914,True,
MAR,47,oracle,True,2.089200961031823e-08,False,0.007606906093117505,True,1.7851260285547659,2.0938806244430452e-13,0.7999333333333333,0.492,True,
MAR,47,MAR_ignorability,True,1.2446416632168556e-08,False,0.004667949559759526,True,1.44446931111258,3.5638159090467525e-13,0.7999333333333333,0.492,True,
MAR,47,selection_misspecified,True,3.7625202027768975e-08,False,0.004914688303691792,True,2.661425170282821,9.765521724602877e-13,0.7999333333333333,0.492,True,
MAR,47,candidate_saturated,True,1.1669916551942938e-07,False,0.002159253078454969,True,2.6570756195698566,4.74997818855627e-12,0.7999333333333333,0.492,True,
MAR,48,oracle,True,1.5432366541178432e-08,False,0.0070798944789179944,True,1.7888602738820747,1.9317880628477724e-13,0.806,0.5014,True,
MAR,48,MAR_ignorability,True,5.13642948413235e-08,False,0.00450292929802428,True,1.4575480401937058,5.164757510556228e-13,0.806,0.5014,True,
MAR,48,selection_misspecified,True,6.966046852658892e-08,False,0.005253032180504321,True,2.654243061468599,1.2705392293810291e-12,0.806,0.5014,True,
MAR,48,candidate_saturated,True,4.991966782554869e-08,False,0.002146032689371394,True,2.6504725296054983,8.396838779844984e-12,0.806,0.5014,True,
MAR,49,oracle,True,1.1528770472812866e-08,False,0.0067243310819071886,True,1.8114152983614709,7.638334409421077e-14,0.7996666666666666,0.4946,True,
MAR,49,MAR_ignorability,True,3.2617452965444016e-08,False,0.003943627222379236,True,1.4653862763351415,4.1167069753100805e-13,0.7996666666666666,0.4946,True,
MAR,49,selection_misspecified,True,4.400647224809401e-08,False,0.004638974175096299,True,2.6784366724976563,2.0765611452588928e-12,0.7996666666666666,0.4946,True,
MAR,49,candidate_saturated,True,6.656355996597085e-08,False,0.0020261788766414257,True,2.6723963512658098,5.047962048365662e-12,0.7996666666666666,0.4946,True,
MAR,50,oracle,True,8.740583784570995e-09,False,0.0071706144251764085,True,1.809293181303583,3.0042635046356736e-13,0.8028,0.497,True,
MAR,50,MAR_ignorability,True,2.8621315726867768e-08,False,0.004459624179828558,True,1.475767077771466,6.934453011808728e-13,0.8028,0.497,True,
MAR,50,selection_misspecified,True,6.059656017070679e-08,False,0.0031793140663820495,True,2.679349039326769,2.27062812996337e-12,0.8028,0.497,True,
MAR,50,candidate_saturated,True,4.357024556203015e-08,False,0.0015012230265191995,True,2.6765630943317005,4.690470234436361e-12,0.8028,0.497,True,
MAR,51,oracle,True,7.3043268589204766e-09,False,0.0062153057170996765,True,1.8048502682088416,3.523847880160247e-13,0.7988666666666666,0.49,True,
MAR,51,MAR_ignorability,True,1.6879231385115933e-08,False,0.0035130108119378013,True,1.4437405505777754,3.4350300381902343e-13,0.7988666666666666,0.49,True,
MAR,51,selection_misspecified,True,5.526536970779095e-08,False,0.0047038312247257566,True,2.6592492445551748,7.100986465502501e-13,0.7988666666666666,0.49,True,
MAR,51,candidate_saturated,True,1.0824981303976244e-07,False,0.0020271898239695536,True,2.655040114574818,4.373834627813267e-12,0.7988666666666666,0.49,True,
MAR,52,oracle,True,3.1774936876316495e-08,False,0.007545084080815505,True,1.7944816689846295,3.339550858072471e-13,0.7990666666666667,0.4864,True,
MAR,52,MAR_ignorability,True,8.84255684682937e-09,False,0.005071672602580327,True,1.4445673504210361,1.0791367799356522e-13,0.7990666666666667,0.4864,True,
MAR,52,selection_misspecified,True,7.739306455554207e-08,False,0.0043433799574263635,True,2.656117364463344,1.0973444375395047e-12,0.7990666666666667,0.4864,True,
MAR,52,candidate_saturated,True,4.868266198485571e-08,False,0.0017907753862855223,True,2.653355321442584,4.7126746949288645e-12,0.7990666666666667,0.4864,True,
MAR,53,oracle,True,2.1466627881174503e-08,False,0.007025651632314304,True,1.8054048997024263,1.7141843500212417e-13,0.8016,0.4972,True,
MAR,53,MAR_ignorability,True,1.5337145826851693e-08,False,0.004267950055832972,True,1.4616199942459012,5.984102102729594e-13,0.8016,0.4972,True,
MAR,53,selection_misspecified,True,1.2910991308299202e-07,False,0.004686368914771819,True,2.6686522626091933,2.5508484213787597e-12,0.8016,0.4972,True,
MAR,53,candidate_saturated,True,5.027897553304683e-08,False,0.0019247663773816707,True,2.6647462214401965,2.8341773372630996e-12,0.8016,0.4972,True,
MAR,54,oracle,True,1.3813939482432147e-08,False,0.0073175334680233356,True,1.7929561272019972,1.8629542353210127e-13,0.7990666666666667,0.4904,True,
MAR,54,MAR_ignorability,True,8.293075897125578e-09,False,0.0046485891898224545,True,1.4345464948552418,2.395861287141088e-13,0.7990666666666667,0.4904,True,
MAR,54,selection_misspecified,True,4.836300795252324e-08,False,0.0052133500504247254,True,2.650082840076257,2.1458390619955026e-12,0.7990666666666667,0.4904,True,
MAR,54,candidate_saturated,True,5.664142021846175e-08,False,0.0015385400094208388,True,2.644355034033526,2.452704706001896e-12,0.7990666666666667,0.4904,True,
MAR,55,oracle,True,3.5101442692617345e-08,False,0.007492285125733348,True,1.806843653583002,2.6356694604601216e-13,0.7961999999999999,0.4858,True,
MAR,55,MAR_ignorability,True,1.1368380547689924e-08,False,0.0046168720128271674,True,1.4568221894883675,3.7214675785435247e-13,0.7961999999999999,0.4858,True,
MAR,55,selection_misspecified,True,8.292383773518264e-08,False,0.004918180658169905,True,2.6794345038854965,2.533084852984757e-12,0.7961999999999999,0.4858,True,
MAR,55,candidate_saturated,True,8.43199151908891e-08,False,0.0014414128554315578,True,2.6767605222066777,9.334311101838466e-12,0.7961999999999999,0.4858,True,
MAR,56,oracle,True,1.576144496513443e-08,False,0.007261992193458627,True,1.7803960332388211,2.0738966099997924e-13,0.7998666666666666,0.4942,True,
MAR,56,MAR_ignorability,True,2.4021635275254306e-08,False,0.004770857647872427,True,1.4391271630992344,2.304822999121825e-13,0.7998666666666666,0.4942,True,
MAR,56,selection_misspecified,True,4.6472750474367556e-08,False,0.005183064376625867,True,2.648287000732802,1.6302514893595799e-12,0.7998666666666666,0.4942,True,
MAR,56,candidate_saturated,True,6.003825119691442e-08,False,0.0018820449944003113,True,2.64276354945305,6.4437344349244086e-12,0.7998666666666666,0.4942,True,
MAR,57,oracle,True,3.6506855203372916e-08,False,0.007937019348675028,True,1.7976519741332326,3.9057646006313007e-13,0.7988666666666666,0.4918,True,
MAR,57,MAR_ignorability,True,3.0302919997479724e-08,False,0.004814190361518628,True,1.4521071666585939,8.257838857161914e-13,0.7988666666666666,0.4918,True,
MAR,57,selection_misspecified,True,4.030897271637274e-08,False,0.004767411129572255,True,2.6673895259133205,1.1586287484988134e-12,0.7988666666666666,0.4918,True,
MAR,57,candidate_saturated,True,3.3029537985385105e-08,False,0.00228306594701226,True,2.6635494585054023,6.619149672815183e-12,0.7988666666666666,0.4918,True,
MAR,58,oracle,True,2.3106428221109086e-08,False,0.00649810821799184,True,1.801286083223977,1.4632739464559563e-13,0.7974666666666667,0.4872,True,
MAR,58,MAR_ignorability,True,1.7282026572162935e-08,False,0.0035561555743162452,True,1.445272245714659,1.170175067954915e-13,0.7974666666666667,0.4872,True,
MAR,58,selection_misspecified,True,5.0352380781593096e-08,False,0.004456663024506673,True,2.6662873859124274,1.4379608614945028e-12,0.7974666666666667,0.4872,True,
MAR,58,candidate_saturated,True,5.614094035308881e-08,False,0.0018874338314668864,True,2.660211350510057,6.111111616746712e-12,0.7974666666666667,0.4872,True,
MAR,59,oracle,True,1.8982274885710055e-08,False,0.00719085924811186,True,1.7641165382778745,1.1679546219056647e-13,0.7980666666666667,0.488,True,
MAR,59,MAR_ignorability,True,2.0466065697444246e-08,False,0.004810208476414226,True,1.4220051411791421,5.901945598907332e-13,0.7980666666666667,0.488,True,
MAR,59,selection_misspecified,True,4.951924840298494e-08,False,0.005280153237265564,True,2.636757516580998,5.644373857194296e-13,0.7980666666666667,0.488,True,
MAR,59,candidate_saturated,True,5.515566948375294e-08,False,0.0022678221389048382,True,2.6346664501606525,1.3109513474773848e-12,0.7980666666666667,0.488,True,
MAR,60,oracle,True,1.4471329960397129e-08,False,0.007082925261930701,True,1.8014432541965972,1.2523315717771766e-13,0.8003999999999999,0.492,True,
MAR,60,MAR_ignorability,True,1.7932729050690917e-08,False,0.004801625610771887,True,1.455340376294356,3.3861802251067274e-13,0.8003999999999999,0.492,True,
MAR,60,selection_misspecified,True,7.049791681890128e-08,False,0.004990778962688268,True,2.670045991604103,4.658495811327157e-13,0.8003999999999999,0.492,True,
MAR,60,candidate_saturated,True,1.915625701427004e-07,False,0.001256520401034349,True,2.6645507940249025,7.179146166436112e-12,0.8003999999999999,0.492,True,
MAR,61,oracle,True,1.198794209334329e-08,False,0.007676562497479574,True,1.7901543948171224,4.0678571622265736e-13,0.7998,0.492,True,
MAR,61,MAR_ignorability,True,1.3447400275300863e-08,False,0.00499202634950448,True,1.4420574491714888,2.708944180085382e-13,0.7998,0.492,True,
MAR,61,selection_misspecified,True,5.4812687438612896e-08,False,0.005353937737783104,True,2.655258561965796,1.815880779076906e-12,0.7998,0.492,True,
MAR,61,candidate_saturated,True,4.3041713673996895e-08,False,0.0012328730739924038,True,2.646568380291322,1.2640555269172182e-11,0.7998,0.492,True,
MAR,62,oracle,True,1.8675952108182515e-08,False,0.007041100730859906,True,1.7886741489003377,1.5787371410169726e-13,0.8003999999999999,0.4918,True,
MAR,62,MAR_ignorability,True,6.816878146079987e-09,False,0.00487317344005887,True,1.4409130492216868,1.7066348334537906e-12,0.8003999999999999,0.4918,True,
MAR,62,selection_misspecified,True,4.70446794024415e-08,False,0.005253452462250937,True,2.6523327017898426,2.2022383916464605e-12,0.8003999999999999,0.4918,True,
MAR,62,candidate_saturated,True,1.0270743829734474e-07,False,0.001795422157691912,True,2.6483581074483036,5.495159882684675e-12,0.8003999999999999,0.4918,True,
MAR,63,oracle,True,3.350945137841066e-08,False,0.006427020011950002,True,1.8025502562797235,4.864997293907436e-13,0.7956,0.4808,True,
MAR,63,MAR_ignorability,True,2.0489336946161174e-08,False,0.004556546712401826,True,1.4542810251303009,5.011546733157957e-13,0.7956,0.4808,True,
MAR,63,selection_misspecified,True,8.190683234126083e-08,False,0.004781754715453211,True,2.679394325536496,7.37632177560954e-13,0.7956,0.4808,True,
MAR,63,candidate_saturated,True,4.538100981790194e-08,False,0.0017032900966488973,True,2.6757291336542033,6.303846333821639e-12,0.7956,0.4808,True,
MAR,64,oracle,True,1.0000189852941294e-08,False,0.006644878342224226,True,1.7887855761994411,4.205524817280093e-13,0.7936,0.474,True,
MAR,64,MAR_ignorability,True,1.0295397523540483e-08,False,0.004738463929741081,True,1.4275707886010083,2.5268676040468563e-13,0.7936,0.474,True,
MAR,64,selection_misspecified,True,7.836989340299222e-08,False,0.005389239538098921,True,2.656354773818951,1.0840217612440028e-12,0.7936,0.474,True,
MAR,64,candidate_saturated,True,5.0945091938547905e-08,False,0.0018566867409301948,True,2.6527104532673165,4.32764934998886e-12,0.7936,0.474,True,
MAR,65,oracle,True,2.5303357820183336e-08,False,0.007612691774775127,True,1.791400741081264,2.702282841937631e-13,0.7980666666666667,0.4934,True,
MAR,65,MAR_ignorability,True,6.11785921437361e-08,False,0.005311171466133588,True,1.4412951218352663,2.7200464103316335e-13,0.7980666666666667,0.4934,True,
MAR,65,selection_misspecified,True,6.622755271039615e-08,False,0.005605910907382485,True,2.655546418678892,1.652455949852083e-12,0.7980666666666667,0.4934,True,
MAR,65,candidate_saturated,True,5.029070734394736e-08,False,0.001313474464962519,True,2.6524437469583253,1.1355361095866101e-11,0.7980666666666667,0.4934,True,
MAR,66,oracle,True,1.1730308792134992e-08,False,0.007692599628609326,True,1.7908343746013597,2.347011474057581e-13,0.8034,0.498,True,
MAR,66,MAR_ignorability,True,2.326177229332593e-08,False,0.005039650901080658,True,1.4503922803807539,6.490363801958665e-13,0.8034,0.498,True,
MAR,66,selection_misspecified,True,3.809880382089625e-08,False,0.005510094330029274,True,2.654805055140602,1.4388490399142029e-12,0.8034,0.498,True,
MAR,66,candidate_saturated,True,4.210096275459874e-08,False,0.001877009819579096,True,2.650024496233812,2.142286348316702e-12,0.8034,0.498,True,
MAR,67,oracle,True,3.041029483438207e-08,False,0.006732334158099728,True,1.8100528008806482,1.7186252421197423e-13,0.8012666666666667,0.4898,True,
MAR,67,MAR_ignorability,True,6.068169733751844e-09,False,0.0045350664392159465,True,1.4529068017282782,3.0331293032759277e-13,0.8012666666666667,0.4898,True,
MAR,67,selection_misspecified,True,5.48494365633978e-08,False,0.005194007063425867,True,2.6621031806298388,1.7474910407599964e-12,0.8012666666666667,0.4898,True,
MAR,67,candidate_saturated,True,5.775340038560728e-08,False,0.0022776092188404786,True,2.658087331630691,4.0181191707233666e-12,0.8012666666666667,0.4898,True,
MAR,68,oracle,True,1.5330927455264877e-08,False,0.0067498702628281705,True,1.7884330758423308,3.3728575488112256e-13,0.7960666666666666,0.4816,True,
MAR,68,MAR_ignorability,True,1.706758522391216e-08,False,0.004210451727645292,True,1.437020042156654,2.893241202173158e-13,0.7960666666666666,0.4816,True,
MAR,68,selection_misspecified,True,7.07147214156878e-08,False,0.00514039711805037,True,2.6616610351865844,3.941735826629156e-12,0.7960666666666666,0.4816,True,
MAR,68,candidate_saturated,True,5.9450692845075535e-08,False,0.0022473972046530843,True,2.6564035690522907,6.519229600598919e-12,0.7960666666666666,0.4816,True,
MAR,69,oracle,True,1.045454517668576e-08,False,0.005791632329595798,True,1.7828049368989778,3.2529534621517087e-13,0.7981333333333334,0.4822,True,
MAR,69,MAR_ignorability,True,2.536895223020957e-08,False,0.003944662824297323,True,1.4394205788460668,7.680522884356833e-13,0.7981333333333334,0.4822,True,
MAR,69,selection_misspecified,True,5.9456581124250896e-08,False,0.0044728664544507885,True,2.659851945986811,1.5631940186722204e-12,0.7981333333333334,0.4822,True,
MAR,69,candidate_saturated,True,6.808759377778806e-08,False,0.0023309235451551315,True,2.656116712410938,4.828581978699731e-12,0.7981333333333334,0.4822,True,
MAR,70,oracle,True,2.309068482962131e-08,False,0.007358892882353812,True,1.7775300396128357,5.062616992290714e-14,0.8052666666666667,0.5054,True,
MAR,70,MAR_ignorability,True,1.4856604329221978e-08,False,0.0046812022892393865,True,1.4421425068141787,1.8185453143360064e-13,0.8052666666666667,0.5054,True,
MAR,70,selection_misspecified,True,9.916736011230613e-08,False,0.005526953416057692,True,2.63934270622636,1.4197532038906502e-12,0.8052666666666667,0.5054,True,
MAR,70,candidate_saturated,True,1.3462449468306658e-07,False,0.0018184561293185218,True,2.6363711816248703,5.520028878436278e-12,0.8052666666666667,0.5054,True,
MAR,71,oracle,True,6.481437775995857e-09,False,0.007909041507925853,True,1.7793877918804826,1.8074430840897548e-13,0.8009333333333334,0.4958,True,
MAR,71,MAR_ignorability,True,2.2357715688614555e-08,False,0.004674756967532141,True,1.445675212817355,5.286882043264995e-13,0.8009333333333334,0.4958,True,
MAR,71,selection_misspecified,True,1.3484441403535108e-07,False,0.005230587163221517,True,2.654164203920252,2.2608581673466688e-12,0.8009333333333334,0.4958,True,
MAR,71,candidate_saturated,True,6.893802388496795e-08,False,0.00238348392076733,True,2.6489256749796244,3.290701044988964e-12,0.8009333333333334,0.4958,True,
MAR,72,oracle,True,4.296247433908107e-08,False,0.00702712295502617,True,1.8051441996529314,3.723688024592775e-13,0.7994,0.4934,True,
MAR,72,MAR_ignorability,True,1.915797544272307e-08,False,0.005043006370065251,True,1.4561899374204916,4.778399897986674e-13,0.7994,0.4934,True,
MAR,72,selection_misspecified,True,6.352109992975308e-08,False,0.005558049877445475,True,2.671053448457941,8.046896482483135e-13,0.7994,0.4934,True,
MAR,72,candidate_saturated,True,3.975209194173601e-08,False,0.0018630112745096578,True,2.666140003774607,1.9269030815394217e-12,0.7994,0.4934,True,
MAR,73,oracle,True,6.000058629754279e-09,False,0.007213126305017453,True,1.806244900896115,1.2811973704174306e-12,0.7987333333333333,0.489,True,
MAR,73,MAR_ignorability,True,3.094669792328975e-08,False,0.004566553233450956,True,1.453990344226402,2.389199948993337e-13,0.7987333333333333,0.489,True,
MAR,73,selection_misspecified,True,8.942862851901712e-08,False,0.005176793825537831,True,2.6718378838339,1.2039258479035198e-12,0.7987333333333333,0.489,True,
MAR,73,candidate_saturated,True,1.198382400040998e-07,False,0.0014163978410097393,True,2.663562616242034,3.9608316626527085e-12,0.7987333333333333,0.489,True,
MAR,74,oracle,True,1.945855729851287e-08,False,0.007926767709945083,True,1.778830481986318,1.0258460747536446e-13,0.8004666666666668,0.4964,True,
MAR,74,MAR_ignorability,True,1.4086865418649896e-08,False,0.005358560031129321,True,1.435281398249329,2.289279876777073e-13,0.8004666666666668,0.4964,True,
MAR,74,selection_misspecified,True,6.101377100923011e-08,False,0.005594698572270081,True,2.645996760571887,1.3460343950555398e-12,0.8004666666666668,0.4964,True,
MAR,74,candidate_saturated,True,8.037495604185096e-08,False,0.0019931012353477245,True,2.6436681644318063,2.956301869971867e-12,0.8004666666666668,0.4964,True,
MAR,75,oracle,True,1.6501798584778182e-08,False,0.006332873154142896,True,1.8073701341741333,1.687538997430238e-13,0.8018666666666667,0.496,True,
MAR,75,MAR_ignorability,True,6.008857103947039e-09,False,0.004242887805374086,True,1.4513658736986816,3.645972412869014e-13,0.8018666666666667,0.496,True,
MAR,75,selection_misspecified,True,6.643728106916491e-08,False,0.005161315197220984,True,2.65887419705701,1.4344081478157023e-12,0.8018666666666667,0.496,True,
MAR,75,candidate_saturated,True,1.8282457199632063e-07,False,0.002513161584702344,True,2.6550639588997687,1.2083667400020204e-12,0.8018666666666667,0.496,True,
MAR,76,oracle,True,2.4793213469154196e-08,False,0.007077739306160853,True,1.794009128550387,1.2723155862204294e-13,0.7996,0.4902,True,
MAR,76,MAR_ignorability,True,2.442156567711754e-08,False,0.004184962057157904,True,1.4473915903252914,1.894040480010517e-13,0.7996,0.4902,True,
MAR,76,selection_misspecified,True,5.017919531804926e-08,False,0.004556194854475911,True,2.661626854022131,1.3344880755994382e-12,0.7996,0.4902,True,
MAR,76,candidate_saturated,True,6.661796339813008e-08,False,0.0023242558013249473,True,2.6534688572952936,1.0960565788309395e-11,0.7996,0.4902,True,
MAR,77,oracle,True,6.805066245157976e-09,False,0.00811314793275139,True,1.7832019606322163,2.0272672429655358e-13,0.8041999999999999,0.5008,True,
MAR,77,MAR_ignorability,True,4.206406122795325e-08,False,0.004974548049954679,True,1.4482170971496,3.383959779057477e-13,0.8041999999999999,0.5008,True,
MAR,77,selection_misspecified,True,3.143730469087336e-08,False,0.0052150694577951726,True,2.6484153363121994,3.655298286275865e-12,0.8041999999999999,0.5008,True,
MAR,77,candidate_saturated,True,1.0848120182094246e-07,False,0.0018154341461713126,True,2.6443567449812004,2.1893598045608087e-12,0.8041999999999999,0.5008,True,
MAR,78,oracle,True,1.1810815138379744e-08,False,0.007738275060905017,True,1.7848476851544122,7.527312106958561e-14,0.8053333333333333,0.506,True,
MAR,78,MAR_ignorability,True,4.652589943666868e-09,False,0.005063067600804086,True,1.449455066617649,3.4372504842394846e-13,0.8053333333333333,0.506,True,
MAR,78,selection_misspecified,True,1.6105734011708783e-07,False,0.005837017301168339,True,2.6473916674092477,3.881783783299397e-12,0.8053333333333333,0.506,True,
MAR,78,candidate_saturated,True,4.46544004633509e-08,False,0.0015090022775728197,True,2.643993685211716,9.461320615855584e-12,0.8053333333333333,0.506,True,
MAR,79,oracle,True,1.6270666273915553e-08,False,0.006705744263057406,True,1.7942338753043732,3.467004461299439e-12,0.8033333333333333,0.503,True,
MAR,79,MAR_ignorability,True,1.5825845779260335e-08,False,0.004051247384142517,True,1.4633097318823192,3.9745984281580604e-13,0.8033333333333333,0.503,True,
MAR,79,selection_misspecified,True,6.257350410228124e-08,False,0.003048847863998051,True,2.6669034655713495,1.0769163338864018e-12,0.8033333333333333,0.503,True,
MAR,79,candidate_saturated,True,6.269485802228302e-08,False,0.0012540156466473481,True,2.6608135012764054,1.2227552304011624e-11,0.8033333333333333,0.503,True,
MAR,80,oracle,True,3.625085991673712e-08,False,0.006982836858585725,True,1.7889772631951157,1.694200335577989e-13,0.8054666666666667,0.5054,True,
MAR,80,MAR_ignorability,True,1.9970025132560333e-08,False,0.005240590121388771,True,1.4456191473369313,1.318722908649761e-12,0.8054666666666667,0.5054,True,
MAR,80,selection_misspecified,True,5.057874199723145e-08,False,0.00515322664229617,True,2.645339459099552,8.93951579428176e-13,0.8054666666666667,0.5054,True,
MAR,80,candidate_saturated,True,4.156185832755455e-08,False,0.0023248316135596253,True,2.6412045197781517,2.920774733183862e-12,0.8054666666666667,0.5054,True,
MAR,81,oracle,True,2.8333164531257892e-08,False,0.007564216007798906,True,1.7977749311465137,3.339550858072471e-13,0.8044666666666668,0.4978,True,
MAR,81,MAR_ignorability,True,1.5415236461568948e-08,False,0.00473067240028367,True,1.4515576160585724,3.5793590313915047e-13,0.8044666666666668,0.4978,True,
MAR,81,selection_misspecified,True,9.904498920985105e-08,False,0.005249879058828334,True,2.6528591341941983,2.178701663524407e-12,0.8044666666666668,0.4978,True,
MAR,81,candidate_saturated,True,7.398152563025117e-08,False,0.0019096996253899613,True,2.649212934362735,1.1502354624326472e-11,0.8044666666666668,0.4978,True,
MAR,82,oracle,True,3.227107611079028e-08,False,0.00764402398457629,True,1.796471543499002,2.5868196473766147e-13,0.8005333333333334,0.4974,True,
MAR,82,MAR_ignorability,True,4.2499419443905516e-08,False,0.005105057885114903,True,1.4505718860207781,3.2085445411667024e-13,0.8005333333333334,0.4974,True,
MAR,82,selection_misspecified,True,5.984896682863227e-08,False,0.0049269586311283696,True,2.661592286356535,2.2355450823852152e-12,0.8005333333333334,0.4974,True,
MAR,82,candidate_saturated,True,6.901706555098031e-08,False,0.0019485518391363782,True,2.6570239291262014,8.388401084857833e-12,0.8005333333333334,0.4974,True,
MAR,83,oracle,True,3.5915989760956085e-08,False,0.006992426486395464,True,1.8071216863861999,1.5143442055887135e-13,0.8001333333333333,0.494,True,
MAR,83,MAR_ignorability,True,1.6796008885755498e-08,False,0.004745710856259248,True,1.4590855223005543,2.7555735471196385e-13,0.8001333333333333,0.494,True,
MAR,83,selection_misspecified,True,2.0871585217436816e-07,False,0.005082967778120112,True,2.669599047055476,2.517097641430155e-12,0.8001333333333333,0.494,True,
MAR,83,candidate_saturated,True,6.599856002083015e-08,False,0.0015665049092739693,True,2.6629179879514604,4.8836490407211386e-12,0.8001333333333333,0.494,True,
MAR,84,oracle,True,1.7007481110037358e-08,False,0.0070602167050907196,True,1.8001347801288863,2.702282841937631e-13,0.8043333333333332,0.5048,True,
MAR,84,MAR_ignorability,True,1.8252901528472303e-08,False,0.004945037504699033,True,1.4540557565184296,4.11226608321158e-13,0.8043333333333332,0.5048,True,
MAR,84,selection_misspecified,True,3.487459668807284e-08,False,0.0053190263563761535,True,2.656761175549419,1.7146284392310918e-12,0.8043333333333332,0.5048,True,
MAR,84,candidate_saturated,True,3.8979954007345444e-08,False,0.0017684604966447049,True,2.651938174906617,3.2738256550146616e-12,0.8043333333333332,0.5048,True,
MAR,85,oracle,True,2.695112885571227e-08,False,0.007494914626981476,True,1.7796646207521343,6.73683331342545e-13,0.7975333333333333,0.4882,True,
MAR,85,MAR_ignorability,True,4.774519190615667e-08,False,0.004978860485871476,True,1.4306656646006959,5.078160114635466e-13,0.7975333333333333,0.4882,True,
MAR,85,selection_misspecified,True,4.393965431342406e-08,False,0.005454809431951885,True,2.6485313220441906,1.5827339439056232e-12,0.7975333333333333,0.4882,True,
MAR,85,candidate_saturated,True,3.805564186194488e-08,False,0.0017728134838447954,True,2.645234814354476,3.510525203864745e-12,0.7975333333333333,0.4882,True,
MAR,86,oracle,True,1.0871518018751303e-08,False,0.008322423291656389,True,1.7883772790846404,3.765876499528531e-13,0.802,0.4982,True,
MAR,86,MAR_ignorability,True,1.4830131931363468e-08,False,0.005544462916782399,True,1.4449752132912634,2.8488322811881517e-13,0.802,0.4982,True,
MAR,86,selection_misspecified,True,5.5038789502745086e-08,False,0.005070227247302223,True,2.6507734107426737,6.337153024560394e-13,0.802,0.4982,True,
MAR,86,candidate_saturated,True,6.311009280040025e-08,False,0.0018283423828569425,True,2.647110634628909,2.9385383015778643e-12,0.802,0.4982,True,
MAR,87,oracle,True,4.275997358340611e-08,False,0.0076986121455326125,True,1.7813585031990253,2.9909408283401717e-13,0.7963333333333332,0.4846,True,
MAR,87,MAR_ignorability,True,1.1006489117182382e-08,False,0.004642547880545758,True,1.4328905249219104,3.423927807943983e-13,0.7963333333333332,0.4846,True,
MAR,87,selection_misspecified,True,7.843565096178617e-08,False,0.005539117049824525,True,2.653478150252209,7.37632177560954e-13,0.7963333333333332,0.4846,True,
MAR,87,candidate_saturated,True,1.8029886609838286e-07,False,0.0016774416772115952,True,2.648756151372948,5.7620574978045624e-12,0.7963333333333332,0.4846,True,
MAR,88,oracle,True,1.783894321266688e-08,False,0.007641533139582342,True,1.8081067313897747,3.0664359940146824e-13,0.8032,0.502,True,
MAR,88,MAR_ignorability,True,2.5912070197207716e-08,False,0.005462609704485489,True,1.465196958780719,6.81010803305071e-13,0.8032,0.502,True,
MAR,88,selection_misspecified,True,7.99495529923977e-08,False,0.0027899616638109026,True,2.6675221815757832,2.105426943899147e-12,0.8032,0.502,True,
MAR,88,candidate_saturated,True,4.491189085911173e-08,False,0.0015622291280721718,True,2.664937335110466,6.7625904875967535e-12,0.8032,0.502,True,
MAR,89,oracle,True,9.795122208139385e-09,False,0.007227832900698446,True,1.7953619747118252,4.729550084903167e-13,0.8041999999999999,0.506,True,
MAR,89,MAR_ignorability,True,2.255392758087678e-08,False,0.005098923921152352,True,1.4561154269932266,2.0585755322599653e-12,0.8041999999999999,0.506,True,
MAR,89,selection_misspecified,True,5.8492304629386306e-08,False,0.003063657279240647,True,2.654416793500472,8.988365607365267e-13,0.8041999999999999,0.506,True,
MAR,89,candidate_saturated,True,1.2416964412353958e-07,False,0.0019377595859524513,True,2.650388262051714,7.832401394125554e-12,0.8041999999999999,0.506,True,
MAR,90,oracle,True,1.423666723078046e-08,False,0.006496721970159197,True,1.7949187305801264,1.270095140171179e-13,0.8017333333333333,0.5002,True,
MAR,90,MAR_ignorability,True,8.230089852113694e-09,False,0.004016055645517844,True,1.4504500030537957,4.4653170050423796e-13,0.8017333333333333,0.5002,True,
MAR,90,selection_misspecified,True,1.6093412267581542e-07,False,0.0047285808333296184,True,2.6576964417335085,2.0028423364237824e-12,0.8017333333333333,0.5002,True,
MAR,90,candidate_saturated,True,6.3028612277094e-08,False,0.002094488384783687,True,2.6526394615375253,7.651657085716579e-12,0.8017333333333333,0.5002,True,
MAR,91,oracle,True,6.497385978254666e-09,False,0.0075447829741755535,True,1.7901891881747354,1.3744561044859438e-13,0.7984,0.4878,True,
MAR,91,MAR_ignorability,True,9.158027343569852e-09,False,0.004710226655469202,True,1.433722188526661,5.173639294753229e-13,0.7984,0.4878,True,
MAR,91,selection_misspecified,True,7.407962927682664e-08,False,0.005376636514099888,True,2.6504114439677613,1.6533441282717831e-12,0.7984,0.4878,True,
MAR,91,candidate_saturated,True,7.754341540895382e-08,False,0.0018125699172622492,True,2.6455685334835883,2.3523405445757817e-12,0.7984,0.4878,True,
MAR,92,oracle,True,1.5078202286720586e-08,False,0.006949824579211266,True,1.7915376287661688,2.284838984678572e-13,0.7955333333333333,0.4868,True,
MAR,92,MAR_ignorability,True,3.561126829967343e-08,False,0.00409714694086689,True,1.4359493100878074,7.356337761166287e-13,0.7955333333333333,0.4868,True,
MAR,92,selection_misspecified,True,1.0999465105463457e-07,False,0.004637064763430402,True,2.659447601942696,5.122569035620472e-12,0.7955333333333333,0.4868,True,
MAR,92,candidate_saturated,True,6.274343134009541e-08,False,0.0016958426238977975,True,2.6545675949153824,4.690026145226511e-12,0.7955333333333333,0.4868,True,
MAR,93,oracle,True,2.341798567477675e-08,False,0.007093611935306553,True,1.8053640279878445,2.298161660974074e-13,0.8091333333333334,0.5124,True,
MAR,93,MAR_ignorability,True,2.996773530468994e-08,False,0.004743115819112359,True,1.472680947781713,2.8621549574836536e-13,0.8091333333333334,0.5124,True,
MAR,93,selection_misspecified,True,1.1350116956747591e-07,False,0.004046037170240375,True,2.6585086709087338,1.2856382625159313e-12,0.8091333333333334,0.5124,True,
MAR,93,candidate_saturated,True,5.051991868887384e-08,False,0.0020654949920376245,True,2.6541010170572563,8.246292537705813e-12,0.8091333333333334,0.5124,True,
MAR,94,oracle,True,5.0034268702869865e-09,False,0.00766887635552885,True,1.7933797791882222,1.2945200467129325e-13,0.7956666666666666,0.4836,True,
MAR,94,MAR_ignorability,True,1.5043846769202673e-08,False,0.004122364766684671,True,1.440547209338309,6.608047442568932e-13,0.7956666666666666,0.4836,True,
MAR,94,selection_misspecified,True,1.2354896159535583e-07,False,0.004689688281776505,True,2.665685636531911,2.2284396550276142e-12,0.7956666666666666,0.4836,True,
MAR,94,candidate_saturated,True,7.243526359559383e-08,False,0.0021334437241541347,True,2.6622669848121925,2.665423437520076e-12,0.7956666666666666,0.4836,True,
MAR,95,oracle,True,6.616366805358917e-09,False,0.00801302016708983,True,1.781727586677311,2.5646151868841116e-13,0.7989333333333333,0.4922,True,
MAR,95,MAR_ignorability,True,3.974479407009568e-09,False,0.004991873944379608,True,1.44382554081697,3.290701044988964e-13,0.7989333333333333,0.4922,True,
MAR,95,selection_misspecified,True,1.2173235197558973e-07,False,0.005492306802316101,True,2.66017889702323,5.836664485059373e-12,0.7989333333333333,0.4922,True,
MAR,95,candidate_saturated,True,4.3894211269090986e-08,False,0.0017571121919849684,True,2.6550915571594205,3.82716081048784e-12,0.7989333333333333,0.4922,True,
MAR,96,oracle,True,2.523230814672336e-08,False,0.006032300779339682,True,1.793463534724377,4.627409566637652e-13,0.7974666666666667,0.4832,True,
MAR,96,MAR_ignorability,True,1.921928479714133e-08,False,0.003715210536840001,True,1.4441008115361742,3.093081346605686e-13,0.7974666666666667,0.4832,True,
MAR,96,selection_misspecified,True,1.6645523448429247e-08,False,0.004442439140972957,True,2.660577979991941,2.4504842599526455e-12,0.7974666666666667,0.4832,True,
MAR,96,candidate_saturated,True,9.077509035861909e-08,False,0.0019318513086244995,True,2.654614742707016,1.0335732270050357e-11,0.7974666666666667,0.4832,True,
MAR,97,oracle,True,1.7355804908780746e-08,False,0.00795652910768546,True,1.78926117290947,2.1760371282653068e-13,0.8007333333333334,0.4922,True,
MAR,97,MAR_ignorability,True,9.105983179102938e-09,False,0.004945063776975383,True,1.447760739322226,3.4283687000424834e-13,0.8007333333333334,0.4922,True,
MAR,97,selection_misspecified,True,3.079259355394104e-08,False,0.005420874450936997,True,2.660798334237246,4.277023180065953e-12,0.8007333333333334,0.4922,True,
MAR,97,candidate_saturated,True,3.7605668759965735e-08,False,0.0022402886071409634,True,2.6570270194621153,5.03730390732926e-12,0.8007333333333334,0.4922,True,
MAR,98,oracle,True,2.464133584485495e-08,False,0.007080968898215206,True,1.7823752944505162,1.3633538742396922e-13,0.8060666666666667,0.5054,True,
MAR,98,MAR_ignorability,True,1.8714881078796263e-08,False,0.0050634742952174756,True,1.4496671712229066,6.212808045802376e-13,0.8060666666666667,0.5054,True,
MAR,98,selection_misspecified,True,5.647162138882056e-08,False,0.005745720335092219,True,2.644729375527939,1.6835421945415874e-12,0.8060666666666667,0.5054,True,
MAR,98,candidate_saturated,True,4.5905909070143025e-08,False,0.0018941622109426071,True,2.638363604792983,2.1036505870597466e-12,0.8060666666666667,0.5054,True,
MAR,99,oracle,True,2.1750904048939423e-08,False,0.0080053364631302,True,1.787327649895245,2.4158453015843406e-13,0.7987333333333333,0.4932,True,
MAR,99,MAR_ignorability,True,2.4910666280092646e-08,False,0.005172479398854952,True,1.4390249784838602,1.354250045437766e-12,0.7987333333333333,0.4932,True,
MAR,99,selection_misspecified,True,6.638531352856498e-08,False,0.0057287229127338975,True,2.6540681940928974,3.894662370385049e-13,0.7987333333333333,0.4932,True,
MAR,99,candidate_saturated,True,8.787944079797772e-08,False,0.0020409176299660825,True,2.6496415275176357,2.325251102774928e-12,0.7987333333333333,0.4932,True,
MNAR,0,oracle,True,1.770764405554237e-08,False,0.006900365019250971,True,1.800943690950685,1.7674750552032492e-13,0.8039333333333333,0.5368,True,
MNAR,0,MAR_ignorability,True,1.8934400029496646e-08,False,0.0013007857314779419,True,1.480724333687856,2.944311461305915e-13,0.8039333333333333,0.5368,True,
MNAR,0,selection_misspecified,True,3.1468070668267614e-06,True,2.869859836810985e-06,False,2.5926803491675017,2.62367905179417e-12,0.8039333333333333,0.5368,True,"10,12"
MNAR,0,candidate_saturated,True,8.85566641557034e-08,False,0.0008407594750382923,True,2.543548778406001,8.137490681292547e-12,0.8039333333333333,0.5368,True,
MNAR,1,oracle,True,4.02320734940842e-08,False,0.007642334824764869,True,1.7916049372201488,2.275957200481571e-13,0.7927333333333334,0.5084,True,
MNAR,1,MAR_ignorability,True,3.440733539323837e-08,False,0.0008418852260849452,True,1.458126577165008,4.454214774796128e-13,0.7927333333333334,0.5084,True,
MNAR,1,selection_misspecified,True,2.3342247674344137e-06,True,2.289596167713414e-06,False,2.6050605412244288,3.4505731605349865e-13,0.7927333333333334,0.5084,True,"10,12"
MNAR,1,candidate_saturated,True,3.4296338495920506e-08,False,0.0009312289300624502,True,2.5612687488385557,7.509992627774409e-12,0.7927333333333334,0.5084,True,
MNAR,2,oracle,True,4.549119825454362e-08,False,0.0075322474327302776,True,1.790899862492245,2.0872192862952943e-13,0.8031333333333334,0.527,True,
MNAR,2,MAR_ignorability,True,6.482310865316698e-08,False,0.001276566561640234,True,1.464962938665603,1.149080830487037e-12,0.8031333333333334,0.527,True,
MNAR,2,selection_misspecified,True,2.1812856818560236e-06,True,2.130383596053194e-06,False,2.5901523367451205,2.2932766796657233e-12,0.8031333333333334,0.527,True,"10,12"
MNAR,2,candidate_saturated,True,4.3658447352412643e-08,False,0.0018410230163072247,True,2.5397106652681716,1.1890044504525576e-11,0.8031333333333334,0.527,True,
MNAR,3,oracle,True,4.5403807801785554e-08,False,0.007947994002108995,True,1.7811785315329,6.334932578511143e-13,0.8006666666666667,0.5168,True,
MNAR,3,MAR_ignorability,True,4.954500684106189e-08,False,0.001721035553246336,True,1.4606703831516843,6.930012119710227e-13,0.8006666666666667,0.5168,True,
MNAR,3,selection_misspecified,True,2.4012510917557668e-06,True,2.343221089143568e-06,False,2.586400282387512,8.433254095052689e-13,0.8006666666666667,0.5168,True,"10,12"
MNAR,3,candidate_saturated,True,9.15652698068925e-08,False,0.0013102575383572954,True,2.544759396275314,3.4590108555221377e-12,0.8006666666666667,0.5168,True,
MNAR,4,oracle,True,1.1239379585764598e-08,False,0.007754144798889379,True,1.7803431000810752,7.509548538564559e-13,0.7997333333333333,0.5208,True,
MNAR,4,MAR_ignorability,True,1.9860189071629898e-08,False,0.0007491393099543463,True,1.4504485184657763,5.693223670277803e-13,0.7997333333333333,0.5208,True,
MNAR,4,selection_misspecified,True,2.646282379383133e-06,True,2.2006200009513568e-06,False,2.573473192948476,5.027089855502709e-12,0.7997333333333333,0.5208,True,"10,12"
MNAR,4,candidate_saturated,True,1.4862451159280977e-07,False,0.0013131317632333532,True,2.5348807629444288,6.926459406031427e-12,0.7997333333333333,0.5208,True,
MNAR,5,oracle,True,7.21399957997193e-09,False,0.007335547937119589,True,1.7991309814120453,5.111466805374221e-13,0.7984666666666667,0.5226,True,
MNAR,5,MAR_ignorability,True,2.5329636467143983e-08,False,0.0017127830382372355,True,1.4610650070439206,4.3498538104813633e-13,0.7984666666666667,0.5226,True,
MNAR,5,selection_misspecified,True,3.0916003507474722e-06,True,2.073342773586613e-06,False,2.588422661565775,2.1396218130576017e-12,0.7984666666666667,0.5226,True,"10,12"
MNAR,5,candidate_saturated,True,6.40216749445699e-08,False,0.0004862611421167133,True,2.54427888991195,8.207656776448857e-12,0.7984666666666667,0.5226,True,
MNAR,6,oracle,True,2.8095129131233686e-08,False,0.0074273449238200446,True,1.797618856108594,5.03375119365046e-13,0.8016666666666666,0.5288,True,
MNAR,6,MAR_ignorability,True,2.362290455402258e-08,False,0.002442080213902035,True,1.4631924005477428,1.0178524689763435e-12,0.8016666666666666,0.5288,True,
MNAR,6,selection_misspecified,True,2.9420000708060776e-06,True,2.288026131868798e-06,False,2.5847121584381996,4.880540416252188e-13,0.8016666666666666,0.5288,True,"10,12"
MNAR,6,candidate_saturated,True,8.929420582669546e-08,False,0.0005211875168387552,True,2.544243708574347,7.684963776455334e-12,0.8016666666666666,0.5288,True,
MNAR,7,oracle,True,2.025708248588609e-08,False,0.006971345703253608,True,1.8000137629187716,1.8707257964933888e-12,0.7961999999999999,0.5192,True,
MNAR,7,MAR_ignorability,True,2.259295986348775e-08,False,0.00032251894782243506,True,1.4670534082054771,4.0234482412415673e-13,0.7961999999999999,0.5192,True,
MNAR,7,selection_misspecified,True,3.129229952959068e-06,True,2.176523320467763e-06,False,2.6001353014968043,5.013767179207207e-13,0.7961999999999999,0.5192,True,"10,12"
MNAR,7,candidate_saturated,True,7.185283572042067e-08,False,0.0014104971633233322,True,2.5481898454265006,1.4002576875782324e-11,0.7961999999999999,0.5192,True,
MNAR,8,oracle,True,9.66589753670366e-09,False,0.00729546724035865,True,1.788583729201253,1.9317880628477724e-13,0.8012666666666667,0.5194,True,
MNAR,8,MAR_ignorability,True,2.3225104756168207e-08,False,0.0014424732970468876,True,1.4552386766207053,7.291944825738028e-13,0.8012666666666667,0.5194,True,
MNAR,8,selection_misspecified,True,2.463792809279053e-06,True,2.222064713235946e-06,False,2.578775630491549,1.5925039065223245e-12,0.8012666666666667,0.5194,True,"10,12"
MNAR,8,candidate_saturated,True,3.587295432794235e-08,False,0.000510055207523237,True,2.545859800556572,1.0892176049992486e-11,0.8012666666666667,0.5194,True,
MNAR,9,oracle,True,1.159479705810651e-08,False,0.007304467619107814,True,1.7767487752621565,7.136513602290506e-13,0.8025333333333333,0.5326,True,
MNAR,9,MAR_ignorability,True,6.219305261725428e-08,False,0.0016771750909866721,True,1.4529951015904827,4.640732242933154e-13,0.8025333333333333,0.5326,True,
MNAR,9,selection_misspecified,True,3.1392459887179395e-06,True,2.5851776829465377e-06,False,2.5614404210268162,2.546851618490109e-12,0.8025333333333333,0.5326,True,"10,12"
MNAR,9,candidate_saturated,True,8.041775016263131e-08,False,0.0005744917751551519,True,2.519170478834543,3.462119479991088e-12,0.8025333333333333,0.5326,True,
MNAR,10,oracle,True,2.026339150089651e-08,False,0.007807016024844319,True,1.7942895385989586,4.718447854656915e-13,0.7934666666666667,0.5098,True,
MNAR,10,MAR_ignorability,True,2.675066754596056e-08,False,0.00254194945143532,True,1.44981589527863,3.008704396734174e-13,0.7934666666666667,0.5098,True,
MNAR,10,selection_misspecified,True,2.198830608723549e-06,True,1.737146867859138e-06,False,2.593100006551722,1.0977885267493548e-12,0.7934666666666667,0.5098,True,"10,12"
MNAR,10,candidate_saturated,True,1.3139381074864786e-07,False,0.0012249792069112112,True,2.548636637711613,2.1680435224880057e-12,0.7934666666666667,0.5098,True,
MNAR,11,oracle,True,1.728119980806053e-08,False,0.0075118991229082745,True,1.792036721760712,1.9739765377835283e-13,0.7974666666666667,0.5146,True,
MNAR,11,MAR_ignorability,True,1.9151796668416648e-08,False,0.0022417681193527108,True,1.46335100678915,6.814548925149211e-13,0.7974666666666667,0.5146,True,
MNAR,11,selection_misspecified,True,2.369997090826168e-06,True,2.1275772919886273e-06,False,2.597098029479775,1.13509202037676e-12,0.7974666666666667,0.5146,True,"10,12"
MNAR,11,candidate_saturated,True,8.397729991429514e-08,False,0.000643777526249602,True,2.5588588167743738,4.508837747607686e-12,0.7974666666666667,0.5146,True,
MNAR,12,oracle,True,1.4913251377989945e-08,False,0.006729322964862698,True,1.8092140023902372,2.1738166822160565e-13,0.7957333333333333,0.5144,True,
MNAR,12,MAR_ignorability,True,2.4800291152873834e-08,False,0.0011964586355290552,True,1.467127174991283,7.789324740770098e-13,0.7957333333333333,0.5144,True,
MNAR,12,selection_misspecified,True,2.7533369165863747e-06,True,1.9853440470899613e-06,False,2.6066554914716282,2.6272317654729704e-12,0.7957333333333333,0.5144,True,"10,12"
MNAR,12,candidate_saturated,True,4.377444058434321e-08,False,0.001165602746179851,True,2.554109813070461,3.76054742901033e-12,0.7957333333333333,0.5144,True,
MNAR,13,oracle,True,1.523969283805573e-08,False,0.006732936749903514,True,1.7870946619976327,3.7903014060702844e-13,0.7904,0.5004,True,
MNAR,13,MAR_ignorability,True,1.2295955053209066e-08,False,0.0014941103722958874,True,1.436648765427219,1.63202784619898e-13,0.7904,0.5004,True,
MNAR,13,selection_misspecified,True,3.047330416237342e-06,True,1.6540958428754021e-06,False,2.5807894444911983,1.4317436125566019e-12,0.7904,0.5004,True,"10,12"
MNAR,13,candidate_saturated,True,5.0968753470215235e-08,False,0.0014771037964917374,True,2.535031274208708,3.5975666889953573e-12,0.7904,0.5004,True,
MNAR,14,oracle,True,1.506915125837338e-08,False,0.007209067283446423,True,1.8077800394576042,3.9013237085328e-13,0.7998666666666666,0.5158,True,
MNAR,14,MAR_ignorability,True,2.4527217789365662e-08,False,0.0013979731141732835,True,1.4685333623823087,6.061817714453355e-13,0.7998666666666666,0.5158,True,
MNAR,14,selection_misspecified,True,2.4875464908698823e-06,True,1.959662458405587e-06,False,2.600906211818623,2.0121682098306337e-12,0.7998666666666666,0.5158,True,"10,12"
MNAR,14,candidate_saturated,True,7.934689132711448e-08,False,0.0014670927060767502,True,2.5539907648958025,6.765255022855854e-12,0.7998666666666666,0.5158,True,
MNAR,15,oracle,True,2.141342973791885e-08,False,0.006645668051866727,True,1.8085057793694848,2.469136006766348e-13,0.7979333333333334,0.5152,True,
MNAR,15,MAR_ignorability,True,2.3611074314952856e-08,False,0.00025780427534885324,True,1.4653933737951095,6.583622536027178e-13,0.7979333333333334,0.5152,True,
MNAR,15,selection_misspecified,True,2.4364369343192357e-06,True,1.7764616908466008e-06,False,2.606689173421844,9.2192919964873e-13,0.7979333333333334,0.5152,True,"10,12"
MNAR,15,candidate_saturated,True,4.8756369987756895e-08,False,0.001594927005153289,True,2.5647167372865503,2.617905892066119e-12,0.7979333333333334,0.5152,True,
MNAR,16,oracle,True,2.5556135070958773e-08,False,0.007205139758903824,True,1.79400690041442,1.13464793116691e-13,0.8020666666666667,0.5228,True,
MNAR,16,MAR_ignorability,True,1.94724042675669e-08,False,0.0012320204190726294,True,1.4668048753665297,2.6334490144108713e-13,0.8020666666666667,0.5228,True,
MNAR,16,selection_misspecified,True,2.886848026607647e-06,True,2.4771481852132877e-06,False,2.5831628213954536,7.522871214860061e-13,0.8020666666666667,0.5228,True,"10,12"
MNAR,16,candidate_saturated,True,4.630759989083799e-08,False,0.0013850732518624958,True,2.5455199986443704,3.795630476588485e-12,0.8020666666666667,0.5228,True,
MNAR,17,oracle,True,3.0792272479979176e-08,False,0.005808743397350394,True,1.7989601851243915,8.992806499463768e-14,0.8059333333333334,0.5324,True,
MNAR,17,MAR_ignorability,True,1.715766380566608e-08,False,0.001467286466836359,True,1.4667728666684277,5.868638908168577e-13,0.8059333333333334,0.5324,True,
MNAR,17,selection_misspecified,True,2.6008019648596174e-06,True,2.5450477331193304e-06,False,2.5765785690532206,2.3936408410918375e-13,0.8059333333333334,0.5324,True,"10,12"
MNAR,17,candidate_saturated,True,1.553297755498395e-07,False,0.0009355473291110678,True,2.531729879348201,7.279066238652376e-12,0.8059333333333334,0.5324,True,
MNAR,18,oracle,True,2.2732716325631237e-08,False,0.007143612093779302,True,1.7921423513893533,6.883382752675971e-13,0.8039999999999999,0.531,True,
MNAR,18,MAR_ignorability,True,7.400068175506712e-08,False,0.001217810115687771,True,1.466483838856443,4.46975789714088e-13,0.8039999999999999,0.531,True,
MNAR,18,selection_misspecified,True,2.7428269080278246e-06,True,2.5829908720479184e-06,False,2.577336434223868,1.5121237595394632e-12,0.8039999999999999,0.531,True,"10,12"
MNAR,18,candidate_saturated,True,1.2934854382251615e-07,False,0.0008931921206612684,True,2.5379848178089093,4.341860204704062e-12,0.8039999999999999,0.531,True,
MNAR,19,oracle,True,4.521080048787464e-08,False,0.007153349587824104,True,1.796505752256517,1.4699352846037073e-13,0.8039333333333333,0.5296,True,
MNAR,19,MAR_ignorability,True,2.1067156345007388e-08,False,0.0013241046707074089,True,1.4727111168244202,1.4876988529977098e-13,0.8039333333333333,0.5296,True,
MNAR,19,selection_misspecified,True,2.9510142424850127e-06,True,2.4739775934723114e-06,False,2.588177514612408,1.1310952174881095e-12,0.8039333333333333,0.5296,True,"10,12"
MNAR,19,candidate_saturated,True,6.962374469804411e-08,False,0.0003094918149271517,True,2.548073010131271,9.173550807872743e-12,0.8039333333333333,0.5296,True,
MNAR,20,oracle,True,7.48194144470915e-09,False,0.007647683390168936,True,1.7991857719580042,1.3655743202889425e-13,0.798,0.5168,True,
MNAR,20,MAR_ignorability,True,2.9384359422386024e-08,False,0.0005995937412464247,True,1.4633615676691099,3.1863400806741993e-13,0.798,0.5168,True,
MNAR,20,selection_misspecified,True,2.507942008347217e-06,True,2.5024804009464736e-06,False,2.591569153911138,4.615419157971701e-12,0.798,0.5168,True,"10,12"
MNAR,20,candidate_saturated,True,4.53649031414774e-08,False,0.0006658841378092244,True,2.5501930639502577,3.4132696669075813e-12,0.798,0.5168,True,
MNAR,21,oracle,True,7.3063248326673405e-09,False,0.006215974261922961,True,1.7719457467399744,5.582201367815287e-13,0.789,0.4972,True,
MNAR,21,MAR_ignorability,True,4.7287076616727603e-08,False,0.0008170173076634129,True,1.4410715490478303,2.3314683517128287e-13,0.789,0.4972,True,
MNAR,21,selection_misspecified,True,2.6487437127237332e-06,True,2.4944104568589507e-06,False,2.5845780525757602,8.855138844410249e-13,0.789,0.4972,True,"10,12"
MNAR,21,candidate_saturated,True,6.675104881992411e-08,False,0.0011859659339025876,True,2.5361421819912384,1.070832311711456e-11,0.789,0.4972,True,
MNAR,22,oracle,True,2.1672128256868937e-08,False,0.00753333693316904,True,1.8028039791108048,2.0183854587685346e-13,0.8010666666666667,0.523,True,
MNAR,22,MAR_ignorability,True,4.4996198072352567e-08,False,0.0019551462758612284,True,1.4730200732796424,5.349054532644004e-13,0.8010666666666667,0.523,True,
MNAR,22,selection_misspecified,True,2.673597208180849e-06,True,2.3374164481553926e-06,False,2.591895216498158,1.8118839761882555e-13,0.8010666666666667,0.523,True,"10,12"
MNAR,22,candidate_saturated,True,5.880290713287106e-08,False,0.000840564316388198,True,2.5507420524902953,2.2581936320875684e-12,0.8010666666666667,0.523,True,
MNAR,23,oracle,True,1.0279780459274655e-08,False,0.007047539790603023,True,1.7821502098829827,8.593126210598712e-14,0.8019333333333334,0.523,True,
MNAR,23,MAR_ignorability,True,5.969203078741475e-09,False,0.002202858838031589,True,1.448191956783613,4.2588155224621005e-13,0.8019333333333334,0.523,True,
MNAR,23,selection_misspecified,True,2.561686235756466e-06,True,1.709120668944526e-06,False,2.5727558391888357,6.070699498650356e-13,0.8019333333333334,0.523,True,"10,12"
MNAR,23,candidate_saturated,True,1.4242212865269722e-07,False,0.0019219118274086692,True,2.528786372186371,1.3601120230077868e-11,0.8019333333333334,0.523,True,
MNAR,24,oracle,True,9.933041432230727e-09,False,0.007896134560274886,True,1.8009417532997039,6.616929226765933e-14,0.8018666666666667,0.5266,True,
MNAR,24,MAR_ignorability,True,1.441037603236054e-08,False,0.0011512921006075285,True,1.4775017081092585,4.18332035678759e-13,0.8018666666666667,0.5266,True,
MNAR,24,selection_misspecified,True,2.9740629941527796e-06,True,2.1174756195743097e-06,False,2.6010824919182673,1.2319034681240737e-12,0.8018666666666667,0.5266,True,"10,12"
MNAR,24,candidate_saturated,True,3.423859451285871e-08,False,0.0006856804597245106,True,2.5595089428459614,9.706901948902669e-12,0.8018666666666667,0.5266,True,
MNAR,25,oracle,True,1.887516865644763e-08,False,0.0073569925081905345,True,1.8062961184590782,2.5934809855243657e-13,0.7982,0.518,True,
MNAR,25,MAR_ignorability,True,3.869727560618097e-08,False,0.0012398197283144986,True,1.4691895373693011,2.2248869413488137e-13,0.7982,0.518,True,
MNAR,25,selection_misspecified,True,2.7123554199362935e-06,True,2.43966812322507e-06,False,2.5971324930085578,5.293543381412746e-13,0.7982,0.518,True,"10,12"
MNAR,25,candidate_saturated,True,1.2201856580986714e-07,False,0.0004670472265200393,True,2.5540923567614016,1.0249134874129595e-11,0.7982,0.518,True,
MNAR,26,oracle,True,3.1661313344422126e-09,False,0.0072238645004435035,True,1.7990836675833848,2.220446049250313e-13,0.7993333333333333,0.519,True,
MNAR,26,MAR_ignorability,True,1.5457038324523508e-08,False,0.0012691965341382033,True,1.4615177825186128,2.928768338961163e-13,0.7993333333333333,0.519,True,
MNAR,26,selection_misspecified,True,2.5724176227275415e-06,True,2.517812145884084e-06,False,2.582697752538063,1.9682033780554775e-12,0.7993333333333333,0.519,True,"10,12"
MNAR,26,candidate_saturated,True,5.896276836239167e-08,False,0.0009669225988820912,True,2.538368604583379,5.17452747317293e-12,0.7993333333333333,0.519,True,
MNAR,27,oracle,True,1.1201963032420568e-08,False,0.006423613617981253,True,1.8063243738748156,2.071676163950542e-13,0.8034666666666667,0.526,True,
MNAR,27,MAR_ignorability,True,4.444596155681602e-08,False,0.001054282270595002,True,1.4749019606857101,1.0369483049998962e-12,0.8034666666666667,0.526,True,
MNAR,27,selection_misspecified,True,2.4942915046224723e-06,True,2.1071461485990757e-06,False,2.596514055783276,1.368682944757893e-12,0.8034666666666667,0.526,True,"10,12"
MNAR,27,candidate_saturated,True,9.72097528432414e-08,False,0.0007633463980676792,True,2.554042695190342,5.466294084044421e-12,0.8034666666666667,0.526,True,
MNAR,28,oracle,True,2.3926066479801333e-08,False,0.007341043217269718,True,1.7969255831719761,3.0886404545071855e-13,0.8004666666666668,0.5188,True,
MNAR,28,MAR_ignorability,True,2.6521907232147853e-08,False,0.0018158540434864046,True,1.4676627390674366,7.924771949774367e-13,0.8004666666666668,0.5188,True,
MNAR,28,selection_misspecified,True,2.869403200753629e-06,True,2.1906252510424305e-06,False,2.5892527084036185,1.8185453143360064e-12,0.8004666666666668,0.5188,True,"10,12"
MNAR,28,candidate_saturated,True,9.942136153995306e-08,False,0.0005972361058866343,True,2.55037243394569,3.5407232701345492e-12,0.8004666666666668,0.5188,True,
MNAR,29,oracle,True,2.5329274677476922e-08,False,0.007631870071537651,True,1.805834444218023,1.5480949855373183e-12,0.7988,0.5144,True,
MNAR,29,MAR_ignorability,True,3.672163068736001e-08,False,0.0015491238041493262,True,1.4674106164220166,3.1885605267234496e-13,0.7988,0.5144,True,
MNAR,29,selection_misspecified,True,2.3429154443697487e-06,True,2.2879858939408295e-06,False,2.5982390613042647,1.397548743398147e-12,0.7988,0.5144,True,"10,12"
MNAR,29,candidate_saturated,True,9.768370920326674e-08,False,0.0013206079812304722,True,2.5588488524946342,7.846168159630906e-12,0.7988,0.5144,True,
MNAR,30,oracle,True,2.8549763872898205e-08,False,0.007117614586355254,True,1.797172079979314,4.4919623576333834e-13,0.8029999999999999,0.5252,True,
MNAR,30,MAR_ignorability,True,1.4345415645412474e-08,False,0.0009984403827868601,True,1.4707263722766482,4.576339307504895e-13,0.8029999999999999,0.5252,True,
MNAR,30,selection_misspecified,True,3.202947446603305e-06,True,2.6232351752121385e-06,False,2.5821326564966816,1.6626700016786344e-12,0.8029999999999999,0.5252,True,"10,12"
MNAR,30,candidate_saturated,True,3.9217368293356644e-08,False,0.0012271464161031673,True,2.5344251691639483,3.129052572603541e-12,0.8029999999999999,0.5252,True,
MNAR,31,oracle,True,8.993785821509448e-09,False,0.0074782508976899064,True,1.8057451081849454,2.0938806244430452e-13,0.7945333333333333,0.505,True,
MNAR,31,MAR_ignorability,True,4.3618571382486595e-08,False,0.0013975193434660204,True,1.4629581792319488,7.012168623532489e-13,0.7945333333333333,0.505,True,
MNAR,31,selection_misspecified,True,2.2674975806417973e-06,True,2.152858100303348e-06,False,2.603985181427745,1.468158927764307e-12,0.7945333333333333,0.505,True,"10,12"
MNAR,31,candidate_saturated,True,2.8174808591074908e-08,False,0.0009352882973030371,True,2.5606065057338574,6.023626042406249e-12,0.7945333333333333,0.505,True,
MNAR,32,oracle,True,3.089474908856034e-09,False,0.007266753974135119,True,1.7805361402199895,1.2367884494324244e-13,0.7988,0.5238,True,
MNAR,32,MAR_ignorability,True,2.3879126772374804e-08,False,0.0014316460020352313,True,1.4488353397741862,3.9412917374193057e-13,0.7988,0.5238,True,
MNAR,32,selection_misspecified,True,2.6746787627393406e-06,True,2.672757556656887e-06,False,2.5682500761212426,8.131273432354647e-13,0.7988,0.5238,True,"10,12"
MNAR,32,candidate_saturated,True,6.062361829819451e-08,False,0.00039254136029593745,True,2.528159928817601,5.570210959149335e-12,0.7988,0.5238,True,
MNAR,33,oracle,True,2.0750764426002988e-08,False,0.007721441444339925,True,1.7823841953935857,1.674216321134736e-13,0.8024666666666667,0.5254,True,
MNAR,33,MAR_ignorability,True,3.969985683361891e-09,False,0.001885865719299554,True,1.4585632744242658,4.4364512064021255e-13,0.8024666666666667,0.5254,True,
MNAR,33,selection_misspecified,True,2.6702601751147583e-06,True,2.3254334437653854e-06,False,2.5722497431618505,1.6462387009141821e-12,0.8024666666666667,0.5254,True,"10,12"
MNAR,33,candidate_saturated,True,4.4062201834549345e-08,False,0.0007450828710777091,True,2.5300734870601316,5.227818178354937e-12,0.8024666666666667,0.5254,True,
MNAR,34,oracle,True,3.330060113884703e-08,False,0.007511019650619581,True,1.815994990960486,1.6564527527407336e-12,0.7984666666666667,0.5244,True,
MNAR,34,MAR_ignorability,True,2.706787228481389e-08,False,0.002407503261645774,True,1.4771892231528585,3.459454944731988e-13,0.7984666666666667,0.5244,True,
MNAR,34,selection_misspecified,True,3.0395838447957543e-06,True,2.6204347226181302e-06,False,2.6019463795889113,1.2545520178264269e-12,0.7984666666666667,0.5244,True,"10,12"
MNAR,34,candidate_saturated,True,7.749024812664373e-08,False,0.0001961713414846893,True,2.56138803507176,1.9954704555402714e-11,0.7984666666666667,0.5244,True,
MNAR,35,oracle,True,2.7996523245610305e-08,False,0.0065835875696093485,True,1.8059167686711932,1.1524114995609125e-13,0.8004666666666668,0.5242,True,
MNAR,35,MAR_ignorability,True,3.2483602980626355e-08,False,0.0014035521940885477,True,1.4679284153953682,2.4298341116946176e-12,0.8004666666666668,0.5242,True,
MNAR,35,selection_misspecified,True,2.930883446096269e-06,True,2.612866750544314e-06,False,2.5878211922372727,6.45261621912141e-13,0.8004666666666668,0.5242,True,"10,12"
MNAR,35,candidate_saturated,True,6.99736443209531e-08,False,0.001397779668477514,True,2.538250600020968,4.934719299853896e-12,0.8004666666666668,0.5242,True,
MNAR,36,oracle,True,1.315881788026413e-08,False,0.007528782286467869,True,1.7970456258946603,3.9190872769268026e-13,0.7996,0.516,True,
MNAR,36,MAR_ignorability,True,3.6557257764380234e-08,False,0.0013750032224651544,True,1.4656993717913023,1.1186607196123077e-12,0.7996,0.516,True,
MNAR,36,selection_misspecified,True,2.4925847235445954e-06,True,2.3623341916755243e-06,False,2.593234822561243,1.270095140171179e-12,0.7996,0.516,True,"10,12"
MNAR,36,candidate_saturated,True,3.293934461225945e-08,False,0.0011966521959963512,True,2.5551514911896076,7.345679620129886e-12,0.7996,0.516,True,
MNAR,37,oracle,True,1.2238892375426858e-08,False,0.007604542210526693,True,1.7763068306210643,4.871658632055187e-13,0.7940666666666667,0.5114,True,
MNAR,37,MAR_ignorability,True,3.7221269405227076e-08,False,0.0008323162768141614,True,1.434399541939195,3.11972669919669e-13,0.7940666666666667,0.5114,True,
MNAR,37,selection_misspecified,True,2.9863913064547063e-06,True,2.3911087103426756e-06,False,2.5610644730244116,1.340705324537339e-12,0.7940666666666667,0.5114,True,"10,12"
MNAR,37,candidate_saturated,True,4.115486892146691e-08,False,0.0011445058694643476,True,2.5220705453457644,6.7701400041642046e-12,0.7940666666666667,0.5114,True,
MNAR,38,oracle,True,3.192691221691746e-08,False,0.007509840696615972,True,1.7931403843491616,1.48991929904696e-13,0.8013333333333333,0.5276,True,
MNAR,38,MAR_ignorability,True,5.838908062155701e-08,False,0.0016907816624990159,True,1.4634435326625792,3.008704396734174e-13,0.8013333333333333,0.5276,True,
MNAR,38,selection_misspecified,True,2.6225876363179903e-06,True,2.375730879514593e-06,False,2.58083394692303,1.2243539515566226e-12,0.8013333333333333,0.5276,True,"10,12"
MNAR,38,candidate_saturated,True,1.7684727955055156e-07,False,0.0006000889942460644,True,2.531545629161631,4.875211345733987e-12,0.8013333333333333,0.5276,True,
MNAR,39,oracle,True,8.718009587173336e-09,False,0.006327021869036962,True,1.8129649630698859,3.26405569239796e-13,0.8000666666666666,0.5192,True,
MNAR,39,MAR_ignorability,True,3.8022015411876e-08,False,0.0008573234323752935,True,1.470601152348241,6.967759702547482e-13,0.8000666666666666,0.5192,True,
MNAR,39,selection_misspecified,True,2.8102099556771194e-06,True,2.670626636551025e-06,False,2.5953344216679937,5.5493387662863825e-12,0.8000666666666666,0.5192,True,"10,12"
MNAR,39,candidate_saturated,True,2.699585584252873e-07,False,0.0008838470822992485,True,2.5546662428348377,5.900169242067932e-12,0.8000666666666666,0.5192,True,
MNAR,40,oracle,True,2.8770027546804605e-08,False,0.0061006186794217345,True,1.7973545508150033,2.4003021792395884e-13,0.8001999999999999,0.5196,True,
MNAR,40,MAR_ignorability,True,2.6113135071526017e-08,False,0.0013595578755010846,True,1.468993455319533,6.965539256498232e-13,0.8001999999999999,0.5196,True,
MNAR,40,selection_misspecified,True,2.7933313243055287e-06,True,1.932091125497032e-06,False,2.595214368415819,1.0955680807001045e-12,0.8001999999999999,0.5196,True,"10,12"
MNAR,40,candidate_saturated,True,5.146431644789118e-08,False,0.000748455231547388,True,2.547343413684057,5.154099369519827e-12,0.8001999999999999,0.5196,True,
MNAR,41,oracle,True,4.7284227022625916e-08,False,0.007301379473673506,True,1.812570669717253,1.1226575225009583e-12,0.8046666666666668,0.5288,True,
MNAR,41,MAR_ignorability,True,4.700563113951161e-08,False,0.0018503896010386117,True,1.482847477299689,9.172662629453043e-13,0.8046666666666668,0.5288,True,
MNAR,41,selection_misspecified,True,3.1796900019796155e-06,True,2.0156971394159312e-06,False,2.5985255502543985,5.941913627793838e-13,0.8046666666666668,0.5288,True,"10,12"
MNAR,41,candidate_saturated,True,9.981241598295831e-08,False,0.0003938311124607704,True,2.5561897639579163,7.400746682151293e-12,0.8046666666666668,0.5288,True,
MNAR,42,oracle,True,2.4790894195320103e-08,False,0.008363082550302738,True,1.7950431088689978,4.030109579389318e-12,0.7979333333333334,0.5206,True,
MNAR,42,MAR_ignorability,True,2.496496778645607e-08,False,0.00226288920763799,True,1.4576789920608713,2.4713564528155985e-13,0.7979333333333334,0.5206,True,
MNAR,42,selection_misspecified,True,2.940897246049091e-06,True,2.3029114702110047e-06,False,2.5814957224275314,3.5571545708990016e-13,0.7979333333333334,0.5206,True,"10,12"
MNAR,42,candidate_saturated,True,3.5015353713419015e-08,False,0.0008161143250573336,True,2.53634309570461,4.571898415406395e-12,0.7979333333333334,0.5206,True,
MNAR,43,oracle,True,1.1342967688587891e-08,False,0.007135820736733282,True,1.7926942123571763,3.681499549657019e-13,0.8000666666666666,0.5292,True,
MNAR,43,MAR_ignorability,True,3.383118453500572e-08,False,0.0012270110608167037,True,1.459174553663521,1.262989712813578e-12,0.8000666666666666,0.5292,True,
MNAR,43,selection_misspecified,True,2.6098853585574864e-06,True,2.1317593953499553e-06,False,2.586011054062324,1.036060126580196e-12,0.8000666666666666,0.5292,True,"10,12"
MNAR,43,candidate_saturated,True,9.98514315256216e-08,False,0.0015914825629861845,True,2.5431561311363113,2.581490576858414e-12,0.8000666666666666,0.5292,True,
MNAR,44,oracle,True,7.147257942952123e-09,False,0.0070333244028252025,True,1.7930664172052901,4.092282068768327e-13,0.7982,0.5132,True,
MNAR,44,MAR_ignorability,True,3.835821732602468e-08,False,0.0010540141645859274,True,1.4568955163234458,1.9984014443252818e-13,0.7982,0.5132,True,
MNAR,44,selection_misspecified,True,2.3898238630168287e-06,True,2.286937065683595e-06,False,2.5848537263855773,4.144684595530634e-12,0.7982,0.5132,True,"10,12"
MNAR,44,candidate_saturated,True,1.4677076780458266e-07,False,0.0013320664356753734,True,2.5423136858848485,9.50661771526029e-12,0.7982,0.5132,True,
MNAR,45,oracle,True,3.681039658402808e-08,False,0.007262311656053774,True,1.804731579595449,3.355093980417223e-13,0.8018666666666667,0.527,True,
MNAR,45,MAR_ignorability,True,3.4224043475372664e-08,False,0.002099558569103845,True,1.4745122514511997,3.348432642269472e-13,0.8018666666666667,0.527,True,
MNAR,45,selection_misspecified,True,2.6288602137020746e-06,True,2.395263327755366e-06,False,2.5963930616229103,1.446398556481654e-12,0.8018666666666667,0.527,True,"10,12"
MNAR,45,candidate_saturated,True,1.7339836827834354e-07,False,0.0008493454517454392,True,2.5528914939681013,6.4925842480079154e-12,0.8018666666666667,0.527,True,
MNAR,46,oracle,True,1.537068121997276e-08,False,0.0075305646369824035,True,1.7942364507961306,3.7969627442180354e-13,0.7993333333333333,0.5176,True,
MNAR,46,MAR_ignorability,True,3.9472023488578333e-08,False,0.0010314293102527668,True,1.4543970162500057,9.738876372011873e-13,0.7993333333333333,0.5176,True,
MNAR,46,selection_misspecified,True,2.558133635540004e-06,True,2.256244155662629e-06,False,2.582000591029452,1.3558043576722412e-12,0.7993333333333333,0.5176,True,"10,12"
MNAR,46,candidate_saturated,True,5.8931962634289905e-08,False,0.0010331541329391869,True,2.5435996987992793,4.196643033083092e-12,0.7993333333333333,0.5176,True,
MNAR,47,oracle,True,2.089200961031823e-08,False,0.007606906093117505,True,1.7851260285547659,2.0938806244430452e-13,0.7947333333333333,0.5106,True,
MNAR,47,MAR_ignorability,True,2.7672674721230285e-08,False,0.0015437159616529456,True,1.4467235891643893,4.1722181265413383e-13,0.7947333333333333,0.5106,True,
MNAR,47,selection_misspecified,True,2.195906382503812e-06,True,2.103277890369608e-06,False,2.5889364443749816,6.146194664324867e-13,0.7947333333333333,0.5106,True,"10,12"
MNAR,47,candidate_saturated,True,5.530208258122116e-08,False,0.001299446563714926,True,2.549353382467201,3.2924774018283642e-12,0.7947333333333333,0.5106,True,
MNAR,48,oracle,True,1.5432366541178432e-08,False,0.0070798944789179944,True,1.7888602738820747,1.9317880628477724e-13,0.8047333333333334,0.5296,True,
MNAR,48,MAR_ignorability,True,4.0476800037298244e-08,False,0.0011351603903028513,True,1.4663464337965293,7.056577544517495e-13,0.8047333333333334,0.5296,True,
MNAR,48,selection_misspecified,True,2.945056114980186e-06,True,2.5311817932098494e-06,False,2.5726438842690915,4.89386309254769e-13,0.8047333333333334,0.5296,True,"10,12"
MNAR,48,candidate_saturated,True,3.166831828451677e-08,False,0.000955842113832151,True,2.5367445559804405,1.3351542094142133e-11,0.8047333333333334,0.5296,True,
MNAR,49,oracle,True,1.1528770472812866e-08,False,0.0067243310819071886,True,1.8114152983614709,7.638334409421077e-14,0.8006666666666667,0.527,True,
MNAR,49,MAR_ignorability,True,2.9129749412223694e-08,False,0.001126091303683168,True,1.4740691330970768,6.292744103575387e-13,0.8006666666666667,0.527,True,
MNAR,49,selection_misspecified,True,3.0094779644438853e-06,True,2.4171514708424567e-06,False,2.595568708058792,2.965627743378718e-12,0.8006666666666667,0.527,True,"10,12"
MNAR,49,candidate_saturated,True,4.799437147084973e-08,False,0.0011574684126254683,True,2.550731784749472,5.9543481256696396e-12,0.8006666666666667,0.527,True,
MNAR,50,oracle,True,8.740583784570995e-09,False,0.0071706144251764085,True,1.809293181303583,3.0042635046356736e-13,0.8055333333333333,0.532,True,
MNAR,50,MAR_ignorability,True,4.6910433695424026e-08,False,0.001200866751429873,True,1.4859418153978583,1.0160761121369433e-12,0.8055333333333333,0.532,True,
MNAR,50,selection_misspecified,True,2.944027452454068e-06,True,2.6897703525455736e-06,False,2.5970641462633837,9.103828801926284e-13,0.8055333333333333,0.532,True,"10,12"
MNAR,50,candidate_saturated,True,4.7194332190514385e-08,False,0.0004883011887249575,True,2.554977962610833,6.501466032204917e-12,0.8055333333333333,0.532,True,
MNAR,51,oracle,True,7.3043268589204766e-09,False,0.0062153057170996765,True,1.8048502682088416,3.523847880160247e-13,0.798,0.515,True,
MNAR,51,MAR_ignorability,True,1.3424514029917655e-08,False,0.0007215670297313875,True,1.4560537502442155,8.779643678735738e-13,0.798,0.515,True,
MNAR,51,selection_misspecified,True,2.6352235799846172e-06,True,2.3665815192673053e-06,False,2.5827183930024176,5.013767179207207e-13,0.798,0.515,True,"10,12"
MNAR,51,candidate_saturated,True,9.098098719363401e-08,False,0.0015109021760143493,True,2.5417299390715575,1.2505108060167913e-11,0.798,0.515,True,
MNAR,52,oracle,True,3.1774936876316495e-08,False,0.007545084080815505,True,1.7944816689846295,3.339550858072471e-13,0.8024666666666667,0.5216,True,
MNAR,52,MAR_ignorability,True,3.293312633978296e-08,False,0.0009330800719748207,True,1.4626222751141655,8.473222123939195e-13,0.8024666666666667,0.5216,True,
MNAR,52,selection_misspecified,True,2.817437740594517e-06,True,2.7121302879002716e-06,False,2.5771209434156788,2.644551244657123e-12,0.8024666666666667,0.5216,True,"10,12"
MNAR,52,candidate_saturated,True,4.312062189910648e-08,False,0.0008762323682549675,True,2.5391562328456136,9.193090733106146e-12,0.8024666666666667,0.5216,True,
MNAR,53,oracle,True,2.1466627881174503e-08,False,0.007025651632314304,True,1.8054048997024263,1.7141843500212417e-13,0.7991333333333334,0.5206,True,
MNAR,53,MAR_ignorability,True,2.6175555074026136e-08,False,0.0009743493442930777,True,1.469987615789931,8.482103908136196e-13,0.7991333333333334,0.5206,True,
MNAR,53,selection_misspecified,True,2.8097137827965673e-06,True,2.0703350828210565e-06,False,2.5956849612896358,4.477307413708331e-12,0.7991333333333334,0.5206,True,"10,12"
MNAR,53,candidate_saturated,True,3.617357003999899e-08,False,0.0007637826579953861,True,2.5498549786810254,6.256328788367682e-12,0.7991333333333334,0.5206,True,
MNAR,54,oracle,True,1.3813939482432147e-08,False,0.0073175334680233356,True,1.7929561272019972,1.8629542353210127e-13,0.7992,0.5212,True,
MNAR,54,MAR_ignorability,True,2.4345989023580975e-08,False,0.0014326435104896754,True,1.4476694280342999,2.973177259946169e-13,0.7992,0.5212,True,
MNAR,54,selection_misspecified,True,2.7653435325276032e-06,True,2.138203418800945e-06,False,2.5736347670563102,8.704148513061227e-13,0.7992,0.5212,True,"10,12"
MNAR,54,candidate_saturated,True,8.834117650167173e-08,False,0.001156138269597685,True,2.529884508250684,9.038103598868474e-12,0.7992,0.5212,True,
MNAR,55,oracle,True,3.5101442692617345e-08,False,0.007492285125733348,True,1.806843653583002,2.6356694604601216e-13,0.7978666666666667,0.5154,True,
MNAR,55,MAR_ignorability,True,1.2146382491250826e-08,False,0.0018037624075320515,True,1.4655675491061437,4.549693954913892e-13,0.7978666666666667,0.5154,True,
MNAR,55,selection_misspecified,True,2.783456794649669e-06,True,2.4726782813578913e-06,False,2.594041426845913,2.2368773500147654e-12,0.7978666666666667,0.5154,True,"10,12"
MNAR,55,candidate_saturated,True,5.7698064543387774e-08,False,0.00044722122173953914,True,2.5532005268067866,8.484768443395296e-12,0.7978666666666667,0.5154,True,
MNAR,56,oracle,True,1.576144496513443e-08,False,0.007261992193458627,True,1.7803960332388211,2.0738966099997924e-13,0.802,0.5248,True,
MNAR,56,MAR_ignorability,True,2.1311884622702775e-08,False,0.0013388628616792788,True,1.4575015013821488,2.0383694732117874e-13,0.802,0.5248,True,
MNAR,56,selection_misspecified,True,3.065415773559527e-06,True,2.794704710881442e-06,False,2.565127334747159,4.309441692385008e-12,0.802,0.5248,True,"10,12"
MNAR,56,candidate_saturated,True,5.03715516536829e-08,False,0.0010898025109708843,True,2.516148682368747,5.842437644787424e-12,0.802,0.5248,True,
MNAR,57,oracle,True,3.6506855203372916e-08,False,0.007937019348675028,True,1.7976519741332326,3.9057646006313007e-13,0.8053333333333333,0.533,True,
MNAR,57,MAR_ignorability,True,3.7200244195138055e-08,False,0.0017083092438000265,True,1.4739673204558992,8.473222123939195e-13,0.8053333333333333,0.533,True,
MNAR,57,selection_misspecified,True,2.5259860035283e-06,True,2.14627163420173e-06,False,2.5885955216098804,5.067057884389214e-13,0.8053333333333333,0.533,True,"10,12"
MNAR,57,candidate_saturated,True,9.07159948297931e-08,False,0.000538376296757735,True,2.5518528677955548,7.87192533380221e-12,0.8053333333333333,0.533,True,
MNAR,58,oracle,True,2.3106428221109086e-08,False,0.00649810821799184,True,1.801286083223977,1.4632739464559563e-13,0.7964000000000001,0.5146,True,
MNAR,58,MAR_ignorability,True,4.674439871975578e-08,False,0.00014799588689404044,True,1.4596133172512578,1.482591827084434e-12,0.7964000000000001,0.5146,True,
MNAR,58,selection_misspecified,True,2.3901333348195973e-06,True,2.26707020450663e-06,False,2.5960082726085196,2.7551294579097885e-12,0.7964000000000001,0.5146,True,"10,12"
MNAR,58,candidate_saturated,True,3.890846342358145e-08,False,0.0008576882975087171,True,2.554094087753824,1.4422685268300484e-11,0.7964000000000001,0.5146,True,
MNAR,59,oracle,True,1.8982274885710055e-08,False,0.00719085924811186,True,1.7641165382778745,1.1679546219056647e-13,0.7995333333333333,0.522,True,
MNAR,59,MAR_ignorability,True,2.6400388975933703e-08,False,0.001918882134333746,True,1.4420096421893973,4.74953409934642e-13,0.7995333333333333,0.522,True,
MNAR,59,selection_misspecified,True,2.8421086082166983e-06,True,2.41475679920303e-06,False,2.5556891962511474,5.564437799421285e-13,0.7995333333333333,0.522,True,"10,12"
MNAR,59,candidate_saturated,True,7.687250603822804e-08,False,0.0004547956257408211,True,2.521971057198275,2.2214674544329682e-11,0.7995333333333333,0.522,True,
MNAR,60,oracle,True,1.4471329960397129e-08,False,0.007082925261930701,True,1.8014432541965972,1.2523315717771766e-13,0.7976666666666666,0.5164,True,
MNAR,60,MAR_ignorability,True,4.412400913936521e-08,False,0.0014116597558565232,True,1.4598525129081326,1.0547118733938987e-13,0.7976666666666666,0.5164,True,
MNAR,60,selection_misspecified,True,2.4534741613865516e-06,True,2.428403194305799e-06,False,2.592999699777786,6.8611782921834674e-12,0.7976666666666666,0.5164,True,"10,12"
MNAR,60,candidate_saturated,True,5.305456596147451e-08,False,0.0016492611493849141,True,2.5471444649515482,4.296119016089506e-12,0.7976666666666666,0.5164,True,
MNAR,61,oracle,True,1.198794209334329e-08,False,0.007676562497479574,True,1.7901543948171224,4.0678571622265736e-13,0.7995333333333333,0.5246,True,
MNAR,61,MAR_ignorability,True,2.0197255123788337e-08,False,0.0015485968581826393,True,1.448841520594397,4.021227795192317e-13,0.7995333333333333,0.5246,True,
MNAR,61,selection_misspecified,True,2.963014270551726e-06,True,2.499750966310863e-06,False,2.566610963762427,6.235012506294879e-13,0.7995333333333333,0.5246,True,"10,12"
MNAR,61,candidate_saturated,True,3.866751934964441e-08,False,0.0006085977000828318,True,2.5113998514346503,7.389200362695192e-12,0.7995333333333333,0.5246,True,
MNAR,62,oracle,True,1.8675952108182515e-08,False,0.007041100730859906,True,1.7886741489003377,1.5787371410169726e-13,0.7992,0.5204,True,
MNAR,62,MAR_ignorability,True,2.608768505306114e-08,False,0.0015709548843298186,True,1.4513854329392748,3.1596947280831955e-13,0.7992,0.5204,True,
MNAR,62,selection_misspecified,True,2.6746711600144343e-06,True,2.242401241494422e-06,False,2.5758285071375235,1.2518874825673265e-12,0.7992,0.5204,True,"10,12"
MNAR,62,candidate_saturated,True,1.9349110311281947e-07,False,0.0012584319708113221,True,2.5364225596184005,4.445777079808977e-12,0.7992,0.5204,True,
MNAR,63,oracle,True,3.350945137841066e-08,False,0.006427020011950002,True,1.8025502562797235,4.864997293907436e-13,0.7976666666666666,0.5166,True,
MNAR,63,MAR_ignorability,True,3.564053202297912e-08,False,0.001352614709657543,True,1.4730837653411177,2.0294876890147862e-13,0.7976666666666666,0.5166,True,
MNAR,63,selection_misspecified,True,2.781506935647627e-06,True,2.454841749107952e-06,False,2.6039555317636536,2.5699442574023124e-12,0.7976666666666666,0.5166,True,"10,12"
MNAR,63,candidate_saturated,True,5.1083228191828314e-08,False,0.0007284436199118197,True,2.563105071452288,7.643219390729428e-12,0.7976666666666666,0.5166,True,
MNAR,64,oracle,True,1.0000189852941294e-08,False,0.006644878342224226,True,1.7887855761994411,4.205524817280093e-13,0.7923333333333332,0.5022,True,
MNAR,64,MAR_ignorability,True,1.287031511576145e-08,False,0.0011403972312394658,True,1.4423274203519902,7.4495964952348e-13,0.7923333333333332,0.5022,True,
MNAR,64,selection_misspecified,True,2.596897445206333e-06,True,2.222021723184902e-06,False,2.583740353127076,8.01581023779363e-13,0.7923333333333332,0.5022,True,"10,12"
MNAR,64,candidate_saturated,True,3.5127873352758244e-08,False,0.001042115123538176,True,2.5453644997148834,5.012434911577657e-12,0.7923333333333332,0.5022,True,
MNAR,65,oracle,True,2.5303357820183336e-08,False,0.007612691774775127,True,1.791400741081264,2.702282841937631e-13,0.7944666666666667,0.5122,True,
MNAR,65,MAR_ignorability,True,1.3859880076372288e-08,False,0.002340869910982455,True,1.456028030829157,2.90878432451791e-13,0.7944666666666667,0.5122,True,
MNAR,65,selection_misspecified,True,3.267583943876864e-06,True,2.492310908893715e-06,False,2.584871620148626,6.24389429049188e-13,0.7944666666666667,0.5122,True,"10,12"
MNAR,65,candidate_saturated,True,7.666174160334549e-08,False,0.00022014437230974366,True,2.539503685870172,9.056311256472327e-12,0.7944666666666667,0.5122,True,
MNAR,66,oracle,True,1.1730308792134992e-08,False,0.007692599628609326,True,1.7908343746013597,2.347011474057581e-13,0.8037333333333333,0.5342,True,
MNAR,66,MAR_ignorability,True,2.9000002093204636e-08,False,0.0018184642730302352,True,1.4667947425837087,2.4424906541753444e-13,0.8037333333333333,0.5342,True,
MNAR,66,selection_misspecified,True,3.2765898472903466e-06,True,2.536990796487421e-06,False,2.5730616329352154,4.445332990599127e-13,0.8037333333333333,0.5342,True,"10,12"
MNAR,66,candidate_saturated,True,1.1689198130753198e-07,False,0.00048071017489480716,True,2.525045920173612,9.911627074643548e-12,0.8037333333333333,0.5342,True,
MNAR,67,oracle,True,3.041029483438207e-08,False,0.006732334158099728,True,1.8100528008806482,1.7186252421197423e-13,0.8044666666666668,0.5278,True,
MNAR,67,MAR_ignorability,True,1.1931089303387753e-08,False,0.0007609978215693529,True,1.4679916825092583,3.957500993578833e-12,0.8044666666666668,0.5278,True,
MNAR,67,selection_misspecified,True,2.521793225109336e-06,True,2.136069555507765e-06,False,2.5829342094538523,3.990141550502813e-12,0.8044666666666668,0.5278,True,"10,12"
MNAR,67,candidate_saturated,True,1.2716883990719906e-07,False,0.0010375275293159057,True,2.542135971611095,7.777334332104147e-12,0.8044666666666668,0.5278,True,
MNAR,68,oracle,True,1.5330927455264877e-08,False,0.0067498702628281705,True,1.7884330758423308,3.3728575488112256e-13,0.7986,0.5174,True,
MNAR,68,MAR_ignorability,True,2.5767088609773837e-08,False,2.218111733714902e-05,True,1.4476742058103695,6.803446694902959e-13,0.7986,0.5174,True,
MNAR,68,selection_misspecified,True,2.685661811642325e-06,True,2.477942031202024e-06,False,2.574313019514831,6.186162693211372e-13,0.7986,0.5174,True,"10,12"
MNAR,68,candidate_saturated,True,5.0984182546276456e-08,False,0.0012556376721119178,True,2.5265896105514303,4.879652237832488e-12,0.7986,0.5174,True,
MNAR,69,oracle,True,1.045454517668576e-08,False,0.005791632329595798,True,1.7828049368989778,3.2529534621517087e-13,0.8008000000000001,0.5254,True,
MNAR,69,MAR_ignorability,True,1.3294663509904564e-08,False,0.0005831888388710517,True,1.4541721480454495,1.2523315717771766e-13,0.8008000000000001,0.5254,True,
MNAR,69,selection_misspecified,True,2.215408383960283e-06,True,1.8969368815780672e-06,False,2.5821782321418474,2.877698079828406e-13,0.8008000000000001,0.5254,True,"10,12"
MNAR,69,candidate_saturated,True,9.935517842905029e-08,False,0.001545583842952134,True,2.5372484408237415,5.001776770541255e-12,0.8008000000000001,0.5254,True,
MNAR,70,oracle,True,2.309068482962131e-08,False,0.007358892882353812,True,1.7775300396128357,5.062616992290714e-14,0.8056666666666666,0.5368,True,
MNAR,70,MAR_ignorability,True,5.729952523748011e-08,False,0.0009900218458050716,True,1.4579690316678444,2.043254454520138e-12,0.8056666666666666,0.5368,True,
MNAR,70,selection_misspecified,True,3.4064707067793027e-06,True,3.0933438826013958e-06,False,2.5528267778396856,6.981082378842984e-13,0.8056666666666666,0.5368,True,"10,12"
MNAR,70,candidate_saturated,True,1.0519542456947084e-07,False,0.0005433503408662938,True,2.5122987178974494,6.326494883523992e-12,0.8056666666666666,0.5368,True,
MNAR,71,oracle,True,6.481437775995857e-09,False,0.007909041507925853,True,1.7793877918804826,1.8074430840897548e-13,0.7994666666666667,0.5272,True,
MNAR,71,MAR_ignorability,True,2.8936780743328668e-08,False,0.001951464012483509,True,1.4534623863941618,3.810285420513537e-13,0.7994666666666667,0.5272,True,
MNAR,71,selection_misspecified,True,3.0014348786445432e-06,True,2.61936506096485e-06,False,2.56724314942123,7.105427357601002e-13,0.7994666666666667,0.5272,True,"10,12"
MNAR,71,candidate_saturated,True,1.4842283847593675e-07,False,0.0004885139199830334,True,2.5166403988176906,1.1579182057630533e-11,0.7994666666666667,0.5272,True,
MNAR,72,oracle,True,4.296247433908107e-08,False,0.00702712295502617,True,1.8051441996529314,3.723688024592775e-13,0.7978000000000001,0.5206,True,
MNAR,72,MAR_ignorability,True,3.184710658821097e-08,False,0.001432100538026098,True,1.4712370563589081,1.163291685202239e-12,0.7978000000000001,0.5206,True,
MNAR,72,selection_misspecified,True,3.0534261391300906e-06,True,2.402915477340618e-06,False,2.594985142900939,1.1435297153639112e-12,0.7978000000000001,0.5206,True,"10,12"
MNAR,72,candidate_saturated,True,3.503698239596398e-08,False,0.0008606784138340227,True,2.5469591837879046,5.24558174674894e-12,0.7978000000000001,0.5206,True,
MNAR,73,oracle,True,6.000058629754279e-09,False,0.007213126305017453,True,1.806244900896115,1.2811973704174306e-12,0.8026666666666666,0.5256,True,
MNAR,73,MAR_ignorability,True,1.3089143353406385e-08,False,0.0010763714088635188,True,1.4774915935389523,3.3573144264664734e-13,0.8026666666666666,0.5256,True,
MNAR,73,selection_misspecified,True,2.7265875636679966e-06,True,2.346220363520206e-06,False,2.600081761016255,9.370282327836321e-13,0.8026666666666666,0.5256,True,"10,12"
MNAR,73,candidate_saturated,True,3.2573550252834597e-08,False,0.0010710267588339355,True,2.552690849566033,3.82849307811739e-12,0.8026666666666666,0.5256,True,
MNAR,74,oracle,True,1.945855729851287e-08,False,0.007926767709945083,True,1.778830481986318,1.0258460747536446e-13,0.8001999999999999,0.524,True,
MNAR,74,MAR_ignorability,True,7.461803523156618e-09,False,0.0021965026741499094,True,1.4535746050948541,1.751931932858497e-13,0.8001999999999999,0.524,True,
MNAR,74,selection_misspecified,True,3.099465168664499e-06,True,2.7331943600944486e-06,False,2.5634037329549226,2.168931700907706e-12,0.8001999999999999,0.524,True,"10,12"
MNAR,74,candidate_saturated,True,9.421255265209538e-08,False,0.000542321932454628,True,2.5217281274255274,1.3557599487512562e-11,0.8001999999999999,0.524,True,
MNAR,75,oracle,True,1.6501798584778182e-08,False,0.006332873154142896,True,1.8073701341741333,1.687538997430238e-13,0.8039333333333333,0.5288,True,
MNAR,75,MAR_ignorability,True,1.6945529726658525e-08,False,0.00040835901360286554,True,1.4605498954483862,7.289724379688778e-13,0.8039333333333333,0.5288,True,
MNAR,75,selection_misspecified,True,2.8491777360535535e-06,True,2.1770558000915283e-06,False,2.5742384568213112,4.349409721271513e-12,0.8039333333333333,0.5288,True,"10,12"
MNAR,75,candidate_saturated,True,8.888730510534515e-08,False,0.0011443512485797694,True,2.5318148565128706,4.865441383117286e-12,0.8039333333333333,0.5288,True,
MNAR,76,oracle,True,2.4793213469154196e-08,False,0.007077739306160853,True,1.794009128550387,1.2723155862204294e-13,0.8018000000000001,0.5254,True,
MNAR,76,MAR_ignorability,True,2.924719376084517e-08,False,0.000909632257069442,True,1.4654627590999558,3.035349749325178e-13,0.8018000000000001,0.5254,True,
MNAR,76,selection_misspecified,True,2.371128639941824e-06,True,2.1847252495224203e-06,False,2.5899351599741887,8.846257060213247e-13,0.8018000000000001,0.5254,True,"10,12"
MNAR,76,candidate_saturated,True,4.460545488882417e-08,False,0.0015186231491787273,True,2.5420292545755516,5.048850226785362e-12,0.8018000000000001,0.5254,True,
MNAR,77,oracle,True,6.805066245157976e-09,False,0.00811314793275139,True,1.7832019606322163,2.0272672429655358e-13,0.8010666666666667,0.5228,True,
MNAR,77,MAR_ignorability,True,3.355115377603197e-08,False,0.001050928327010905,True,1.4591260008855642,2.1471713296250527e-13,0.8010666666666667,0.5228,True,
MNAR,77,selection_misspecified,True,3.1601945193755324e-06,True,1.9399459017131545e-06,False,2.577781719644578,8.548717289613705e-13,0.8010666666666667,0.5228,True,"10,12"
MNAR,77,candidate_saturated,True,1.206902122061315e-07,False,0.0012247403828675187,True,2.5358425252194565,1.1324274851176597e-12,0.8010666666666667,0.5228,True,
MNAR,78,oracle,True,1.1810815138379744e-08,False,0.007738275060905017,True,1.7848476851544122,7.527312106958561e-14,0.8034666666666667,0.5296,True,
MNAR,78,MAR_ignorability,True,2.9402203618608367e-08,False,0.0010105597921210101,True,1.4652604207803197,5.235811784132238e-13,0.8034666666666667,0.5296,True,
MNAR,78,selection_misspecified,True,2.715424961446591e-06,True,2.621242594276885e-06,False,2.578657287365519,2.4162893907941907e-12,0.8034666666666667,0.5296,True,"10,12"
MNAR,78,candidate_saturated,True,6.292299303254367e-08,False,0.0007715219524699537,True,2.537311945699637,1.0173195619245234e-11,0.8034666666666667,0.5296,True,
MNAR,79,oracle,True,1.6270666273915553e-08,False,0.006705744263057406,True,1.7942338753043732,3.467004461299439e-12,0.8012666666666667,0.527,True,
MNAR,79,MAR_ignorability,True,1.0620563081287227e-08,False,0.0009949696005055323,True,1.4706568496460648,3.999023334699814e-13,0.8012666666666667,0.527,True,
MNAR,79,selection_misspecified,True,2.8818609564160174e-06,True,2.3583791548560442e-06,False,2.5938241568414306,2.999822612537173e-12,0.8012666666666667,0.527,True,"10,12"
MNAR,79,candidate_saturated,True,6.021321879217112e-08,False,0.0009646999290264006,True,2.5468276875022346,1.8531842727043113e-12,0.8012666666666667,0.527,True,
MNAR,80,oracle,True,3.625085991673712e-08,False,0.006982836858585725,True,1.7889772631951157,1.694200335577989e-13,0.8026,0.5274,True,
MNAR,80,MAR_ignorability,True,3.843779971800382e-08,False,0.001173985752666104,True,1.4587805666273146,1.5403234243649422e-12,0.8026,0.5274,True,
MNAR,80,selection_misspecified,True,2.6116228210798703e-06,True,2.0987272190024086e-06,False,2.579155106367198,2.674749310926927e-12,0.8026,0.5274,True,"10,12"
MNAR,80,candidate_saturated,True,1.3531472276914204e-07,False,0.0014916489435726947,True,2.5369257157084073,7.337686014352585e-12,0.8026,0.5274,True,
MNAR,81,oracle,True,2.8333164531257892e-08,False,0.007564216007798906,True,1.7977749311465137,3.339550858072471e-13,0.7976,0.512,True,
MNAR,81,MAR_ignorability,True,1.9247880978799235e-08,False,0.0017905954225499704,True,1.4571258827209237,9.50350909079134e-14,0.7976,0.512,True,
MNAR,81,selection_misspecified,True,2.959560022781879e-06,True,2.2887704531082176e-06,False,2.5845199549118365,7.323031070427533e-13,0.7976,0.512,True,"10,12"
MNAR,81,candidate_saturated,True,5.9207741239220014e-08,False,0.0010287691905142816,True,2.5448229015736317,4.615863247181551e-12,0.7976,0.512,True,
MNAR,82,oracle,True,3.227107611079028e-08,False,0.00764402398457629,True,1.796471543499002,2.5868196473766147e-13,0.8026666666666666,0.531,True,
MNAR,82,MAR_ignorability,True,2.586878194633102e-08,False,0.002541574579312473,True,1.4786276970295955,5.497824417943775e-13,0.8026666666666666,0.531,True,
MNAR,82,selection_misspecified,True,3.169116884871588e-06,True,2.8687512510200385e-06,False,2.5899188255819445,9.805489753489383e-13,0.8026666666666666,0.531,True,"10,12"
MNAR,82,candidate_saturated,True,5.858336414590326e-08,False,0.0005952042396812021,True,2.5446408991078586,5.793587831703917e-12,0.8026666666666666,0.531,True,
MNAR,83,oracle,True,3.5915989760956085e-08,False,0.006992426486395464,True,1.8071216863861999,1.5143442055887135e-13,0.7991333333333334,0.5216,True,
MNAR,83,MAR_ignorability,True,6.823103583212254e-08,False,0.0006776533763734878,True,1.4679130033431131,5.420108806220014e-13,0.7991333333333334,0.5216,True,
MNAR,83,selection_misspecified,True,3.2039686348548202e-06,True,2.4287686355241124e-06,False,2.5940121180278357,1.5125678487493133e-12,0.7991333333333334,0.5216,True,"10,12"
MNAR,83,candidate_saturated,True,3.5880880436423016e-08,False,0.0014001559818242037,True,2.542737713432393,5.4427573559223674e-12,0.7991333333333334,0.5216,True,
MNAR,84,oracle,True,1.7007481110037358e-08,False,0.0070602167050907196,True,1.8001347801288863,2.702282841937631e-13,0.7985333333333333,0.5118,True,
MNAR,84,MAR_ignorability,True,5.5831619603883425e-08,False,0.0015351590565655434,True,1.4648733604550155,3.175903984242723e-12,0.7985333333333333,0.5118,True,
MNAR,84,selection_misspecified,True,2.4394343540428664e-06,True,1.8539598966893927e-06,False,2.601980539121906,7.887024366937112e-13,0.7985333333333333,0.5118,True,"10,12"
MNAR,84,candidate_saturated,True,7.020739584504553e-08,False,0.0017318037952845247,True,2.5634307880935077,1.4441337015114186e-11,0.7985333333333333,0.5118,True,
MNAR,85,oracle,True,2.695112885571227e-08,False,0.007494914626981476,True,1.7796646207521343,6.73683331342545e-13,0.7974666666666667,0.5194,True,
MNAR,85,MAR_ignorability,True,2.0471943902647395e-08,False,0.0019227242064385358,True,1.4437618349201162,1.9939605522267811e-13,0.7974666666666667,0.5194,True,
MNAR,85,selection_misspecified,True,3.0891656144353614e-06,True,2.359632433027331e-06,False,2.564006424078442,1.226574397605873e-12,0.7974666666666667,0.5194,True,"10,12"
MNAR,85,candidate_saturated,True,1.1317777459538548e-07,False,0.0009754138060606982,True,2.526333481570904,4.829470157119431e-12,0.7974666666666667,0.5194,True,
MNAR,86,oracle,True,1.0871518018751303e-08,False,0.008322423291656389,True,1.7883772790846404,3.765876499528531e-13,0.8035333333333333,0.525,True,
MNAR,86,MAR_ignorability,True,4.389514699667529e-08,False,0.002664138693327562,True,1.4640965266908053,2.5135449277513544e-13,0.8035333333333333,0.525,True,
MNAR,86,selection_misspecified,True,2.959184479982019e-06,True,2.356754301814061e-06,False,2.570963182726413,7.109868249699502e-13,0.8035333333333333,0.525,True,"10,12"
MNAR,86,candidate_saturated,True,4.2919853638068165e-08,False,0.0007857847534998093,True,2.52937450012497,1.0982770248801899e-11,0.8035333333333333,0.525,True,
MNAR,87,oracle,True,4.275997358340611e-08,False,0.0076986121455326125,True,1.7813585031990253,2.9909408283401717e-13,0.7956,0.514,True,
MNAR,87,MAR_ignorability,True,4.3936230155883216e-08,False,0.0004076063017200978,True,1.442327431567531,4.39870362356487e-13,0.7956,0.514,True,
MNAR,87,selection_misspecified,True,2.8815956074736544e-06,True,2.1120554904643547e-06,False,2.5719960251490455,8.095746295566641e-13,0.7956,0.514,True,"10,12"
MNAR,87,candidate_saturated,True,1.2673136659202555e-07,False,0.0006977003612910538,True,2.531935349493523,9.229061959104001e-12,0.7956,0.514,True,
MNAR,88,oracle,True,1.783894321266688e-08,False,0.007641533139582342,True,1.8081067313897747,3.0664359940146824e-13,0.8008666666666667,0.5254,True,
MNAR,88,MAR_ignorability,True,5.89777254175472e-08,False,0.0020447904763176874,True,1.4755750772922032,1.3877787807814457e-13,0.8008666666666667,0.5254,True,
MNAR,88,selection_misspecified,True,2.8373000928006954e-06,True,2.804543781965352e-06,False,2.5933718495025393,2.3216983890961274e-12,0.8008666666666667,0.5254,True,"10,12"
MNAR,88,candidate_saturated,True,7.564094406689037e-08,False,0.0003386890877244792,True,2.5529632413937664,1.262856486050623e-11,0.8008666666666667,0.5254,True,
MNAR,89,oracle,True,9.795122208139385e-09,False,0.007227832900698446,True,1.7953619747118252,4.729550084903167e-13,0.801,0.5216,True,
MNAR,89,MAR_ignorability,True,2.358049751102209e-08,False,0.0015746056019538789,True,1.4704316209355952,4.2943426592501055e-13,0.801,0.5216,True,
MNAR,89,selection_misspecified,True,3.1697791424974227e-06,True,2.3964484317191243e-06,False,2.5891314871561355,2.311928426479426e-12,0.801,0.5216,True,"10,12"
MNAR,89,candidate_saturated,True,6.344260474406838e-08,False,0.0010570929935799535,True,2.5435582848161853,1.2820855488371308e-11,0.801,0.5216,True,
MNAR,90,oracle,True,1.423666723078046e-08,False,0.006496721970159197,True,1.7949187305801264,1.270095140171179e-13,0.7988,0.5162,True,
MNAR,90,MAR_ignorability,True,3.2154401960904354e-08,False,0.00022406153843856954,True,1.4586207763975962,6.912248551316225e-13,0.7988,0.5162,True,
MNAR,90,selection_misspecified,True,2.320357643186661e-06,True,2.1903823606044387e-06,False,2.592715394290547,9.655223998095153e-08,0.7988,0.5162,True,"10,12"
MNAR,90,candidate_saturated,True,3.168866158915762e-08,False,0.0009397338198079973,True,2.5515482703298056,2.69606559299973e-12,0.7988,0.5162,True,
MNAR,91,oracle,True,6.497385978254666e-09,False,0.0075447829741755535,True,1.7901891881747354,1.3744561044859438e-13,0.7989999999999999,0.5146,True,
MNAR,91,MAR_ignorability,True,2.3693353930381855e-08,False,0.0011815825773402748,True,1.4504493869990882,7.438494264988549e-13,0.7989999999999999,0.5146,True,
MNAR,91,selection_misspecified,True,2.5087529205144488e-06,True,2.241241631865039e-06,False,2.5778965481089817,5.95523630408934e-13,0.7989999999999999,0.5146,True,"10,12"
MNAR,91,candidate_saturated,True,1.0950619097798153e-07,False,0.0014142366194266202,True,2.5395037497792297,4.809042053466328e-12,0.7989999999999999,0.5146,True,
MNAR,92,oracle,True,1.5078202286720586e-08,False,0.006949824579211266,True,1.7915376287661688,2.284838984678572e-13,0.7999999999999999,0.5198,True,
MNAR,92,MAR_ignorability,True,3.102019246776222e-08,False,0.0013180510071631802,True,1.452477768212131,6.388223283693151e-13,0.7999999999999999,0.5198,True,
MNAR,92,selection_misspecified,True,2.6792916860681663e-06,True,2.56053340166532e-06,False,2.573446255810918,2.3350210653916292e-12,0.7999999999999999,0.5198,True,"10,12"
MNAR,92,candidate_saturated,True,4.93387583460958e-08,False,0.00048242591853168943,True,2.5358283789199967,5.74740255387951e-12,0.7999999999999999,0.5198,True,
MNAR,93,oracle,True,2.341798567477675e-08,False,0.007093611935306553,True,1.8053640279878445,2.298161660974074e-13,0.8078,0.5424,True,
MNAR,93,MAR_ignorability,True,1.787208553731823e-08,False,0.001103350317919677,True,1.4857765026975074,2.0516921495072893e-13,0.8078,0.5424,True,
MNAR,93,selection_misspecified,True,3.1123262268530442e-06,True,2.9134073336276914e-06,False,2.5862539843092454,7.296385717836529e-13,0.8078,0.5424,True,"10,12"
MNAR,93,candidate_saturated,True,6.298111823781483e-08,False,9.455807707691314e-05,True,2.541315405187234,7.240430477395421e-12,0.8078,0.5424,True,
MNAR,94,oracle,True,5.0034268702869865e-09,False,0.00766887635552885,True,1.7933797791882222,1.2945200467129325e-13,0.7949999999999999,0.513,True,
MNAR,94,MAR_ignorability,True,1.8885844899985127e-08,False,0.0013778724502148854,True,1.457158109386501,2.7133850721838826e-13,0.7949999999999999,0.513,True,
MNAR,94,selection_misspecified,True,2.3165161546425424e-06,True,2.2558764028579915e-06,False,2.594121184799519,1.98596694644948e-12,0.7949999999999999,0.513,True,"10,12"
MNAR,94,candidate_saturated,True,4.442379827764853e-08,False,0.0003188190712773447,True,2.5540141797938296,1.042455011202037e-11,0.7949999999999999,0.513,True,
MNAR,95,oracle,True,6.616366805358917e-09,False,0.00801302016708983,True,1.781727586677311,2.5646151868841116e-13,0.8016,0.5228,True,
MNAR,95,MAR_ignorability,True,2.003038958341192e-08,False,0.0020070974708055068,True,1.458652281925767,1.6076029396572267e-13,0.8016,0.5228,True,
MNAR,95,selection_misspecified,True,2.9396344213846203e-06,True,1.8999000570483363e-06,False,2.577151407468241,2.418065747633591e-12,0.8016,0.5228,True,"10,12"
MNAR,95,candidate_saturated,True,4.557077771210061e-08,False,0.0007914560589840925,True,2.5373621305067693,5.726086271806707e-12,0.8016,0.5228,True,
MNAR,96,oracle,True,2.523230814672336e-08,False,0.006032300779339682,True,1.793463534724377,4.627409566637652e-13,0.8032666666666667,0.5252,True,
MNAR,96,MAR_ignorability,True,9.763897445608794e-08,False,0.0006289635218501425,True,1.4615468172299562,3.0109248427834245e-13,0.8032666666666667,0.5252,True,
MNAR,96,selection_misspecified,True,2.8526808371994297e-06,True,2.5859565223986746e-06,False,2.5694275686719354,8.495426584431698e-13,0.8032666666666667,0.5252,True,"10,12"
MNAR,96,candidate_saturated,True,7.682830025146359e-08,False,0.0010131193673148329,True,2.5285257728108617,8.562039965909207e-12,0.8032666666666667,0.5252,True,
MNAR,97,oracle,True,1.7355804908780746e-08,False,0.00795652910768546,True,1.78926117290947,2.1760371282653068e-13,0.8045333333333334,0.526,True,
MNAR,97,MAR_ignorability,True,1.9836809420828437e-08,False,0.001331549753161398,True,1.4626670921393332,1.290079154614432e-13,0.8045333333333334,0.526,True,
MNAR,97,selection_misspecified,True,2.4732665737307966e-06,True,1.993396536123145e-06,False,2.5794859553509144,9.245937349078304e-13,0.8045333333333334,0.526,True,"10,12"
MNAR,97,candidate_saturated,True,5.597501190948151e-08,False,0.0011081819033324763,True,2.544291575208972,3.1321611970724916e-12,0.8045333333333334,0.526,True,
MNAR,98,oracle,True,2.464133584485495e-08,False,0.007080968898215206,True,1.7823752944505162,1.3633538742396922e-13,0.8026,0.5316,True,
MNAR,98,MAR_ignorability,True,1.4984499008696693e-08,False,0.0012106921590808446,True,1.4637536860449745,5.289102489314246e-13,0.8026,0.5316,True,
MNAR,98,selection_misspecified,True,3.179837867637721e-06,True,2.2498083863501475e-06,False,2.572924946035368,1.1941558852868184e-12,0.8026,0.5316,True,"10,12"
MNAR,98,candidate_saturated,True,7.9337947215663e-08,False,0.0009323385284303831,True,2.527618020371532,1.84297022087776e-12,0.8026,0.5316,True,
MNAR,99,oracle,True,2.1750904048939423e-08,False,0.0080053364631302,True,1.787327649895245,2.4158453015843406e-13,0.7937333333333334,0.5106,True,
MNAR,99,MAR_ignorability,True,4.2635824524251186e-08,False,0.0022584754599419047,True,1.4466756756172217,7.112088695748753e-13,0.7937333333333334,0.5106,True,
MNAR,99,selection_misspecified,True,2.835898119000801e-06,True,2.4286402421905045e-06,False,2.576586541362729,1.454392162258955e-12,0.7937333333333334,0.5106,True,"10,12"
MNAR,99,candidate_saturated,True,1.779122262135502e-08,False,0.0009719247799119615,True,2.5315181854766977,5.076383757796066e-12,0.7937333333333334,0.5106,True,
