mechanism,rep,method,success,gradient_max,boundary,hessian_min,valid_se,nll,start_nll_range,item_rate,complete_rate,stationary,boundary_parameters
MCAR,0,oracle,True,3.6182675014428954e-08,False,0.005542165139061241,True,1.7357464126992446,4.805045250577678e-13,0.7813333333333333,0.462,True,
MCAR,0,MAR_ignorability,True,2.2330867152975385e-08,False,0.00045352747684150255,True,1.3640259654943307,5.651035195342047e-13,0.7813333333333333,0.462,True,
MCAR,0,selection_misspecified,True,5.6340617348715763e-08,False,3.903393157291009e-05,True,2.6258010837501002,3.3724134596013755e-12,0.7813333333333333,0.462,True,
MCAR,0,candidate_saturated,True,1.3019053534024309e-06,True,1.303396612736529e-06,False,2.622347890496378,4.073186232744774e-12,0.7813333333333333,0.462,True,5
MCAR,1,oracle,True,2.17640211994663e-08,False,0.0059886819360590714,True,1.8040923795245063,3.532729664357248e-13,0.8079999999999999,0.508,True,
MCAR,1,MAR_ignorability,True,2.7053991751180283e-08,False,0.0035908536146831574,True,1.461123119932643,7.769340726326845e-13,0.8079999999999999,0.508,True,
MCAR,1,selection_misspecified,True,4.502836730191362e-08,False,0.0034928678060344785,True,2.660248862631734,8.362199821476679e-13,0.8079999999999999,0.508,True,
MCAR,1,candidate_saturated,True,1.1655444675547953e-07,True,1.1657817337510286e-07,False,2.657567791780439,4.9817927560980024e-12,0.8079999999999999,0.508,True,16
MCAR,2,oracle,True,1.6018961640343333e-08,False,0.0068963169839013775,True,1.7689306477976994,3.423927807943983e-13,0.8006666666666667,0.486,True,
MCAR,2,MAR_ignorability,True,2.3246782529184886e-08,False,0.004579056490472072,True,1.4301348213149778,7.005507285384738e-13,0.8006666666666667,0.486,True,
MCAR,2,selection_misspecified,True,9.093476326449412e-08,False,0.004297236455672342,True,2.6482650992753167,5.3170801095348e-12,0.8006666666666667,0.486,True,
MCAR,2,candidate_saturated,True,1.4225923196205247e-07,True,1.4230858670968842e-07,False,2.6442712966124997,1.80784276437862e-11,0.8006666666666667,0.486,True,11
MCAR,3,oracle,True,2.2770703475227806e-08,False,0.004506066303453369,True,1.8172927534874215,8.426592756904938e-13,0.8093333333333333,0.526,True,
MCAR,3,MAR_ignorability,True,2.6131611485517708e-08,False,0.0032194145233155765,True,1.4831121771709537,2.440270208126094e-13,0.8093333333333333,0.526,True,
MCAR,3,selection_misspecified,True,5.5812064874261044e-08,False,0.0032800047792064468,True,2.6793351544847788,5.923261880980135e-12,0.8093333333333333,0.526,True,
MCAR,3,candidate_saturated,True,1.2040905152232994e-07,True,6.015658454273426e-08,False,2.668776626451795,1.52093004857079e-10,0.8093333333333333,0.526,True,11
MCAR,4,oracle,True,2.3023550088929755e-08,False,0.0035677738997264563,True,1.748658629722779,9.103828801926284e-14,0.8039999999999999,0.498,True,
MCAR,4,MAR_ignorability,True,2.2121508104017164e-08,False,0.00040315029385804,True,1.424150289070266,6.197264923457624e-13,0.8039999999999999,0.498,True,
MCAR,4,selection_misspecified,True,5.3853338001313974e-08,False,0.0003830582910493025,True,2.6351497763786726,1.957101147809226e-12,0.8039999999999999,0.498,True,
MCAR,4,candidate_saturated,True,5.3589027103839724e-08,False,0.0009243357305439212,True,2.6330267943824817,3.2152058793144533e-12,0.8039999999999999,0.498,True,
MCAR,5,oracle,True,2.2652713417933844e-08,False,0.0032513903943063426,True,1.8318115237123418,4.989342272665453e-13,0.7813333333333333,0.45,True,
MCAR,5,MAR_ignorability,True,3.076562271071574e-08,False,0.0033941985332527807,True,1.4327456447750195,6.659117701701689e-13,0.7813333333333333,0.45,True,
MCAR,5,selection_misspecified,True,3.800309636192711e-08,False,0.0032977838379127144,True,2.6970516075511672,1.2212453270876722e-12,0.7813333333333333,0.45,True,
MCAR,5,candidate_saturated,True,1.7731722092451108e-07,False,0.000546934491020591,True,2.6908269241563207,1.4134915460317643e-11,0.7813333333333333,0.45,True,
MCAR,6,oracle,True,2.3813407925121765e-08,False,0.0026802811037501292,True,1.8385959038606208,2.3447910280083306e-13,0.798,0.488,True,
MCAR,6,MAR_ignorability,True,1.1216315289330759e-08,False,0.0033388505640390624,True,1.4713847226751149,1.8003376567321538e-12,0.798,0.488,True,
MCAR,6,selection_misspecified,True,8.097317502725465e-08,False,0.002851714115813832,True,2.6960545495212855,2.750688565811288e-12,0.798,0.488,True,
MCAR,6,candidate_saturated,True,1.4055491201681035e-07,False,0.0010906525616904098,True,2.6931871498755764,3.0833113839889847e-12,0.798,0.488,True,
MCAR,7,oracle,True,3.8547410962541665e-08,False,0.007052051849715879,True,1.7854712042245793,1.8829382497642655e-13,0.8119999999999999,0.502,True,
MCAR,7,MAR_ignorability,True,7.953086402493109e-09,False,0.0032513373986364476,True,1.446627051445823,2.76445533131664e-13,0.8119999999999999,0.502,True,
MCAR,7,selection_misspecified,True,3.9256957568789554e-08,False,0.0024208757214242926,True,2.6237127784324112,9.605649609056854e-13,0.8119999999999999,0.502,True,
MCAR,7,candidate_saturated,True,1.2956143542819376e-07,False,0.0008918795260682343,True,2.6218261741333695,1.0447642750932573e-11,0.8119999999999999,0.502,True,
MCAR,8,oracle,True,2.9694648697781503e-08,False,0.0014797191244571442,True,1.825320918211033,6.064038160502605e-13,0.8146666666666667,0.514,True,
MCAR,8,MAR_ignorability,True,1.859294432515283e-06,True,1.8601612685803678e-06,False,1.4933515068576992,2.3736568266485847e-12,0.8146666666666667,0.514,True,9
MCAR,8,selection_misspecified,True,2.0477872537881844e-06,True,2.048377039626241e-06,False,2.673225880756997,1.0014211682118912e-12,0.8146666666666667,0.514,True,9
MCAR,8,candidate_saturated,True,2.2589101436706016e-06,True,2.2589456786017614e-06,False,2.6724140638521483,6.66400268301004e-12,0.8146666666666667,0.514,True,9
MCAR,9,oracle,True,4.417960630109796e-08,False,0.0011405124172697628,True,1.8402043476879577,2.922107000813412e-13,0.7833333333333333,0.448,True,
MCAR,9,MAR_ignorability,True,9.145983751278193e-08,False,0.0005731901617726813,True,1.453077192772249,3.055333763768431e-13,0.7833333333333333,0.448,True,
MCAR,9,selection_misspecified,True,1.3070610616683353e-07,False,0.0009856579841568778,True,2.7110897083664676,7.09254877051535e-12,0.7833333333333333,0.448,True,
MCAR,9,candidate_saturated,True,8.098087988441173e-07,True,8.539431376808795e-09,False,2.7044853616551,8.386180638808582e-12,0.7833333333333333,0.448,True,"6,10"
MCAR,10,oracle,True,2.280418469594904e-08,False,0.006797406830645936,True,1.808161403663979,3.68816088780477e-13,0.7999999999999999,0.49,True,
MCAR,10,MAR_ignorability,True,1.754663400604928e-08,False,0.004862389832801121,True,1.4604230175978363,4.68070027181966e-13,0.7999999999999999,0.49,True,
MCAR,10,selection_misspecified,True,6.85228133616711e-08,False,0.004864447598657933,True,2.680734035372027,1.2039258479035198e-12,0.7999999999999999,0.49,True,
MCAR,10,candidate_saturated,True,1.9060424871119115e-07,True,1.9065198588888765e-07,False,2.6746746556034813,2.6716406864579767e-12,0.7999999999999999,0.49,True,16
MCAR,11,oracle,True,1.5733084361179914e-08,False,0.00616907289428341,True,1.7705365980399106,3.652633751016765e-13,0.806,0.52,True,
MCAR,11,MAR_ignorability,True,6.603808047289661e-09,False,0.0036264771236653275,True,1.436740046101889,4.39870362356487e-13,0.806,0.52,True,
MCAR,11,selection_misspecified,True,5.387139129875429e-08,False,0.0037083814978656083,True,2.6403521720571415,2.1387336346379016e-12,0.806,0.52,True,
MCAR,11,candidate_saturated,True,6.828764641575447e-08,False,0.0008375774531104392,True,2.6341443398806543,1.7612578062653483e-11,0.806,0.52,True,
MCAR,12,oracle,True,2.4488017843493636e-08,False,0.0010895688259301472,True,1.777692441692071,8.999467837611519e-13,0.8013333333333333,0.492,True,
MCAR,12,MAR_ignorability,True,3.17955625200872e-08,False,0.0013377786828490475,True,1.4525431504023403,5.935252289646087e-13,0.8013333333333333,0.492,True,
MCAR,12,selection_misspecified,True,5.7910775129675284e-08,False,0.0011158945356327325,True,2.6689942252676353,4.574118861455645e-12,0.8013333333333333,0.492,True,
MCAR,12,candidate_saturated,True,8.905836356909447e-08,False,0.0004365586314976821,True,2.6657423398440563,1.6133760993852775e-11,0.8013333333333333,0.492,True,
MCAR,13,oracle,True,5.5378956184877827e-08,False,0.0008533442211906708,True,1.8020042366399058,1.3677947663381929e-13,0.7913333333333333,0.488,True,
MCAR,13,MAR_ignorability,True,2.6617209167190126e-08,False,0.0006616441995332201,True,1.4318023746823252,5.46451772720502e-13,0.7913333333333333,0.488,True,
MCAR,13,selection_misspecified,True,1.9523246641561797e-08,False,0.0011592986033937408,True,2.6682065922577367,6.3860028376439004e-12,0.7913333333333333,0.488,True,
MCAR,13,candidate_saturated,True,1.229015225945318e-07,False,0.0010185299144663252,True,2.6644710134254637,9.706013770482969e-12,0.7913333333333333,0.488,True,
MCAR,14,oracle,True,3.102626916151596e-08,False,0.007177805864562955,True,1.7894823029752998,2.446931546273845e-13,0.7999999999999999,0.494,True,
MCAR,14,MAR_ignorability,True,2.5207403925531224e-08,False,0.004212225270989798,True,1.457929320646676,1.822986206434507e-13,0.7999999999999999,0.494,True,
MCAR,14,selection_misspecified,True,5.202153349348482e-08,False,0.00414640725305004,True,2.67703814862115,1.2421175199506251e-12,0.7999999999999999,0.494,True,
MCAR,14,candidate_saturated,True,2.3547557375103169e-07,False,1.2559176732562295e-07,True,2.6745321234141,1.1532552690596276e-11,0.7999999999999999,0.494,True,
MCAR,15,oracle,True,4.912002907499213e-08,False,0.007506991606739739,True,1.8180084291891072,3.643751966819764e-13,0.7893333333333333,0.462,True,
MCAR,15,MAR_ignorability,True,2.2090540449516476e-08,False,0.003895718509782805,True,1.4284746326233646,3.33288951992472e-13,0.7893333333333333,0.462,True,
MCAR,15,selection_misspecified,True,3.229758839240482e-08,False,0.0038333493968968116,True,2.675241347625552,3.661959624423616e-12,0.7893333333333333,0.462,True,
MCAR,15,candidate_saturated,True,7.577937759095654e-08,False,0.0003052201012261471,True,2.6739400789958383,4.1167513842310655e-11,0.7893333333333333,0.462,True,
MCAR,16,oracle,True,1.828083296467886e-08,False,0.005908063993958626,True,1.7852849752134257,7.767120280277595e-13,0.7959999999999999,0.478,True,
MCAR,16,MAR_ignorability,True,6.854074369511132e-09,False,0.00350148051012026,True,1.441231554475241,4.292122213200855e-13,0.7959999999999999,0.478,True,
MCAR,16,selection_misspecified,True,6.041715142313108e-08,False,0.003363906463467346,True,2.67021233387711,1.9668711104259273e-12,0.7959999999999999,0.478,True,
MCAR,16,candidate_saturated,True,9.727986674423761e-08,False,0.0005323486928207666,True,2.668469301510532,3.2938096694579144e-12,0.7959999999999999,0.478,True,
MCAR,17,oracle,True,8.119072965939721e-09,False,0.010624895690814238,True,1.7467312145731604,1.241229341530925e-13,0.8013333333333333,0.47,True,
MCAR,17,MAR_ignorability,True,6.6161824275627025e-09,False,0.007449889927649242,True,1.43046618783632,1.0125233984581428e-13,0.8013333333333333,0.47,True,
MCAR,17,selection_misspecified,True,8.499307289944192e-08,False,0.007466645973178934,True,2.6462220448374727,1.7008616737257398e-13,0.8013333333333333,0.47,True,
MCAR,17,candidate_saturated,True,2.893250690938487e-08,False,0.0018534442343810151,True,2.644443616466648,5.992539797716745e-12,0.8013333333333333,0.47,True,
MCAR,18,oracle,True,3.024151424639576e-08,False,0.005657472577711582,True,1.7938713006585565,3.4772185131259903e-13,0.7919999999999999,0.48,True,
MCAR,18,MAR_ignorability,True,1.569211667939996e-08,False,0.004464963490045945,True,1.4237207583490816,5.46229728115577e-13,0.7919999999999999,0.48,True,
MCAR,18,selection_misspecified,True,5.57219262828923e-08,False,0.004323967792552537,True,2.6624142912059843,1.723954312637943e-12,0.7919999999999999,0.48,True,
MCAR,18,candidate_saturated,True,1.0039309078591075e-07,False,1.5233059689726413e-05,True,2.65655541330024,1.283462225387666e-11,0.7919999999999999,0.48,True,
MCAR,19,oracle,True,5.48680122269829e-09,False,0.005622152769527021,True,1.828911198450955,5.022648963404208e-13,0.794,0.49,True,
MCAR,19,MAR_ignorability,True,3.3805580941870174e-08,False,0.003927816143050314,True,1.455170456978992,1.7608137170554983e-13,0.794,0.49,True,
MCAR,19,selection_misspecified,True,6.47620721506148e-08,False,0.004171006579207667,True,2.687333697884438,2.538413923502958e-12,0.794,0.49,True,
MCAR,19,candidate_saturated,True,8.656320040984126e-08,True,8.665056056201228e-08,False,2.6811040742269534,7.740164065239696e-11,0.794,0.49,True,17
MCAR,20,oracle,True,1.4302766582374726e-08,False,0.005769996065670284,True,1.7716661948953283,3.044231533522179e-13,0.7966666666666667,0.494,True,
MCAR,20,MAR_ignorability,True,9.792191854310488e-09,False,0.0048280660077551696,True,1.4204806460255524,6.179501355063621e-13,0.7966666666666667,0.494,True,
MCAR,20,selection_misspecified,True,4.70377777377351e-08,False,0.00479688487435612,True,2.6494694763575515,4.2943426592501055e-13,0.7966666666666667,0.494,True,
MCAR,20,candidate_saturated,True,5.479999480728637e-08,False,0.00174955737711145,True,2.645197182633012,2.8403945862010005e-12,0.7966666666666667,0.494,True,
MCAR,21,oracle,True,3.38423743425631e-08,False,0.004365701748212998,True,1.7921329911630506,3.1907809727727e-13,0.8046666666666668,0.484,True,
MCAR,21,MAR_ignorability,True,1.4302846918001766e-08,False,0.0015809818209805392,True,1.4498898079650784,1.5765166949677223e-12,0.8046666666666668,0.484,True,
MCAR,21,selection_misspecified,True,5.561361536509258e-08,False,0.001579795183921642,True,2.6590067708396354,4.6487258487104555e-12,0.8046666666666668,0.484,True,
MCAR,21,candidate_saturated,True,2.8839326785856657e-07,False,0.00041729902529357555,True,2.6531995318666586,7.996714401770078e-12,0.8046666666666668,0.484,True,
MCAR,22,oracle,True,2.4857991840654402e-08,False,0.002937950523448811,True,1.7230380350540238,3.5760283623176292e-12,0.8079999999999999,0.504,True,
MCAR,22,MAR_ignorability,True,1.840786045400663e-08,False,0.002433218602797589,True,1.411531643521553,5.153655280309977e-13,0.8079999999999999,0.504,True,
MCAR,22,selection_misspecified,True,9.780465458478216e-08,False,0.0024181108146835244,True,2.6070519677924295,1.807887173299605e-12,0.8079999999999999,0.504,True,
MCAR,22,candidate_saturated,True,6.49457704593459e-08,False,0.0015156795225984244,True,2.6060142694405326,4.03987954200602e-12,0.8079999999999999,0.504,True,
MCAR,23,oracle,True,2.8278508853674112e-08,False,0.007109473492798325,True,1.816091786443385,1.4455103780619538e-13,0.79,0.456,True,
MCAR,23,MAR_ignorability,True,1.6248065674997805e-08,False,0.003164737234986905,True,1.4424031204789458,1.4268586312482512e-12,0.79,0.456,True,
MCAR,23,selection_misspecified,True,1.997708248950847e-07,False,0.0032989730521289316,True,2.680980452235737,2.674527266322002e-11,0.79,0.456,True,
MCAR,23,candidate_saturated,True,1.4081824014361092e-07,True,1.4096410668365591e-07,False,2.675258190364105,8.570033571686508e-12,0.79,0.456,True,12
MCAR,24,oracle,True,2.154268911108703e-08,False,0.0062700934398663526,True,1.7605553497751907,2.4868995751603507e-13,0.79,0.464,True,
MCAR,24,MAR_ignorability,True,3.125549599117708e-08,False,0.0030615388070636784,True,1.3914082290545493,7.500666754367558e-13,0.79,0.464,True,
MCAR,24,selection_misspecified,True,3.359480496029077e-08,False,0.002751098205808642,True,2.6351332967486316,2.3443469387984806e-12,0.79,0.464,True,
MCAR,24,candidate_saturated,True,1.1749941528194085e-07,False,0.00043873705904915085,True,2.6312593297732163,7.609024521570973e-12,0.79,0.464,True,
MCAR,25,oracle,True,1.0594674745512123e-08,False,0.005968361899005943,True,1.7651092831656297,3.5793590313915047e-13,0.8033333333333333,0.498,True,
MCAR,25,MAR_ignorability,True,1.520394725547065e-08,False,0.004092438512344036,True,1.4202524540249715,8.637535131583718e-14,0.8033333333333333,0.498,True,
MCAR,25,selection_misspecified,True,2.982414637131558e-08,False,0.0037963459103294494,True,2.6296540329129265,1.460609411196856e-12,0.8033333333333333,0.498,True,
MCAR,25,candidate_saturated,True,9.205101409134908e-08,True,9.210477225434334e-08,False,2.627744821781214,5.820233184294921e-12,0.8033333333333333,0.498,True,11
MCAR,26,oracle,True,1.741049556658325e-08,False,0.004430989493023068,True,1.8452592052823673,1.0693668173189508e-12,0.8046666666666668,0.506,True,
MCAR,26,MAR_ignorability,True,4.294707218299721e-09,False,0.0026635207592790246,True,1.4864255264291923,1.6053824936079764e-13,0.8046666666666668,0.506,True,
MCAR,26,selection_misspecified,True,5.838141996816759e-08,False,0.002788719968141941,True,2.69322552650506,2.9558577807620168e-12,0.8046666666666668,0.506,True,
MCAR,26,candidate_saturated,True,6.167479716268076e-08,False,0.0006228477230111732,True,2.692320511410682,2.9741986651288244e-11,0.8046666666666668,0.506,True,
MCAR,27,oracle,True,3.5715426404570037e-08,False,0.007215726811798513,True,1.819504580758856,5.470957020747846e-12,0.7993333333333333,0.488,True,
MCAR,27,MAR_ignorability,True,1.4449673416960795e-08,False,0.0038779743247372048,True,1.4771868374788244,1.56097357262297e-13,0.7993333333333333,0.488,True,
MCAR,27,selection_misspecified,True,1.0643526512765788e-07,False,0.0028557329659416398,True,2.6971668506604645,1.6706636074559356e-12,0.7993333333333333,0.488,True,
MCAR,27,candidate_saturated,True,2.0702436339092856e-07,False,4.918862054313714e-05,True,2.6922458499691184,7.240430477395421e-12,0.7993333333333333,0.488,True,
MCAR,28,oracle,True,8.751588013389267e-09,False,0.005996693767870093,True,1.7986587911701764,4.82280881897168e-13,0.8026666666666666,0.498,True,
MCAR,28,MAR_ignorability,True,1.2509092072834041e-08,False,0.00462743549315209,True,1.4415785658413773,8.104628079763643e-14,0.8026666666666666,0.498,True,
MCAR,28,selection_misspecified,True,6.35130413458862e-08,False,0.004629328445731843,True,2.6545391681671986,1.4459544672718039e-12,0.8026666666666666,0.498,True,
MCAR,28,candidate_saturated,True,6.213109493113933e-08,False,0.00028935173687038847,True,2.649283252122739,4.4355630279824254e-12,0.8026666666666666,0.498,True,
MCAR,29,oracle,True,3.339817353875674e-08,False,0.004859083636010401,True,1.7809522532784101,1.0480505352461478e-13,0.7906666666666666,0.474,True,
MCAR,29,MAR_ignorability,True,1.0100912927551997e-08,False,0.003526576393938253,True,1.4228463552589838,5.404565683875262e-13,0.7906666666666666,0.474,True,
MCAR,29,selection_misspecified,True,4.414987791123704e-08,False,0.0038503757951464934,True,2.664165458038049,1.020961093445294e-12,0.7906666666666666,0.474,True,
MCAR,29,candidate_saturated,True,9.109115460947947e-08,False,0.0015046338484626,True,2.6608332428798604,5.369038547087257e-12,0.7906666666666666,0.474,True,
MCAR,30,oracle,True,3.1634727215790194e-08,False,0.00745693931301531,True,1.7974718397454286,1.9451107391432743e-13,0.7986666666666666,0.496,True,
MCAR,30,MAR_ignorability,True,4.178738839488716e-08,False,0.005839375682911841,True,1.4408019113684185,3.0730973321624333e-13,0.7986666666666666,0.496,True,
MCAR,30,selection_misspecified,True,7.284051651365673e-08,False,0.005671823745782553,True,2.6642217499948373,2.1516122217235534e-12,0.7986666666666666,0.496,True,
MCAR,30,candidate_saturated,True,6.914856645234834e-08,False,0.0009401367049271905,True,2.6598995608457727,2.2426505097428162e-12,0.7986666666666666,0.496,True,
MCAR,31,oracle,True,4.859650798605397e-09,False,0.007235213871620736,True,1.7489187354841067,1.425526363618701e-13,0.802,0.502,True,
MCAR,31,MAR_ignorability,True,1.1869134484970936e-08,False,0.004200408411066862,True,1.4363628792522503,6.532552276894421e-13,0.802,0.502,True,
MCAR,31,selection_misspecified,True,2.4701154346634668e-08,False,0.004212497782875452,True,2.6477324585344753,1.5636381078820705e-12,0.802,0.502,True,
MCAR,31,candidate_saturated,True,1.6671447679461603e-07,False,0.0004080196633622319,True,2.6445901070843374,1.652455949852083e-11,0.802,0.502,True,
MCAR,32,oracle,True,2.1410657438436508e-08,False,0.0068662428358550074,True,1.7968079831998838,2.4513724383723456e-13,0.7913333333333333,0.48,True,
MCAR,32,MAR_ignorability,True,7.4350895820640696e-09,False,0.004089906706947137,True,1.4253031992016436,2.7755575615628914e-14,0.7913333333333333,0.48,True,
MCAR,32,selection_misspecified,True,3.606859276338026e-08,False,0.004570203086363581,True,2.6641847513316943,4.524824959162288e-12,0.7913333333333333,0.48,True,
MCAR,32,candidate_saturated,True,6.572579583874472e-08,False,0.00042028170653741836,True,2.6612600343085497,7.529088463797962e-12,0.7913333333333333,0.48,True,
MCAR,33,oracle,True,7.069001814796749e-09,False,0.00756656920672569,True,1.8053013874154293,2.0294876890147862e-13,0.802,0.498,True,
MCAR,33,MAR_ignorability,True,3.363900420258363e-08,False,0.0033218544333131045,True,1.477844297106943,3.1508129438861943e-13,0.802,0.498,True,
MCAR,33,selection_misspecified,True,9.074584043777811e-08,False,0.003190721309992009,True,2.692186855614753,5.7558402488666616e-12,0.802,0.498,True,
MCAR,33,candidate_saturated,True,9.342872410655901e-08,False,0.000303589245314515,True,2.6903290574065,1.148769968040142e-11,0.802,0.498,True,
MCAR,34,oracle,True,2.229983869850294e-08,False,0.005923184797264104,True,1.8003726636972355,1.4943601911454607e-13,0.8146666666666667,0.518,True,
MCAR,34,MAR_ignorability,True,1.5738575189661043e-08,False,0.003489006647909739,True,1.4729846760368648,2.9398705692074145e-13,0.8146666666666667,0.518,True,
MCAR,34,selection_misspecified,True,1.5408435093355876e-07,False,0.0029663341356461334,True,2.6429055074955894,3.382627511427927e-12,0.8146666666666667,0.518,True,
MCAR,34,candidate_saturated,True,2.3046192139636324e-07,True,2.306769293435591e-07,False,2.6384349426154605,8.527401007540902e-12,0.8146666666666667,0.518,True,17
MCAR,35,oracle,True,2.6050178686953807e-08,False,0.00597668149277863,True,1.77556228003983,1.63202784619898e-13,0.816,0.522,True,
MCAR,35,MAR_ignorability,True,1.1952571941309387e-08,False,0.002326716804257822,True,1.46472627939121,2.69340105774063e-13,0.816,0.522,True,
MCAR,35,selection_misspecified,True,1.3618662161418717e-07,False,0.000687217192565816,True,2.6324539654980614,3.2294167340296553e-12,0.816,0.522,True,
MCAR,35,candidate_saturated,True,3.7706189342851836e-07,True,2.510976240381809e-07,False,2.628255121082,1.77369230414115e-12,0.816,0.522,True,"11,13"
MCAR,36,oracle,True,9.188981954566522e-09,False,0.009165351472978318,True,1.760171387904034,3.346212196220222e-13,0.806,0.514,True,
MCAR,36,MAR_ignorability,True,2.2175323302620065e-08,False,0.005485677426151695,True,1.4192671156204015,1.4233059175694507e-13,0.806,0.514,True,
MCAR,36,selection_misspecified,True,4.978457985505003e-08,False,0.005429575847378709,True,2.6251514511995073,3.517186542012496e-12,0.806,0.514,True,
MCAR,36,candidate_saturated,True,5.8515669774883425e-08,False,0.003317816646591098,True,2.6237087877392624,2.0654589150126412e-12,0.806,0.514,True,
MCAR,37,oracle,True,1.4062091723054948e-08,False,0.00521314770109928,True,1.8217104448542532,3.852473895449293e-13,0.81,0.522,True,
MCAR,37,MAR_ignorability,True,1.6439870504588705e-08,False,0.003026205114908805,True,1.4809655269278832,4.842792833414933e-13,0.81,0.522,True,
MCAR,37,selection_misspecified,True,5.342165515265229e-08,False,0.0028976667878564846,True,2.675566805445558,1.6679990721968352e-12,0.81,0.522,True,
MCAR,37,candidate_saturated,True,2.4836722355041014e-07,True,9.060006585681777e-08,False,2.669896551953962,6.4646066277873615e-12,0.81,0.522,True,"12,16"
MCAR,38,oracle,True,3.047072090262004e-08,False,0.001603158350968862,True,1.7625273189598751,2.3232527013306026e-12,0.7959999999999999,0.492,True,
MCAR,38,MAR_ignorability,True,1.2435720911580876e-06,True,1.2453212281985251e-06,False,1.4057821346996275,4.780620344035924e-13,0.7959999999999999,0.492,True,6
MCAR,38,selection_misspecified,True,1.025814328671522e-06,True,1.0274251299960539e-06,False,2.6362180637729122,3.0313529464365274e-12,0.7959999999999999,0.492,True,6
MCAR,38,candidate_saturated,True,1.0645795150585682e-06,True,1.0650361770436948e-06,False,2.6355483066009557,3.1956659540810506e-12,0.7959999999999999,0.492,True,6
MCAR,39,oracle,True,4.5549150571977395e-08,False,0.006376022488360684,True,1.821687104090773,8.570921750106208e-14,0.8079999999999999,0.498,True,
MCAR,39,MAR_ignorability,True,1.893180355605484e-08,False,0.003307078010876859,True,1.4867375658013848,3.3018032752352156e-13,0.8079999999999999,0.498,True,
MCAR,39,selection_misspecified,True,4.9101952547111574e-08,False,0.002862964422366451,True,2.6845974162318393,6.1239902038323635e-12,0.8079999999999999,0.498,True,
MCAR,39,candidate_saturated,True,1.238402666277061e-07,False,3.604836525161478e-05,True,2.6810408315476417,8.174350085710103e-12,0.8079999999999999,0.498,True,
MCAR,40,oracle,True,2.7500976553684885e-08,False,0.0065679567280541125,True,1.808998535877455,2.822186928597148e-13,0.8113333333333334,0.51,True,
MCAR,40,MAR_ignorability,True,1.8356090473847785e-08,False,0.0015889779187547122,True,1.4617842242804837,4.347633364432113e-13,0.8113333333333334,0.51,True,
MCAR,40,selection_misspecified,True,8.533291379463417e-08,False,0.00141021336406732,True,2.651532969101056,5.544009695768182e-12,0.8113333333333334,0.51,True,
MCAR,40,candidate_saturated,True,1.7132256719065708e-07,False,0.00098562824079974,True,2.65075359401282,7.909672916639465e-12,0.8113333333333334,0.51,True,
MCAR,41,oracle,True,2.4169998201494653e-08,False,0.006892400134156308,True,1.789586117719702,6.292744103575387e-13,0.8046666666666668,0.498,True,
MCAR,41,MAR_ignorability,True,2.2675117829450843e-08,False,0.004481175770945485,True,1.44015547358575,2.5912605394751154e-13,0.8046666666666668,0.498,True,
MCAR,41,selection_misspecified,True,2.9305577136318206e-08,False,0.0042696074148895315,True,2.644516453422526,1.0951239914902544e-12,0.8046666666666668,0.498,True,
MCAR,41,candidate_saturated,True,7.795508967944898e-08,False,0.0016492970381091882,True,2.6434462298985855,2.822186928597148e-12,0.8046666666666668,0.498,True,
MCAR,42,oracle,True,1.2468728222803093e-08,False,0.006018991074093009,True,1.7792084854299086,2.793321129956894e-13,0.7926666666666667,0.476,True,
MCAR,42,MAR_ignorability,True,3.280036657613244e-08,False,0.0041519866610583685,True,1.4145117553411646,5.935252289646087e-13,0.7926666666666667,0.476,True,
MCAR,42,selection_misspecified,True,7.490096401485679e-08,False,0.003842753505856467,True,2.6539073586019204,7.185363415374013e-13,0.7926666666666667,0.476,True,
MCAR,42,candidate_saturated,True,6.688780665786709e-08,False,0.001307329971267149,True,2.6510303236745054,4.979128220838902e-12,0.7926666666666667,0.476,True,
MCAR,43,oracle,True,2.6203780727152014e-08,False,0.006223205478656829,True,1.8193454948723204,2.5157653738006047e-13,0.8133333333333334,0.512,True,
MCAR,43,MAR_ignorability,True,2.150313081935129e-08,False,0.0029154613444984747,True,1.5068578894013522,1.8696155734687636e-13,0.8133333333333334,0.512,True,
MCAR,43,selection_misspecified,True,1.7826492883993295e-07,False,0.0029610266954953352,True,2.6926146768178105,4.778399897986674e-12,0.8133333333333334,0.512,True,
MCAR,43,candidate_saturated,True,7.67029961974172e-08,True,7.680909509682112e-08,False,2.6868610436833134,5.594191776481239e-12,0.8133333333333334,0.512,True,15
MCAR,44,oracle,True,4.76434018870037e-08,False,0.009442405433384355,True,1.741803182755432,4.762856775641922e-13,0.8053333333333333,0.508,True,
MCAR,44,MAR_ignorability,True,1.0442295207423537e-08,False,0.0068564297481821315,True,1.4213792958951716,2.937650123158164e-13,0.8053333333333333,0.508,True,
MCAR,44,selection_misspecified,True,1.4558683850962594e-07,False,0.007229608360055232,True,2.6200521872070692,6.150635556423367e-13,0.8053333333333333,0.508,True,
MCAR,44,candidate_saturated,True,2.959715666506213e-08,False,0.0014958134054624999,True,2.6145473508178885,1.9126922268242197e-12,0.8053333333333333,0.508,True,
MCAR,45,oracle,True,4.374038892862586e-08,False,0.002985962796669417,True,1.7453828553191812,5.764277943853813e-13,0.798,0.49,True,
MCAR,45,MAR_ignorability,True,2.3381934221411437e-08,False,0.0017197778028998326,True,1.4016445762397358,3.8968828164342995e-13,0.798,0.49,True,
MCAR,45,selection_misspecified,True,4.937929642027938e-08,False,0.0017612835174217367,True,2.6278874952116165,2.291944412036173e-12,0.798,0.49,True,
MCAR,45,candidate_saturated,True,3.25258096740555e-08,False,0.0016098244213741397,True,2.627406461409218,5.5639937102114345e-12,0.798,0.49,True,
MCAR,46,oracle,True,2.417145875188709e-08,False,0.007557740662228024,True,1.7600947314491036,3.4017233474514796e-13,0.8113333333333334,0.506,True,
MCAR,46,MAR_ignorability,True,2.2466066228699963e-08,False,0.0033188933573347194,True,1.428840145656508,5.6754601018838e-13,0.8113333333333334,0.506,True,
MCAR,46,selection_misspecified,True,1.6371476607413005e-07,False,0.00358957237973548,True,2.6166882801212457,3.1108449149996886e-12,0.8113333333333334,0.506,True,
MCAR,46,candidate_saturated,True,4.492643391706963e-08,False,0.00031175222583366047,True,2.613690573152375,5.53290746552193e-12,0.8113333333333334,0.506,True,
MCAR,47,oracle,True,9.011700192404666e-09,False,0.008419784957423824,True,1.7459188867044877,5.0246473648485335e-12,0.7986666666666666,0.474,True,
MCAR,47,MAR_ignorability,True,1.8717276638380297e-08,False,0.005387248960552783,True,1.3886343325733619,2.1893598045608087e-13,0.7986666666666666,0.474,True,
MCAR,47,selection_misspecified,True,5.483975068842906e-08,False,0.005770791175470609,True,2.6078636338978622,6.425970866530406e-13,0.7986666666666666,0.474,True,
MCAR,47,candidate_saturated,True,1.4712339839562106e-07,True,5.53474435523883e-08,False,2.5936175314699215,7.245759547913622e-12,0.7986666666666666,0.474,True,17
MCAR,48,oracle,True,7.991143673830719e-08,False,0.005683386883613837,True,1.8242054798061609,3.3439917501709715e-13,0.8073333333333333,0.516,True,
MCAR,48,MAR_ignorability,True,5.009579672865527e-09,False,0.003884027112400945,True,1.4778443294425452,9.836575998178887e-14,0.8073333333333333,0.516,True,
MCAR,48,selection_misspecified,True,3.529609738683881e-08,False,0.003946089930263939,True,2.6749084391426377,1.6422418980255316e-12,0.8073333333333333,0.516,True,
MCAR,48,candidate_saturated,True,2.3243052962484968e-07,True,2.0162010769978966e-07,False,2.6723208891792565,1.900257728948418e-12,0.8073333333333333,0.516,True,16
MCAR,49,oracle,True,1.0632630331297577e-08,False,0.006896799662460861,True,1.7936739843935083,2.7422508708241367e-13,0.802,0.488,True,
MCAR,49,MAR_ignorability,True,4.4866128467859165e-08,False,0.004039747116177856,True,1.4750670644259944,2.0095036745715333e-13,0.802,0.488,True,
MCAR,49,selection_misspecified,True,1.0383385110723786e-07,False,0.0043327629189825,True,2.6890375140326306,2.099209694961246e-12,0.802,0.488,True,
MCAR,49,candidate_saturated,True,4.525982622283209e-08,False,0.0004371921921619281,True,2.685557631089872,8.121503469737945e-12,0.802,0.488,True,
MCAR,50,oracle,True,3.964178734497913e-08,False,0.003636324223688753,True,1.7350279306857779,3.5726976932437537e-13,0.7913333333333333,0.46,True,
MCAR,50,MAR_ignorability,True,2.250599462549907e-08,False,0.002804129189544365,True,1.3807139741543788,4.0611958240788226e-13,0.7913333333333333,0.46,True,
MCAR,50,selection_misspecified,True,6.01674967811161e-08,False,0.002745585878340582,True,2.621977779633551,5.310418771387049e-12,0.7913333333333333,0.46,True,
MCAR,50,candidate_saturated,True,5.3632910877343676e-08,False,0.0011860545875082725,True,2.620659991046824,3.028688411177427e-11,0.7913333333333333,0.46,True,
MCAR,51,oracle,True,4.618013387551294e-08,False,0.007374894047409784,True,1.7793547987697271,2.76667577736589e-13,0.7966666666666667,0.476,True,
MCAR,51,MAR_ignorability,True,1.3699766063468566e-08,False,0.005612531956048618,True,1.4285405919805156,4.32542890393961e-13,0.7966666666666667,0.476,True,
MCAR,51,selection_misspecified,True,3.6960197770774526e-08,False,0.0055542826400494785,True,2.6576107775027493,2.2164492463616625e-12,0.7966666666666667,0.476,True,
MCAR,51,candidate_saturated,True,1.1021799106725183e-07,False,0.0021439912694209153,True,2.6546065213260523,4.312994406063808e-12,0.7966666666666667,0.476,True,
MCAR,52,oracle,True,1.0842761763996123e-08,False,0.0012496241176942107,True,1.7838205106768075,4.214406601477094e-13,0.7873333333333333,0.462,True,
MCAR,52,MAR_ignorability,True,3.707454598500526e-08,False,0.0025656582445649162,True,1.4136327779805016,7.59170504238682e-13,0.7873333333333333,0.462,True,
MCAR,52,selection_misspecified,True,5.3215773185288916e-08,False,0.002544442633205499,True,2.6606640005631776,8.57669490983426e-12,0.7873333333333333,0.462,True,
MCAR,52,candidate_saturated,True,6.138214245909879e-08,False,9.071660454266703e-05,True,2.658434094158053,7.997158490979928e-12,0.7873333333333333,0.462,True,
MCAR,53,oracle,True,2.6407381108983774e-08,False,0.008132774413120351,True,1.7950097434165273,3.11972669919669e-13,0.7959999999999999,0.494,True,
MCAR,53,MAR_ignorability,True,1.587013283102653e-08,False,0.0041370364135361,True,1.445617738718831,2.142730437526552e-13,0.7959999999999999,0.494,True,
MCAR,53,selection_misspecified,True,5.032490534873091e-08,False,0.0036859511825041466,True,2.6768651852462177,1.937561222575823e-12,0.7959999999999999,0.494,True,
MCAR,53,candidate_saturated,True,1.3493123952357245e-07,False,0.001155079452727982,True,2.6740123975687657,2.5008439763496426e-11,0.7959999999999999,0.494,True,
MCAR,54,oracle,True,5.798176502291863e-08,False,0.005681776352416747,True,1.7357371604449152,4.285460875053104e-13,0.7973333333333333,0.47,True,
MCAR,54,MAR_ignorability,True,4.948666283519088e-09,False,0.004078880997166665,True,1.4086552756737725,6.108447081487611e-13,0.7973333333333333,0.47,True,
MCAR,54,selection_misspecified,True,8.562193677708052e-08,False,0.003984094885167813,True,2.6358085602269963,1.4357404154452524e-12,0.7973333333333333,0.47,True,
MCAR,54,candidate_saturated,True,3.402985933220748e-08,False,0.001198669477955014,True,2.631230516092732,1.432187701766452e-12,0.7973333333333333,0.47,True,
MCAR,55,oracle,True,3.378792634645134e-08,False,0.009143886856612294,True,1.7476905204906525,9.257039579324555e-13,0.794,0.464,True,
MCAR,55,MAR_ignorability,True,4.176933071362494e-08,False,0.0039015848367089366,True,1.4177814570707472,3.3661962106634746e-13,0.794,0.464,True,
MCAR,55,selection_misspecified,True,1.7072127872863607e-07,False,0.0034847379287270743,True,2.6502814412194713,3.0406788198433787e-12,0.794,0.464,True,
MCAR,55,candidate_saturated,True,1.2397410664632959e-07,False,0.00010798322990581301,True,2.6482363362314896,4.229505634611996e-12,0.794,0.464,True,
MCAR,56,oracle,True,1.430209776892566e-08,False,0.0027000190906548657,True,1.7981692061042358,9.305889392408062e-13,0.7986666666666666,0.486,True,
MCAR,56,MAR_ignorability,True,3.103919772297211e-08,False,0.0017234299843961252,True,1.4165245198414718,3.639311074721263e-13,0.7986666666666666,0.486,True,
MCAR,56,selection_misspecified,True,5.8432449432377356e-08,False,0.0018000009048372762,True,2.641496824558086,2.871924920100355e-12,0.7986666666666666,0.486,True,
MCAR,56,candidate_saturated,True,9.953103145221576e-08,False,0.0006095207928074085,True,2.6350804145302065,6.979750111213434e-12,0.7986666666666666,0.486,True,
MCAR,57,oracle,True,1.2194882015426068e-08,False,0.010295709605451961,True,1.7313706934296473,5.639932965095795e-14,0.806,0.506,True,
MCAR,57,MAR_ignorability,True,1.3501760946277308e-08,False,0.007596160578256125,True,1.4145561636279504,4.3787196091216174e-13,0.806,0.506,True,
MCAR,57,selection_misspecified,True,8.827530986788012e-08,False,0.0075231347105278994,True,2.617836092726197,9.907630271754897e-13,0.806,0.506,True,
MCAR,57,candidate_saturated,True,4.986633370629434e-08,False,0.0007800392362260541,True,2.616689508197869,2.0455193094903734e-11,0.806,0.506,True,
MCAR,58,oracle,True,5.298419416110978e-08,False,0.005602200466855128,True,1.8206040249674242,1.0518252935298733e-12,0.798,0.48,True,
MCAR,58,MAR_ignorability,True,3.822095415310846e-08,False,0.005304353754219207,True,1.4482557572747492,1.1235457009206584e-13,0.798,0.48,True,
MCAR,58,selection_misspecified,True,3.9166930483336415e-08,False,0.004652169287725877,True,2.6725003012543893,2.7413626924044365e-12,0.798,0.48,True,
MCAR,58,candidate_saturated,True,7.572859920834674e-08,True,6.126816702921619e-08,False,2.66935025581792,6.094680315982259e-12,0.798,0.48,True,16
MCAR,59,oracle,True,4.2022103844269185e-08,False,0.0021154033837262774,True,1.8088152815660434,4.4564352208453784e-13,0.8013333333333333,0.512,True,
MCAR,59,MAR_ignorability,True,1.9117787158129396e-08,False,0.0031775890511857355,True,1.4566962937055512,2.9398705692074145e-13,0.8013333333333333,0.512,True,
MCAR,59,selection_misspecified,True,7.560893904656752e-08,False,0.0030941683662745628,True,2.670254103219502,6.73683331342545e-13,0.8013333333333333,0.512,True,
MCAR,59,candidate_saturated,True,1.3018740663284234e-07,False,0.00013027247083708006,True,2.668023108148761,1.2654766123887384e-11,0.8013333333333333,0.512,True,
MCAR,60,oracle,True,2.5829751643779987e-08,False,0.007419713206260986,True,1.7529352338689668,5.335731856348502e-13,0.8053333333333333,0.52,True,
MCAR,60,MAR_ignorability,True,1.3181787962168735e-08,False,0.003970910591633056,True,1.4284102490578694,1.7252865802674933e-13,0.8053333333333333,0.52,True,
MCAR,60,selection_misspecified,True,6.23086694169217e-08,False,0.003834339682228052,True,2.6336138695847846,9.682032953151065e-12,0.8053333333333333,0.52,True,
MCAR,60,candidate_saturated,True,3.2190223836951586e-07,True,3.219458541273923e-07,False,2.6296273941353503,4.7774139311229646e-08,0.8053333333333333,0.52,True,12
MCAR,61,oracle,True,9.728338865144793e-09,False,0.005010277918107139,True,1.7342480083131295,2.6918467455061545e-12,0.79,0.474,True,
MCAR,61,MAR_ignorability,True,6.218892919531491e-09,False,0.005705115841730167,True,1.360520360752379,7.476241847825804e-13,0.79,0.474,True,
MCAR,61,selection_misspecified,True,6.921256518621632e-08,False,0.005803770877261542,True,2.600095340618524,9.64561763794336e-13,0.79,0.474,True,
MCAR,61,candidate_saturated,True,1.0821960720619473e-07,False,0.0013258331927114687,True,2.5930084762131953,3.0655478155949822e-12,0.79,0.474,True,
MCAR,62,oracle,True,1.4172887874197571e-08,False,0.006966297419807521,True,1.7679701580851006,1.5631940186722204e-13,0.8073333333333333,0.5,True,
MCAR,62,MAR_ignorability,True,1.087595397486485e-08,False,0.003985237123246075,True,1.4470242633940562,1.8829382497642655e-13,0.8073333333333333,0.5,True,
MCAR,62,selection_misspecified,True,4.532757911412943e-08,False,0.0040084798430867034,True,2.649033792808579,2.2075674621646613e-12,0.8073333333333333,0.5,True,
MCAR,62,candidate_saturated,True,7.639427112593467e-08,False,0.0007247349297348817,True,2.646528539271225,1.2896350654045818e-11,0.8073333333333333,0.5,True,
MCAR,63,oracle,True,1.8610704277333134e-08,False,0.00589513239356748,True,1.7225224304112576,1.3633538742396922e-13,0.7846666666666667,0.452,True,
MCAR,63,MAR_ignorability,True,1.4742924296729575e-08,False,0.0038549129271047847,True,1.357150146753407,2.240430063693566e-13,0.7846666666666667,0.452,True,
MCAR,63,selection_misspecified,True,4.127389792285552e-08,False,0.003134910471177265,True,2.6151720335866138,2.170263968537256e-12,0.7846666666666667,0.452,True,
MCAR,63,candidate_saturated,True,6.377606561169813e-08,False,0.0009324321699462702,True,2.601816079815112,8.591793942969161e-12,0.7846666666666667,0.452,True,
MCAR,64,oracle,True,2.2642627888203036e-08,False,0.00016316236923677376,True,1.8386837649028158,3.8680170177940454e-13,0.7999999999999999,0.502,True,
MCAR,64,MAR_ignorability,True,1.492764305477401e-08,False,0.00349820258735995,True,1.4619922020446052,2.90656387846866e-13,0.7999999999999999,0.502,True,
MCAR,64,selection_misspecified,True,1.0252019464829232e-07,False,0.0035189311754824375,True,2.6831253705783586,1.163069640597314e-12,0.7999999999999999,0.502,True,
MCAR,64,candidate_saturated,True,2.032511804217485e-07,False,0.00019834292983683213,True,2.680105805198188,4.334488323820551e-11,0.7999999999999999,0.502,True,
MCAR,65,oracle,True,2.2232107104280808e-08,False,0.007690402998117131,True,1.7538940772709704,3.923528169025303e-13,0.8093333333333333,0.522,True,
MCAR,65,MAR_ignorability,True,2.709117180820978e-08,False,0.00559663505844947,True,1.447950867534662,3.7414515929867775e-13,0.8093333333333333,0.522,True,
MCAR,65,selection_misspecified,True,3.792509954047424e-08,False,0.005374330813300756,True,2.6428325793755794,1.050270981295398e-12,0.8093333333333333,0.522,True,
MCAR,65,candidate_saturated,True,6.682506845301361e-08,False,0.0013565382708303137,True,2.6381680858284473,4.6136428011323005e-12,0.8093333333333333,0.522,True,
MCAR,66,oracle,True,3.28567801551119e-08,False,0.006309330582879686,True,1.79685756384578,5.870859354217828e-13,0.8119999999999999,0.51,True,
MCAR,66,MAR_ignorability,True,1.735609771390674e-08,False,0.004078388064359729,True,1.4462805528216605,2.793321129956894e-13,0.8119999999999999,0.51,True,
MCAR,66,selection_misspecified,True,4.79670383297659e-08,False,0.0037981486971110554,True,2.634477769025426,1.4779288903810084e-12,0.8119999999999999,0.51,True,
MCAR,66,candidate_saturated,True,7.3715439683264e-08,False,0.0007704807834710938,True,2.631304095224684,1.0456524535129574e-11,0.8119999999999999,0.51,True,
MCAR,67,oracle,True,2.0850883379885944e-08,False,0.008917911362702586,True,1.799268956357309,1.5365486660812167e-13,0.7973333333333333,0.486,True,
MCAR,67,MAR_ignorability,True,2.854426593521008e-08,False,0.005736071223561737,True,1.4665542117911228,4.434230760352875e-13,0.7973333333333333,0.486,True,
MCAR,67,selection_misspecified,True,1.4564061130156736e-07,False,0.00569191504638273,True,2.6888120509974653,3.0531133177191805e-12,0.7973333333333333,0.486,True,
MCAR,67,candidate_saturated,True,1.0027795787237447e-07,False,0.0006003306496083577,True,2.687722468689748,1.3766321416142091e-11,0.7973333333333333,0.486,True,
MCAR,68,oracle,True,1.5742621253681324e-08,False,0.003998476011056474,True,1.7881866198892522,3.5571545708990016e-13,0.802,0.494,True,
MCAR,68,MAR_ignorability,True,5.7782535005990173e-08,False,0.0038226308289677105,True,1.44850887133731,2.731148640577885e-13,0.802,0.494,True,
MCAR,68,selection_misspecified,True,5.715720250251428e-08,False,0.00349792480565573,True,2.661249164801642,1.13420384195706e-12,0.802,0.494,True,
MCAR,68,candidate_saturated,True,2.4373300991697988e-08,False,0.0013588335323204287,True,2.655357631881946,1.0191847366058937e-11,0.802,0.494,True,
MCAR,69,oracle,True,1.494592303341591e-08,False,0.008646909957415658,True,1.7985478626793392,3.668176873361517e-13,0.8126666666666668,0.518,True,
MCAR,69,MAR_ignorability,True,4.5098744541505195e-08,False,0.006178568295205164,True,1.4666319742753862,1.5343282200319663e-13,0.8126666666666668,0.518,True,
MCAR,69,selection_misspecified,True,4.573799066553974e-08,False,0.005985243178733545,True,2.6523649586992817,4.157563182616286e-12,0.8126666666666668,0.518,True,
MCAR,69,candidate_saturated,True,2.1725013307261065e-07,False,0.00044530972123479147,True,2.6519920944132354,1.24082966124206e-11,0.8126666666666668,0.518,True,
MCAR,70,oracle,True,7.216475401788242e-08,False,0.006719919474290511,True,1.8532667188997294,1.758593271006248e-13,0.7893333333333333,0.47,True,
MCAR,70,MAR_ignorability,True,1.4285548182078435e-08,False,0.0032595224810024054,True,1.4745948332887464,5.913047829153584e-13,0.7893333333333333,0.47,True,
MCAR,70,selection_misspecified,True,7.889888978052095e-08,False,0.0033828382718494713,True,2.7187128919043984,2.8967939158519584e-12,0.7893333333333333,0.47,True,
MCAR,70,candidate_saturated,True,5.220514466975881e-07,True,5.220968912212584e-07,False,2.7096386178238627,2.8421709430404007e-12,0.7893333333333333,0.47,True,16
MCAR,71,oracle,True,2.183496991259304e-08,False,0.006188752672739626,True,1.7844586696940354,4.1167069753100805e-13,0.79,0.466,True,
MCAR,71,MAR_ignorability,True,1.6311830512407343e-08,False,0.005209173869769248,True,1.4268075151624757,2.6423307986078726e-13,0.79,0.466,True,
MCAR,71,selection_misspecified,True,4.811943760288373e-08,False,0.005163345155828778,True,2.67229986175515,1.6582291095801338e-12,0.79,0.466,True,
MCAR,71,candidate_saturated,True,8.035189523747377e-08,False,0.0021694233721036276,True,2.6711595522922815,1.2323475573339238e-12,0.79,0.466,True,
MCAR,72,oracle,True,1.1906308944986676e-08,False,0.005777454280875277,True,1.7960872956207288,7.240874566605271e-13,0.8039999999999999,0.498,True,
MCAR,72,MAR_ignorability,True,1.3951388648505238e-08,False,0.0022045493443224244,True,1.446041736556588,2.5424107263916085e-13,0.8039999999999999,0.498,True,
MCAR,72,selection_misspecified,True,4.6856271127437844e-08,False,0.0019177021496720838,True,2.654142961391691,6.214584402641776e-12,0.8039999999999999,0.498,True,
MCAR,72,candidate_saturated,True,1.2339455533516564e-07,False,6.392936383991104e-05,True,2.650872912497177,3.610534093922979e-11,0.8039999999999999,0.498,True,
MCAR,73,oracle,True,4.6161875048245094e-08,False,0.00147980923882364,True,1.80523282467227,2.97761815204467e-13,0.8026666666666666,0.506,True,
MCAR,73,MAR_ignorability,True,1.309663782057414e-06,True,1.311481965898634e-06,False,1.4334225326222008,1.6648904477278847e-12,0.8026666666666666,0.506,True,6
MCAR,73,selection_misspecified,True,1.7015157717887061e-06,True,1.7025930155656081e-06,False,2.6474516095220193,4.1451286847404845e-12,0.8026666666666666,0.506,True,6
MCAR,73,candidate_saturated,True,1.7004276020941757e-06,True,1.6995868667908878e-06,False,2.645403135906233,2.1445067943659524e-12,0.8026666666666666,0.506,True,6
MCAR,74,oracle,True,4.845871889980202e-09,False,0.005804474556451486,True,1.7582344868175217,1.9451107391432743e-13,0.8046666666666668,0.502,True,
MCAR,74,MAR_ignorability,True,1.0671316023409315e-08,False,0.005201492725543488,True,1.427069638349595,3.779199175824033e-13,0.8046666666666668,0.502,True,
MCAR,74,selection_misspecified,True,1.4722064089989218e-07,False,0.005137179117273545,True,2.633373191605212,1.9544366125501256e-12,0.8046666666666668,0.502,True,
MCAR,74,candidate_saturated,True,7.26806810100733e-08,False,0.0021577407416218347,True,2.631887376106369,1.3837819778927951e-11,0.8046666666666668,0.502,True,
MCAR,75,oracle,True,2.2119098886497214e-08,False,0.004817862631900911,True,1.834311664569253,3.015365734881925e-13,0.8053333333333333,0.496,True,
MCAR,75,MAR_ignorability,True,2.711991901135015e-08,False,0.002866859625350228,True,1.5280911084555984,3.566036355096003e-13,0.8053333333333333,0.496,True,
MCAR,75,selection_misspecified,True,4.064878953591311e-08,False,0.002834606704747735,True,2.7351514280939253,6.050271394997253e-12,0.8053333333333333,0.496,True,
MCAR,75,candidate_saturated,True,8.085927588685759e-08,False,0.0005997547654772668,True,2.7287620302344306,1.390398907119561e-11,0.8053333333333333,0.496,True,
MCAR,76,oracle,True,2.029496114408502e-08,False,0.0062770629010542355,True,1.8258853099391827,2.402522625288839e-13,0.8119999999999999,0.5,True,
MCAR,76,MAR_ignorability,True,1.4469941645931431e-08,False,0.004408976980677429,True,1.496344364686417,4.3165471197426086e-13,0.8119999999999999,0.5,True,
MCAR,76,selection_misspecified,True,8.853382654613883e-08,False,0.0037626368365947785,True,2.6846105070090154,2.497113626986902e-12,0.8119999999999999,0.5,True,
MCAR,76,candidate_saturated,True,2.446602719246016e-07,True,1.1638572054196937e-07,False,2.6809643412113675,3.6841640849161195e-12,0.8119999999999999,0.5,True,13
MCAR,77,oracle,True,2.059888976589132e-08,False,0.00894962415363864,True,1.8025522724976417,3.588240815588506e-13,0.782,0.45,True,
MCAR,77,MAR_ignorability,True,2.393127477327666e-08,False,0.005122039019707894,True,1.4214466289120653,3.468336728928989e-13,0.782,0.45,True,
MCAR,77,selection_misspecified,True,5.766799974527004e-08,False,0.004993134944767385,True,2.6837600195341293,9.399592215686425e-12,0.782,0.45,True,
MCAR,77,candidate_saturated,True,1.2595040114682378e-07,False,0.0028972715904159183,True,2.6822884349991036,3.277378368693462e-12,0.782,0.45,True,
MCAR,78,oracle,True,3.9694103616521455e-08,False,0.005003577489642377,True,1.7925340762169286,4.2366110619695974e-13,0.798,0.486,True,
MCAR,78,MAR_ignorability,True,3.342376128720581e-08,False,0.004155654252969368,True,1.4204819336317878,7.891465259035613e-13,0.798,0.486,True,
MCAR,78,selection_misspecified,True,1.844971733844236e-07,False,0.004327473598025019,True,2.6455664099278797,3.204547738278052e-12,0.798,0.486,True,
MCAR,78,candidate_saturated,True,1.8103569629124295e-07,False,5.171331191100689e-05,True,2.6411214868145216,1.0062617405992569e-11,0.798,0.486,True,
MCAR,79,oracle,True,3.051681111188032e-08,False,0.0038172637890316703,True,1.7709797239589553,4.882760862301438e-13,0.7919999999999999,0.478,True,
MCAR,79,MAR_ignorability,True,1.1856926262723092e-08,False,0.002645868929433374,True,1.4377726919195801,5.129230373768223e-13,0.7919999999999999,0.478,True,
MCAR,79,selection_misspecified,True,7.867374557657403e-08,False,0.003080802650564734,True,2.6764838077282724,7.043254868221993e-13,0.7919999999999999,0.478,True,
MCAR,79,candidate_saturated,True,1.335840989651338e-07,False,0.0020638896163736424,True,2.6748347911417323,5.666134228476949e-12,0.7919999999999999,0.478,True,
MCAR,80,oracle,True,1.961188207516562e-08,False,0.008048442965914962,True,1.8033420089686338,1.9739765377835283e-13,0.8033333333333333,0.5,True,
MCAR,80,MAR_ignorability,True,5.243928527752456e-08,False,0.0043160292914028835,True,1.441088139992483,3.417266469796232e-13,0.8033333333333333,0.5,True,
MCAR,80,selection_misspecified,True,5.818418812919557e-08,False,0.003978000401587252,True,2.6536135387870616,5.941913627793838e-13,0.8033333333333333,0.5,True,
MCAR,80,candidate_saturated,True,9.09949440757174e-08,False,0.00018455119113003782,True,2.6459653856671492,1.319655495990446e-11,0.8033333333333333,0.5,True,
MCAR,81,oracle,True,3.4955212765197527e-08,False,0.006775720756650084,True,1.8197039379707673,3.0597746558669314e-13,0.7879999999999999,0.454,True,
MCAR,81,MAR_ignorability,True,1.70945098803348e-08,False,0.003945535579279446,True,1.4434092547872595,7.200018359299065e-12,0.7879999999999999,0.454,True,
MCAR,81,selection_misspecified,True,6.861341161131071e-08,False,0.0035900544517839497,True,2.6871881256556995,2.532640763774907e-12,0.7879999999999999,0.454,True,
MCAR,81,candidate_saturated,True,6.754936865016603e-08,False,0.00019110394822314977,True,2.6808610153484147,1.1881162720328575e-11,0.7879999999999999,0.454,True,
MCAR,82,oracle,True,1.3068163319569435e-08,False,0.00709706490981181,True,1.844692053777844,4.04121180963557e-13,0.7766666666666667,0.436,True,
MCAR,82,MAR_ignorability,True,2.0355913445013752e-08,False,0.0034125910997181083,True,1.4249303709466536,4.793943020331426e-13,0.7766666666666667,0.436,True,
MCAR,82,selection_misspecified,True,4.248079146562667e-08,False,0.0031225924854708207,True,2.699957435270775,2.1382895454280515e-12,0.7766666666666667,0.436,True,
MCAR,82,candidate_saturated,True,8.737187027207937e-08,False,0.0004058591991375616,True,2.6951541852053995,8.166356479932801e-12,0.7766666666666667,0.436,True,
MCAR,83,oracle,True,2.0372461763118465e-08,False,0.006806911879812425,True,1.7474666845042846,2.3225865675158275e-13,0.8026666666666666,0.49,True,
MCAR,83,MAR_ignorability,True,5.905825819052524e-09,False,0.005363615855574419,True,1.3830467611181296,6.765699112065704e-13,0.8026666666666666,0.49,True,
MCAR,83,selection_misspecified,True,3.201109966255444e-08,False,0.0053334990387909715,True,2.5940258140713657,1.538769112130467e-12,0.8026666666666666,0.49,True,
MCAR,83,candidate_saturated,True,9.599355463763005e-08,False,0.0010365057218363117,True,2.5936100252130783,2.2677415500993447e-11,0.8026666666666666,0.49,True,
MCAR,84,oracle,True,2.1672252655672784e-08,False,0.007139558010487369,True,1.8475667854653548,2.3581137043038325e-13,0.8033333333333333,0.496,True,
MCAR,84,MAR_ignorability,True,1.5786271147721213e-08,False,0.004561433828081089,True,1.4959822978020687,3.7281289166912757e-13,0.8033333333333333,0.496,True,
MCAR,84,selection_misspecified,True,5.369475543570701e-08,False,0.004242380684822548,True,2.696084676497655,1.4788170688007085e-12,0.8033333333333333,0.496,True,
MCAR,84,candidate_saturated,True,2.849849827717089e-08,True,2.8561164753834742e-08,False,2.693016667742473,6.2594374128366326e-12,0.8033333333333333,0.496,True,15
MCAR,85,oracle,True,2.3958974384119537e-08,False,0.005555105760709915,True,1.781678367227118,2.7489122089718876e-13,0.8039999999999999,0.486,True,
MCAR,85,MAR_ignorability,True,3.935272937840032e-08,False,0.004890002178921014,True,1.4594533593859573,1.1588507931037384e-12,0.8039999999999999,0.486,True,
MCAR,85,selection_misspecified,True,1.3464543477148538e-07,False,0.00476363272684747,True,2.670252953733778,1.5560885913146194e-12,0.8039999999999999,0.486,True,
MCAR,85,candidate_saturated,True,1.2281489166643828e-07,True,1.2286925650875614e-07,False,2.6645874040454802,3.7560177190698596e-11,0.8039999999999999,0.486,True,16
MCAR,86,oracle,True,1.2346931762136082e-08,False,0.004961671625790054,True,1.7946968303802664,1.5303314171433158e-12,0.802,0.494,True,
MCAR,86,MAR_ignorability,True,7.012399361960852e-09,False,0.0014976991238289596,True,1.4698186402964648,6.965539256498232e-13,0.802,0.494,True,
MCAR,86,selection_misspecified,True,9.299070422206504e-08,False,0.0011315396417805228,True,2.683658482297362,1.7536638807769123e-11,0.802,0.494,True,
MCAR,86,candidate_saturated,True,2.0116057446628587e-07,False,0.00033532269894317817,True,2.6818722922251035,1.5232259897857148e-11,0.802,0.494,True,
MCAR,87,oracle,True,3.236805419506994e-08,False,0.00781974254078201,True,1.7579414092185233,3.566036355096003e-13,0.7933333333333333,0.472,True,
MCAR,87,MAR_ignorability,True,1.266021207173497e-08,False,0.006256249752908019,True,1.3955295422850293,1.5076828674409626e-13,0.7933333333333333,0.472,True,
MCAR,87,selection_misspecified,True,7.003946418132623e-08,False,0.0061258743105201225,True,2.6281249233071033,7.508660360144859e-12,0.7933333333333333,0.472,True,
MCAR,87,candidate_saturated,True,1.3060632984496224e-07,False,0.0006167027092082118,True,2.6264685935722536,1.87934112716448e-11,0.7933333333333333,0.472,True,
MCAR,88,oracle,True,2.4991142975383516e-08,False,0.007131524995833811,True,1.7185294181536632,1.1168843627729075e-13,0.7993333333333333,0.502,True,
MCAR,88,MAR_ignorability,True,2.1979982218080355e-08,False,0.002483351455571194,True,1.416827567723769,2.7466917629226373e-13,0.7993333333333333,0.502,True,
MCAR,88,selection_misspecified,True,1.0705791671661303e-07,False,0.0025916536623676336,True,2.6381777136709297,2.6001423236721166e-12,0.7993333333333333,0.502,True,
MCAR,88,candidate_saturated,True,1.7444646408870668e-07,True,1.1656117951044768e-07,False,2.634455629488187,9.117595567431636e-12,0.7993333333333333,0.502,True,15
MCAR,89,oracle,True,2.6452134376131476e-08,False,0.007059850530570406,True,1.757478229239702,5.366818101038007e-13,0.7933333333333333,0.48,True,
MCAR,89,MAR_ignorability,True,1.2692196138507302e-08,False,0.002902497055546298,True,1.4133288527421581,3.170796958329447e-13,0.7933333333333333,0.48,True,
MCAR,89,selection_misspecified,True,4.5893633991545e-08,False,0.0032640704291165942,True,2.645510756258166,3.0735414213722834e-12,0.7933333333333333,0.48,True,
MCAR,89,candidate_saturated,True,2.0383826441427998e-08,False,0.00021071780260432918,True,2.644010289269276,9.966694136664955e-12,0.7933333333333333,0.48,True,
MCAR,90,oracle,True,2.2440381069133152e-08,False,0.008857211409997063,True,1.7806396242112623,6.328271240363392e-14,0.7966666666666667,0.472,True,
MCAR,90,MAR_ignorability,True,9.48011737036745e-09,False,0.0039899960003197356,True,1.4555572310709826,4.862776847858186e-13,0.7966666666666667,0.472,True,
MCAR,90,selection_misspecified,True,6.386078225206759e-08,False,0.0042129973996151175,True,2.6806258264124656,6.443734434924409e-13,0.7966666666666667,0.472,True,
MCAR,90,candidate_saturated,True,1.286351638100521e-07,True,7.230784213512295e-08,False,2.67568018864905,1.383249070840975e-11,0.7966666666666667,0.472,True,"13,15"
MCAR,91,oracle,True,1.8267137249949882e-08,False,0.007091217115355856,True,1.7650173717941813,4.005684672847565e-13,0.8140000000000001,0.526,True,
MCAR,91,MAR_ignorability,True,2.447753727286006e-08,False,0.00506420773364142,True,1.438687323893345,2.120525977034049e-13,0.8140000000000001,0.526,True,
MCAR,91,selection_misspecified,True,5.626335227537638e-08,False,0.004996450662837534,True,2.62094072939534,2.3034907314922748e-12,0.8140000000000001,0.526,True,
MCAR,91,candidate_saturated,True,4.607623343488853e-08,False,7.239531786894335e-05,True,2.6132536955698615,3.844524698592977e-11,0.8140000000000001,0.526,True,
MCAR,92,oracle,True,1.6487302169077012e-08,False,0.006163170205807286,True,1.8057088090349471,1.5543122344752192e-13,0.7919999999999999,0.476,True,
MCAR,92,MAR_ignorability,True,2.501575468312546e-08,False,0.0033045387263748852,True,1.430046087779815,2.4935609133081016e-13,0.7919999999999999,0.476,True,
MCAR,92,selection_misspecified,True,1.8405723026937438e-07,False,0.002896544303937723,True,2.669927814664727,2.957634137601417e-12,0.7919999999999999,0.476,True,
MCAR,92,candidate_saturated,True,9.094590418445847e-08,False,0.0018345014223672734,True,2.66922043279502,2.7919888623273437e-12,0.7919999999999999,0.476,True,
MCAR,93,oracle,True,1.6763866422409012e-08,False,0.007840981996565707,True,1.7914833243778103,2.9820590441431705e-13,0.7993333333333333,0.488,True,
MCAR,93,MAR_ignorability,True,5.406650001865687e-08,False,0.004064927863250375,True,1.4477550293560995,2.9909408283401717e-13,0.7993333333333333,0.488,True,
MCAR,93,selection_misspecified,True,8.724057732645284e-08,False,0.004039709414830953,True,2.66967723652101,3.836930773104541e-12,0.7993333333333333,0.488,True,
MCAR,93,candidate_saturated,True,9.065279064502206e-08,True,9.072746774762523e-08,False,2.6657359637559663,1.4459544672718039e-12,0.7993333333333333,0.488,True,12
MCAR,94,oracle,True,2.923307763436078e-08,False,0.006219932213861497,True,1.84213139093058,2.2803980925800715e-13,0.8173333333333334,0.542,True,
MCAR,94,MAR_ignorability,True,1.6337585018613295e-08,False,0.003714778560780009,True,1.5220554576257668,1.438849039914203e-13,0.8173333333333334,0.542,True,
MCAR,94,selection_misspecified,True,8.979070535009015e-08,False,0.003247586630663188,True,2.6912044934639647,9.92406157251935e-12,0.8173333333333334,0.542,True,
MCAR,94,candidate_saturated,True,5.734625024000906e-08,False,0.0013572110583064013,True,2.688969383328733,7.426947945532447e-12,0.8173333333333334,0.542,True,
MCAR,95,oracle,True,1.3796030244776249e-08,False,0.005129189649527659,True,1.798185600758722,7.183142969324763e-13,0.7886666666666667,0.458,True,
MCAR,95,MAR_ignorability,True,4.995271145471068e-08,False,0.004369816862864205,True,1.4089963901316624,8.388845174067683e-13,0.7886666666666667,0.458,True,
MCAR,95,selection_misspecified,True,1.1189823687007827e-07,False,0.004145119544676424,True,2.649224506381377,5.643041589564746e-12,0.7886666666666667,0.458,True,
MCAR,95,candidate_saturated,True,1.3268838394500746e-07,True,1.3276622699296858e-07,False,2.6455951642627458,5.692779581067953e-12,0.7886666666666667,0.458,True,15
MCAR,96,oracle,True,1.475228475361634e-08,False,0.007618756343987014,True,1.822380610990165,9.969802761133906e-14,0.7933333333333333,0.486,True,
MCAR,96,MAR_ignorability,True,1.4420768154610463e-08,False,0.0035427329879298844,True,1.4578320398141937,9.352518759442319e-13,0.7933333333333333,0.486,True,
MCAR,96,selection_misspecified,True,8.620146234383786e-08,False,0.0039700134022390135,True,2.6917732534732766,2.7680080449954403e-12,0.7933333333333333,0.486,True,
MCAR,96,candidate_saturated,True,6.169068977612823e-08,True,8.308763449280403e-09,False,2.683172132503496,5.0319748368110595e-12,0.7933333333333333,0.486,True,12
MCAR,97,oracle,True,6.723900980054598e-08,False,0.006998298384563882,True,1.82746103716689,1.532107773982716e-13,0.81,0.51,True,
MCAR,97,MAR_ignorability,True,3.875906716791341e-08,False,0.004053527902741185,True,1.4967796363798525,7.815970093361102e-14,0.81,0.51,True,
MCAR,97,selection_misspecified,True,4.5295970762748717e-08,False,0.004221921416075723,True,2.690518725292335,5.6270543780101434e-12,0.81,0.51,True,
MCAR,97,candidate_saturated,True,5.090066865823505e-07,True,5.090659042654025e-07,False,2.683724477900245,7.015721337211289e-12,0.81,0.51,True,12
MCAR,98,oracle,True,3.997094940259155e-09,False,0.006927937127143812,True,1.771638694807917,1.5698553568199713e-13,0.8006666666666667,0.488,True,
MCAR,98,MAR_ignorability,True,1.2425967237827961e-08,False,0.004531523262582944,True,1.4041552924031266,1.318944953254686e-13,0.8006666666666667,0.488,True,
MCAR,98,selection_misspecified,True,4.471408969411146e-08,False,0.004804314240629306,True,2.6228122198305495,7.284839398380427e-12,0.8006666666666667,0.488,True,
MCAR,98,candidate_saturated,True,1.8475253797411995e-07,False,0.0024428860167017208,True,2.620921283244186,1.794564497004103e-12,0.8006666666666667,0.488,True,
MCAR,99,oracle,True,1.6981911486579904e-08,False,0.007719713461871284,True,1.772349853891216,4.496403249731884e-13,0.798,0.502,True,
MCAR,99,MAR_ignorability,True,3.377324259412617e-08,False,0.004497771798067541,True,1.4293753052533464,2.5002222514558525e-13,0.798,0.502,True,
MCAR,99,selection_misspecified,True,1.835054327932184e-07,False,0.00422671126285079,True,2.6455900482874695,2.7475799413423374e-12,0.798,0.502,True,
MCAR,99,candidate_saturated,True,1.77740524662795e-07,False,0.0005320975284130543,True,2.641550647066601,5.2806647943270946e-12,0.798,0.502,True,
MAR,0,oracle,True,3.6182675014428954e-08,False,0.005542165139061241,True,1.7357464126992446,4.805045250577678e-13,0.7839999999999999,0.47,True,
MAR,0,MAR_ignorability,True,1.4312289671525314e-08,False,0.0002521622370316697,True,1.3805435316455905,3.7991831902672857e-13,0.7839999999999999,0.47,True,
MAR,0,selection_misspecified,True,6.970134848051368e-08,False,0.00020716647424247597,True,2.6313803639346975,6.012967901369848e-13,0.7839999999999999,0.47,True,
MAR,0,candidate_saturated,True,8.742813927192133e-07,True,8.757983921164916e-07,False,2.625659143094346,3.148148408627094e-12,0.7839999999999999,0.47,True,5
MAR,1,oracle,True,2.17640211994663e-08,False,0.0059886819360590714,True,1.8040923795245063,3.532729664357248e-13,0.8173333333333334,0.53,True,
MAR,1,MAR_ignorability,True,7.246355125234416e-08,False,0.003979624754927363,True,1.4756474825710006,9.134915046615788e-13,0.8173333333333334,0.53,True,
MAR,1,selection_misspecified,True,9.446287955533484e-08,False,0.003981318301641807,True,2.6465831381642744,2.219557870830613e-12,0.8173333333333334,0.53,True,
MAR,1,candidate_saturated,True,8.948170403400013e-08,True,1.500386897496412e-09,False,2.635339675659937,4.9034847293683015e-09,0.8173333333333334,0.53,True,16
MAR,2,oracle,True,1.6018961640343333e-08,False,0.0068963169839013775,True,1.7689306477976994,3.423927807943983e-13,0.8013333333333333,0.498,True,
MAR,2,MAR_ignorability,True,2.827794208369745e-08,False,0.0031289981772156692,True,1.4291716388159819,6.585842982076429e-13,0.8013333333333333,0.498,True,
MAR,2,selection_misspecified,True,7.784284345992674e-08,False,0.004389878776200985,True,2.6303420402243014,1.0054179711005418e-12,0.8013333333333333,0.498,True,
MAR,2,candidate_saturated,True,4.816325266008615e-07,True,4.816671750257992e-07,False,2.6186411734985433,3.3351099659739702e-12,0.8013333333333333,0.498,True,11
MAR,3,oracle,True,2.2770703475227806e-08,False,0.004506066303453369,True,1.8172927534874215,8.426592756904938e-13,0.8046666666666668,0.514,True,
MAR,3,MAR_ignorability,True,1.2145355755777133e-08,False,0.0038531805771197304,True,1.4648684625690749,2.389199948993337e-13,0.8046666666666668,0.514,True,
MAR,3,selection_misspecified,True,5.961599585596264e-08,False,0.004338943051698948,True,2.6651225253843114,1.8141044222375058e-12,0.8046666666666668,0.514,True,
MAR,3,candidate_saturated,True,7.866893305630285e-08,False,0.0003943413588801443,True,2.6511113216971762,1.7245760375317332e-11,0.8046666666666668,0.514,True,
MAR,4,oracle,True,2.3023550088929755e-08,False,0.0035677738997264563,True,1.748658629722779,9.103828801926284e-14,0.8066666666666666,0.504,True,
MAR,4,MAR_ignorability,True,4.211451415048195e-09,False,0.0007855686028355358,True,1.4299540019186785,4.627409566637652e-13,0.8066666666666666,0.504,True,
MAR,4,selection_misspecified,True,8.104595278091154e-08,False,0.0006946060546741246,True,2.628960609843998,1.7634782523145986e-12,0.8066666666666666,0.504,True,
MAR,4,candidate_saturated,True,1.08192468502466e-07,False,0.0013543841962777854,True,2.6224359623699773,1.944666649933424e-12,0.8066666666666666,0.504,True,
MAR,5,oracle,True,2.2652713417933844e-08,False,0.0032513903943063426,True,1.8318115237123418,4.989342272665453e-13,0.7893333333333333,0.456,True,
MAR,5,MAR_ignorability,True,1.0262697458018888e-08,False,0.003231887126063025,True,1.4477625031289052,7.356337761166287e-13,0.7893333333333333,0.456,True,
MAR,5,selection_misspecified,True,5.254040871385812e-08,False,0.0030831304901644593,True,2.6919415155419992,9.672262990534364e-12,0.7893333333333333,0.456,True,
MAR,5,candidate_saturated,True,2.4622284131492476e-07,False,0.0005537930066044873,True,2.684720627153435,9.559020242022598e-12,0.7893333333333333,0.456,True,
MAR,6,oracle,True,2.3813407925121765e-08,False,0.0026802811037501292,True,1.8385959038606208,2.3447910280083306e-13,0.7986666666666666,0.494,True,
MAR,6,MAR_ignorability,True,1.7630640477026174e-08,False,0.0031464676074622524,True,1.47634653793294,5.804245972740318e-13,0.7986666666666666,0.494,True,
MAR,6,selection_misspecified,True,9.077902888843248e-08,False,0.0010325544955158326,True,2.689203654104563,5.009326287108706e-12,0.7986666666666666,0.494,True,
MAR,6,candidate_saturated,True,2.1510313015404846e-07,False,8.64951069284769e-05,True,2.67559492363118,1.0193623722898337e-11,0.7986666666666666,0.494,True,
MAR,7,oracle,True,3.8547410962541665e-08,False,0.007052051849715879,True,1.7854712042245793,1.8829382497642655e-13,0.8079999999999999,0.494,True,
MAR,7,MAR_ignorability,True,1.66788557120815e-08,False,0.003677586058777089,True,1.4462065761781902,2.531308496145357e-13,0.8079999999999999,0.494,True,
MAR,7,selection_misspecified,True,3.951097263632519e-08,False,0.004629706609888903,True,2.6367341871712586,1.8398615964088094e-12,0.8079999999999999,0.494,True,
MAR,7,candidate_saturated,True,6.998228943988494e-08,False,0.00036888969528621246,True,2.631833186806484,1.2676082405960187e-11,0.8079999999999999,0.494,True,
MAR,8,oracle,True,2.9694648697781503e-08,False,0.0014797191244571442,True,1.825320918211033,6.064038160502605e-13,0.8213333333333334,0.536,True,
MAR,8,MAR_ignorability,True,7.643496286428746e-07,True,7.661655633012464e-07,False,1.5054756563281404,8.706368959110478e-13,0.8213333333333334,0.536,True,9
MAR,8,selection_misspecified,True,1.1834687611173596e-06,True,1.185596441787606e-06,False,2.6587330270609764,2.503774965134653e-12,0.8213333333333334,0.536,True,9
MAR,8,candidate_saturated,True,1.1256108512708144e-06,True,1.126297954825048e-06,False,2.647254806158775,4.228173366982446e-12,0.8213333333333334,0.536,True,9
MAR,9,oracle,True,4.417960630109796e-08,False,0.0011405124172697628,True,1.8402043476879577,2.922107000813412e-13,0.7866666666666666,0.462,True,
MAR,9,MAR_ignorability,True,3.2307576083301373e-08,False,0.0011654856536286826,True,1.4514373064056783,2.9247715360725124e-12,0.7866666666666666,0.462,True,
MAR,9,selection_misspecified,True,6.480086965857459e-08,False,0.0019981438060674155,True,2.6872346804296128,7.015277248001439e-12,0.7866666666666666,0.462,True,
MAR,9,candidate_saturated,True,1.5847058105578072e-07,False,5.465292211679029e-06,True,2.677420265565838,4.476974346800944e-10,0.7866666666666666,0.462,True,
MAR,10,oracle,True,2.280418469594904e-08,False,0.006797406830645936,True,1.808161403663979,3.68816088780477e-13,0.802,0.502,True,
MAR,10,MAR_ignorability,True,3.7840533595678846e-08,False,0.0042964325949993755,True,1.4789532927958573,4.3365311341858614e-13,0.802,0.502,True,
MAR,10,selection_misspecified,True,8.981971619265172e-08,False,0.00025023451399490784,True,2.6715405237559904,6.488587445119265e-12,0.802,0.502,True,
MAR,10,candidate_saturated,True,9.622376478290359e-08,True,9.626500262383912e-08,False,2.661596096528886,3.495870259939693e-12,0.802,0.502,True,16
MAR,11,oracle,True,1.5733084361179914e-08,False,0.00616907289428341,True,1.7705365980399106,3.652633751016765e-13,0.8033333333333333,0.514,True,
MAR,11,MAR_ignorability,True,1.7144817058944993e-08,False,0.0034982705790401595,True,1.4203767314623912,4.332090242087361e-13,0.8033333333333333,0.514,True,
MAR,11,selection_misspecified,True,7.781300144049652e-08,False,0.0035175026632067335,True,2.6226503787362443,4.189093516515641e-12,0.8033333333333333,0.514,True,
MAR,11,candidate_saturated,True,2.2136597954776652e-07,True,2.2137433586986152e-07,False,2.614907392162724,6.376232875027199e-12,0.8033333333333333,0.514,True,11
MAR,12,oracle,True,2.4488017843493636e-08,False,0.0010895688259301472,True,1.777692441692071,8.999467837611519e-13,0.8066666666666666,0.5,True,
MAR,12,MAR_ignorability,True,3.784531852804437e-08,False,0.001418764011083959,True,1.4608897103892202,6.81010803305071e-13,0.8066666666666666,0.5,True,
MAR,12,selection_misspecified,True,1.370388250787613e-07,False,0.0018336349959993726,True,2.6620908835261035,1.9699797348948778e-12,0.8066666666666666,0.5,True,
MAR,12,candidate_saturated,True,1.0022618744898182e-07,False,0.00035850854351011013,True,2.6589208393603068,9.177991699971244e-12,0.8066666666666666,0.5,True,
MAR,13,oracle,True,5.5378956184877827e-08,False,0.0008533442211906708,True,1.8020042366399058,1.3677947663381929e-13,0.786,0.476,True,
MAR,13,MAR_ignorability,True,4.631350248951449e-08,False,0.00010756384911273938,True,1.425519524817295,1.7408297026122455e-13,0.786,0.476,True,
MAR,13,selection_misspecified,True,4.3278207084496144e-08,False,0.0011430944879554999,True,2.667110496529632,2.7466917629226373e-12,0.786,0.476,True,
MAR,13,candidate_saturated,True,8.371678291818619e-08,False,0.0005571605908241453,True,2.6532582847621815,6.900258142650273e-12,0.786,0.476,True,
MAR,14,oracle,True,3.102626916151596e-08,False,0.007177805864562955,True,1.7894823029752998,2.446931546273845e-13,0.7926666666666667,0.48,True,
MAR,14,MAR_ignorability,True,2.1376686325291773e-08,False,0.004350803411218786,True,1.4421506088270983,5.440092820663267e-13,0.7926666666666667,0.48,True,
MAR,14,selection_misspecified,True,5.3565998777260756e-08,False,0.004275129727218265,True,2.6802210780807973,1.5893952820533741e-12,0.7926666666666667,0.48,True,
MAR,14,candidate_saturated,True,1.7087199700274832e-07,True,1.7090432694753036e-07,False,2.6704440381552015,1.4241419998839433e-06,0.7926666666666667,0.48,True,11
MAR,15,oracle,True,4.912002907499213e-08,False,0.007506991606739739,True,1.8180084291891072,3.643751966819764e-13,0.7953333333333333,0.482,True,
MAR,15,MAR_ignorability,True,2.0357427973571873e-08,False,0.004329549050185578,True,1.4285184609200683,1.852074049679686e-12,0.7953333333333333,0.482,True,
MAR,15,selection_misspecified,True,2.3019332650795615e-07,False,0.002805019073064471,True,2.6456272166661634,4.553246668592692e-12,0.7953333333333333,0.482,True,
MAR,15,candidate_saturated,True,9.759758683625108e-08,False,0.00031841338700082237,True,2.643745107566262,3.6495251265478146e-12,0.7953333333333333,0.482,True,
MAR,16,oracle,True,1.828083296467886e-08,False,0.005908063993958626,True,1.7852849752134257,7.767120280277595e-13,0.798,0.5,True,
MAR,16,MAR_ignorability,True,4.772107212233916e-08,False,0.0036172658215835084,True,1.4402815950021373,3.7903014060702844e-13,0.798,0.5,True,
MAR,16,selection_misspecified,True,5.453224499646359e-08,False,0.004038492289892002,True,2.6603056169987425,1.34692257347524e-12,0.798,0.5,True,
MAR,16,candidate_saturated,True,3.8655290986205904e-08,False,0.000542323179554535,True,2.655239885154177,7.0454753142712434e-12,0.798,0.5,True,
MAR,17,oracle,True,8.119072965939721e-09,False,0.010624895690814238,True,1.7467312145731604,1.241229341530925e-13,0.7993333333333333,0.466,True,
MAR,17,MAR_ignorability,True,1.1046871766473096e-08,False,0.007136045231040919,True,1.4266760147988713,3.2085445411667024e-13,0.7993333333333333,0.466,True,
MAR,17,selection_misspecified,True,3.626627989683495e-08,False,0.006995952865894232,True,2.64624723247181,9.823253321883385e-13,0.7993333333333333,0.466,True,
MAR,17,candidate_saturated,True,5.42964242882249e-08,False,0.0012485870927502155,True,2.6417927137855024,4.3933745530466695e-12,0.7993333333333333,0.466,True,
MAR,18,oracle,True,3.024151424639576e-08,False,0.005657472577711582,True,1.7938713006585565,3.4772185131259903e-13,0.7926666666666667,0.482,True,
MAR,18,MAR_ignorability,True,1.0914062295752647e-08,False,0.00415540298204002,True,1.4397678502139561,3.410605131648481e-13,0.7926666666666667,0.482,True,
MAR,18,selection_misspecified,True,1.1287957450467622e-07,False,0.003954413399220353,True,2.672900257875261,3.0828672947791347e-12,0.7926666666666667,0.482,True,
MAR,18,candidate_saturated,True,9.020933125913899e-08,False,0.00011756140396023903,True,2.664873888784665,5.488498544536924e-12,0.7926666666666667,0.482,True,
MAR,19,oracle,True,5.48680122269829e-09,False,0.005622152769527021,True,1.828911198450955,5.022648963404208e-13,0.7959999999999999,0.492,True,
MAR,19,MAR_ignorability,True,1.8941594724541933e-08,False,0.003490919500532152,True,1.4573829541573295,4.4297898682543746e-13,0.7959999999999999,0.492,True,
MAR,19,selection_misspecified,True,5.832072169839836e-08,False,0.003239103349902359,True,2.6806441968594217,2.2084556405843614e-12,0.7959999999999999,0.492,True,
MAR,19,candidate_saturated,True,1.653505674656941e-07,False,1.325755420581577e-05,True,2.6666311699047047,2.549582767130687e-10,0.7959999999999999,0.492,True,
MAR,20,oracle,True,1.4302766582374726e-08,False,0.005769996065670284,True,1.7716661948953283,3.044231533522179e-13,0.7906666666666666,0.488,True,
MAR,20,MAR_ignorability,True,4.892760115926542e-08,False,0.004292924219541105,True,1.4091929313514546,5.280220705117245e-13,0.7906666666666666,0.488,True,
MAR,20,selection_misspecified,True,3.624243361288748e-08,False,0.005011386496770729,True,2.6435059099581495,1.105782132526656e-12,0.7906666666666666,0.488,True,
MAR,20,candidate_saturated,True,8.620975337847447e-08,False,0.00131489109058268,True,2.63812591803916,3.6344260934129125e-12,0.7906666666666666,0.488,True,
MAR,21,oracle,True,3.38423743425631e-08,False,0.004365701748212998,True,1.7921329911630506,3.1907809727727e-13,0.8073333333333333,0.496,True,
MAR,21,MAR_ignorability,True,5.5247421521797955e-08,False,0.0012809316908556788,True,1.462179475892603,1.16995302334999e-12,0.8073333333333333,0.496,True,
MAR,21,selection_misspecified,True,3.423750527678515e-08,False,0.0019218481751742498,True,2.6612737813815244,2.9762858844151197e-12,0.8073333333333333,0.496,True,
MAR,21,candidate_saturated,True,5.352679142989203e-08,False,7.418584786965218e-05,True,2.649712252715446,1.198330323859409e-11,0.8073333333333333,0.496,True,
MAR,22,oracle,True,2.4857991840654402e-08,False,0.002937950523448811,True,1.7230380350540238,3.5760283623176292e-12,0.8053333333333333,0.498,True,
MAR,22,MAR_ignorability,True,2.1894933703041588e-08,False,0.0020582313302056894,True,1.4063877160979992,7.351896869067787e-13,0.8053333333333333,0.498,True,
MAR,22,selection_misspecified,True,1.5905939766083788e-07,False,0.0025403994043771555,True,2.6028247020848823,2.7564617255393387e-12,0.8053333333333333,0.498,True,
MAR,22,candidate_saturated,True,4.16155356057768e-08,False,0.0014185649497678071,True,2.5994140811197917,6.702194355057145e-12,0.8053333333333333,0.498,True,
MAR,23,oracle,True,2.8278508853674112e-08,False,0.007109473492798325,True,1.816091786443385,1.4455103780619538e-13,0.7953333333333333,0.466,True,
MAR,23,MAR_ignorability,True,4.579914065450108e-08,False,0.0030770887208758295,True,1.453025659354956,3.6992631180510216e-13,0.7953333333333333,0.466,True,
MAR,23,selection_misspecified,True,8.732243912346061e-08,False,2.6408419495217746e-07,True,2.667579621096192,1.6493473253831326e-12,0.7953333333333333,0.466,True,
MAR,23,candidate_saturated,True,1.7344766758966277e-07,True,3.42614649544177e-08,False,2.6570258569512673,1.1941558852868184e-12,0.7953333333333333,0.466,True,"12,15"
MAR,24,oracle,True,2.154268911108703e-08,False,0.0062700934398663526,True,1.7605553497751907,2.4868995751603507e-13,0.7793333333333333,0.444,True,
MAR,24,MAR_ignorability,True,3.223635527671575e-08,False,0.002294265964286426,True,1.373831245439154,1.3733458814613186e-12,0.7793333333333333,0.444,True,
MAR,24,selection_misspecified,True,1.1095674567229707e-07,False,0.0037171211939253197,True,2.632703132784203,2.532196674565057e-12,0.7793333333333333,0.444,True,
MAR,24,candidate_saturated,True,1.4629211170329972e-07,True,1.47349215718059e-07,False,2.6254065353097458,5.299760630350647e-12,0.7793333333333333,0.444,True,6
MAR,25,oracle,True,1.0594674745512123e-08,False,0.005968361899005943,True,1.7651092831656297,3.5793590313915047e-13,0.8133333333333334,0.508,True,
MAR,25,MAR_ignorability,True,2.677884112944895e-08,False,0.004311384524329866,True,1.4469729282192707,5.242473122279989e-13,0.8133333333333334,0.508,True,
MAR,25,selection_misspecified,True,4.044464422903182e-08,False,0.004105917380761962,True,2.626441632373426,2.2359891715950653e-12,0.8133333333333334,0.508,True,
MAR,25,candidate_saturated,True,3.906446327065576e-07,True,3.906820317411542e-07,False,2.621414305264924,5.686118242920202e-12,0.8133333333333334,0.508,True,11
MAR,26,oracle,True,1.741049556658325e-08,False,0.004430989493023068,True,1.8452592052823673,1.0693668173189508e-12,0.8079999999999999,0.502,True,
MAR,26,MAR_ignorability,True,2.4206312523297748e-08,False,0.0008279102396738724,True,1.4959620897890182,3.1596947280831955e-13,0.8079999999999999,0.502,True,
MAR,26,selection_misspecified,True,1.2629104856332063e-07,False,0.0019533595694668482,True,2.6894637457801265,5.227818178354937e-12,0.8079999999999999,0.502,True,
MAR,26,candidate_saturated,True,7.303027187588463e-08,False,3.878611972501685e-05,True,2.683346824435265,7.287948022849378e-11,0.8079999999999999,0.502,True,
MAR,27,oracle,True,3.5715426404570037e-08,False,0.007215726811798513,True,1.819504580758856,5.470957020747846e-12,0.7999999999999999,0.5,True,
MAR,27,MAR_ignorability,True,1.3431168846236852e-08,False,0.0030807077701460878,True,1.4809696857677577,3.2107649872159527e-13,0.7999999999999999,0.5,True,
MAR,27,selection_misspecified,True,8.022712792067708e-08,False,0.0030250147230034873,True,2.6972547728936345,1.4579448759377556e-12,0.7999999999999999,0.5,True,
MAR,27,candidate_saturated,True,1.6398792118191739e-06,True,1.6398524569202779e-06,False,2.6825130227709497,2.809397159353466e-11,0.7999999999999999,0.5,True,6
MAR,28,oracle,True,8.751588013389267e-09,False,0.005996693767870093,True,1.7986587911701764,4.82280881897168e-13,0.7919999999999999,0.478,True,
MAR,28,MAR_ignorability,True,8.124631687977946e-09,False,0.00403047440161473,True,1.4259127637145208,2.495781359357352e-13,0.7919999999999999,0.478,True,
MAR,28,selection_misspecified,True,3.1059204123273786e-08,False,0.004469824305925738,True,2.647542778462227,1.5565326805244695e-12,0.7919999999999999,0.478,True,
MAR,28,candidate_saturated,True,7.544103617096454e-08,False,0.000801856164042687,True,2.634369217921855,4.6909143236462114e-12,0.7919999999999999,0.478,True,
MAR,29,oracle,True,3.339817353875674e-08,False,0.004859083636010401,True,1.7809522532784101,1.0480505352461478e-13,0.7913333333333333,0.48,True,
MAR,29,MAR_ignorability,True,1.886191958481337e-08,False,0.0032037985886470472,True,1.425323279537611,4.762856775641922e-13,0.7913333333333333,0.48,True,
MAR,29,selection_misspecified,True,9.976947161124874e-08,False,0.0008276109728744052,True,2.6507989134039667,4.1096015479524795e-12,0.7913333333333333,0.48,True,
MAR,29,candidate_saturated,True,2.2854169947450487e-07,False,0.0009793416596112117,True,2.6402757709635236,6.106670724648211e-12,0.7913333333333333,0.48,True,
MAR,30,oracle,True,3.1634727215790194e-08,False,0.00745693931301531,True,1.7974718397454286,1.9451107391432743e-13,0.7913333333333333,0.494,True,
MAR,30,MAR_ignorability,True,9.53604893183524e-09,False,0.005969367990865697,True,1.4164197048126825,6.412648190234904e-13,0.7913333333333333,0.494,True,
MAR,30,selection_misspecified,True,4.86900425089587e-08,False,0.006066269050784691,True,2.6552292439080247,1.7705836796721997e-12,0.7913333333333333,0.494,True,
MAR,30,candidate_saturated,True,8.049046509484014e-08,False,0.0010574524439691984,True,2.652882200987485,2.588596004216015e-12,0.7913333333333333,0.494,True,
MAR,31,oracle,True,4.859650798605397e-09,False,0.007235213871620736,True,1.7489187354841067,1.425526363618701e-13,0.8033333333333333,0.504,True,
MAR,31,MAR_ignorability,True,3.587209606692454e-08,False,0.004364242491452341,True,1.4243059534310287,2.9665159217984183e-13,0.8033333333333333,0.504,True,
MAR,31,selection_misspecified,True,6.614312324648707e-08,False,0.0005456921477680936,True,2.6127643633963245,3.82716081048784e-12,0.8033333333333333,0.504,True,
MAR,31,candidate_saturated,True,8.341542522849466e-08,False,0.0006814772669944738,True,2.606620103185317,1.2097878254735406e-11,0.8033333333333333,0.504,True,
MAR,32,oracle,True,2.1410657438436508e-08,False,0.0068662428358550074,True,1.7968079831998838,2.4513724383723456e-13,0.7906666666666666,0.482,True,
MAR,32,MAR_ignorability,True,2.7373930564511538e-08,False,0.004172552560176166,True,1.4324188469479364,6.177280909014371e-13,0.7906666666666666,0.482,True,
MAR,32,selection_misspecified,True,4.1186273032289836e-08,False,0.005081401657166357,True,2.658039019690801,1.4077627952246985e-12,0.7906666666666666,0.482,True,
MAR,32,candidate_saturated,True,9.64374733589679e-08,False,0.0007032045433312549,True,2.654648049137091,5.2309268028238876e-12,0.7906666666666666,0.482,True,
MAR,33,oracle,True,7.069001814796749e-09,False,0.00756656920672569,True,1.8053013874154293,2.0294876890147862e-13,0.802,0.502,True,
MAR,33,MAR_ignorability,True,8.252471052729293e-08,False,0.0038582647984393686,True,1.4782170234284535,8.408829188510936e-13,0.802,0.502,True,
MAR,33,selection_misspecified,True,2.1066480174081193e-07,False,0.0033210486725457973,True,2.683818064179167,1.7261747586871934e-12,0.802,0.502,True,
MAR,33,candidate_saturated,True,8.576227445633577e-08,False,0.0003374712217702646,True,2.681180944369294,1.1427303547861811e-11,0.802,0.502,True,
MAR,34,oracle,True,2.229983869850294e-08,False,0.005923184797264104,True,1.8003726636972355,1.4943601911454607e-13,0.8186666666666667,0.54,True,
MAR,34,MAR_ignorability,True,2.4233437182555422e-08,False,0.004190504107937999,True,1.479634376010497,4.587441537751147e-13,0.8186666666666667,0.54,True,
MAR,34,selection_misspecified,True,8.134725183106539e-08,False,0.004156647318788762,True,2.647032927611019,2.8319568912138493e-12,0.8186666666666667,0.54,True,
MAR,34,candidate_saturated,True,4.1822726965179414e-08,True,3.6812379603621676e-08,False,2.637619653663077,1.0472511746684177e-11,0.8186666666666667,0.54,True,11
MAR,35,oracle,True,2.6050178686953807e-08,False,0.00597668149277863,True,1.77556228003983,1.63202784619898e-13,0.81,0.516,True,
MAR,35,MAR_ignorability,True,8.799964806165492e-08,False,0.002558722880335107,True,1.4482419806318225,6.95221658020273e-13,0.81,0.516,True,
MAR,35,selection_misspecified,True,7.088585766430039e-08,False,0.0023888655592973064,True,2.638053867620003,3.5695890687748033e-12,0.81,0.516,True,
MAR,35,candidate_saturated,True,3.0519803559279524e-07,True,3.0529393445324805e-07,False,2.6266428439758203,1.098676705169055e-12,0.81,0.516,True,11
MAR,36,oracle,True,9.188981954566522e-09,False,0.009165351472978318,True,1.760171387904034,3.346212196220222e-13,0.8053333333333333,0.496,True,
MAR,36,MAR_ignorability,True,1.301377922680036e-08,False,0.005590761175940222,True,1.4074463496627727,3.3706371027619753e-13,0.8053333333333333,0.496,True,
MAR,36,selection_misspecified,True,2.3325470323479202e-08,False,0.006675059394567872,True,2.6037283036062435,1.3815615318435448e-12,0.8053333333333333,0.496,True,
MAR,36,candidate_saturated,True,1.4283415585225612e-07,False,0.0036761472493051215,True,2.599716335340258,2.9669600110082683e-12,0.8053333333333333,0.496,True,
MAR,37,oracle,True,1.4062091723054948e-08,False,0.00521314770109928,True,1.8217104448542532,3.852473895449293e-13,0.8066666666666666,0.506,True,
MAR,37,MAR_ignorability,True,5.87945864249928e-09,False,0.0034266686083274695,True,1.4689789633482349,5.049294315995212e-13,0.8066666666666666,0.506,True,
MAR,37,selection_misspecified,True,7.930393449831485e-08,False,0.0033753227579589825,True,2.6604687183256486,2.133848653329551e-12,0.8066666666666666,0.506,True,
MAR,37,candidate_saturated,True,6.666381322695258e-08,False,0.00020298463994115488,True,2.6559562304470092,2.134203924697431e-11,0.8066666666666666,0.506,True,
MAR,38,oracle,True,3.047072090262004e-08,False,0.001603158350968862,True,1.7625273189598751,2.3232527013306026e-12,0.7866666666666666,0.474,True,
MAR,38,MAR_ignorability,True,1.0159465206380435e-06,True,1.0177175477594142e-06,False,1.3983595496313241,3.581579477440755e-13,0.7866666666666666,0.474,True,6
MAR,38,selection_misspecified,True,1.7643495111695912e-08,False,0.0006671147573575813,True,2.6345267255922136,5.150546655841026e-12,0.7866666666666666,0.474,True,
MAR,38,candidate_saturated,True,8.406107001235341e-08,False,1.1268512653295984e-05,True,2.625667778673197,1.7201795543542175e-11,0.7866666666666666,0.474,True,
MAR,39,oracle,True,4.5549150571977395e-08,False,0.006376022488360684,True,1.821687104090773,8.570921750106208e-14,0.8073333333333333,0.506,True,
MAR,39,MAR_ignorability,True,2.341710143741949e-08,False,0.0026408725273217013,True,1.4782431994149348,2.773337115513641e-13,0.8073333333333333,0.506,True,
MAR,39,selection_misspecified,True,3.1979355050913535e-07,True,3.1995106213708317e-07,False,2.6622491423268397,2.346567384847731e-12,0.8073333333333333,0.506,True,10
MAR,39,candidate_saturated,True,1.2162444061925016e-07,True,1.137009318753441e-08,False,2.650526441727539,1.2033929408516997e-11,0.8073333333333333,0.506,True,6
MAR,40,oracle,True,2.7500976553684885e-08,False,0.0065679567280541125,True,1.808998535877455,2.822186928597148e-13,0.81,0.502,True,
MAR,40,MAR_ignorability,True,4.207890839246508e-08,False,0.0018873282202876197,True,1.4675393563607846,3.8413716652030416e-13,0.81,0.502,True,
MAR,40,selection_misspecified,True,1.0729509198358078e-07,False,0.0027448601544290165,True,2.65319921105439,2.7249313916399842e-12,0.81,0.502,True,
MAR,40,candidate_saturated,True,4.7002813115426534e-08,False,0.001082465732547689,True,2.643852012595364,7.932321466341818e-12,0.81,0.502,True,
MAR,41,oracle,True,2.4169998201494653e-08,False,0.006892400134156308,True,1.789586117719702,6.292744103575387e-13,0.8013333333333333,0.5,True,
MAR,41,MAR_ignorability,True,1.9469445665998286e-08,False,0.004262357163410275,True,1.4335080456437428,1.9806378759312793e-13,0.8013333333333333,0.5,True,
MAR,41,selection_misspecified,True,4.100785463401202e-08,False,0.0030033306448236058,True,2.6447411165672916,1.1857625992206522e-11,0.8013333333333333,0.5,True,
MAR,41,candidate_saturated,True,1.2181649142206653e-07,False,0.0015673918039546882,True,2.640795891768733,2.4287238886699924e-12,0.8013333333333333,0.5,True,
MAR,42,oracle,True,1.2468728222803093e-08,False,0.006018991074093009,True,1.7792084854299086,2.793321129956894e-13,0.7873333333333333,0.472,True,
MAR,42,MAR_ignorability,True,1.574068983511978e-08,False,0.004386391869914239,True,1.399694438070803,2.0583534876550402e-13,0.7873333333333333,0.472,True,
MAR,42,selection_misspecified,True,5.296514938158553e-08,False,0.004171153127388047,True,2.6354443653977837,1.092459456231154e-11,0.7873333333333333,0.472,True,
MAR,42,candidate_saturated,True,4.6776008555404755e-08,False,0.001467653312709756,True,2.6231723120980215,5.061284724661164e-12,0.7873333333333333,0.472,True,
MAR,43,oracle,True,2.6203780727152014e-08,False,0.006223205478656829,True,1.8193454948723204,2.5157653738006047e-13,0.8140000000000001,0.524,True,
MAR,43,MAR_ignorability,True,1.549015889273919e-08,False,0.003525791144478863,True,1.5058464026679534,2.0294876890147862e-13,0.8140000000000001,0.524,True,
MAR,43,selection_misspecified,True,6.091523122209175e-08,False,0.00310998927138303,True,2.68296833325619,4.588773805380697e-12,0.8140000000000001,0.524,True,
MAR,43,candidate_saturated,True,5.077448177025689e-07,True,5.079462345652702e-07,False,2.669873391863292,5.540456982089381e-12,0.8140000000000001,0.524,True,15
MAR,44,oracle,True,4.76434018870037e-08,False,0.009442405433384355,True,1.741803182755432,4.762856775641922e-13,0.802,0.502,True,
MAR,44,MAR_ignorability,True,3.895216865532577e-08,False,0.006948923836670371,True,1.407913218925794,1.4166445794216997e-13,0.802,0.502,True,
MAR,44,selection_misspecified,True,3.683323614156464e-08,False,0.006593823679397447,True,2.617088495611669,1.4588330543574557e-12,0.802,0.502,True,
MAR,44,candidate_saturated,True,8.758620846283094e-08,False,0.0015430042576036894,True,2.6120026656536424,8.812506280264643e-12,0.802,0.502,True,
MAR,45,oracle,True,4.374038892862586e-08,False,0.002985962796669417,True,1.7453828553191812,5.764277943853813e-13,0.7886666666666667,0.474,True,
MAR,45,MAR_ignorability,True,2.6516348618360156e-08,False,0.0010567668548776372,True,1.3947784861707093,5.149214388211476e-13,0.7886666666666667,0.474,True,
MAR,45,selection_misspecified,True,4.679010091201974e-08,False,0.0018630704833653196,True,2.634834241280517,3.763211964269431e-12,0.7886666666666667,0.474,True,
MAR,45,candidate_saturated,True,2.983871761585988e-08,False,0.0012984955134597916,True,2.6282724036714944,3.3155700407405675e-12,0.7886666666666667,0.474,True,
MAR,46,oracle,True,2.417145875188709e-08,False,0.007557740662228024,True,1.7600947314491036,3.4017233474514796e-13,0.8066666666666666,0.498,True,
MAR,46,MAR_ignorability,True,2.2059253017637337e-08,False,0.003074642857188894,True,1.4294046397029978,4.4297898682543746e-13,0.8066666666666666,0.498,True,
MAR,46,selection_misspecified,True,1.197732279132613e-07,False,0.0001981850752982328,True,2.62161567418032,3.526068326209497e-12,0.8066666666666666,0.498,True,
MAR,46,candidate_saturated,True,7.736644201372656e-08,False,0.00048128172352895465,True,2.609079140734649,5.88595838735273e-12,0.8066666666666666,0.498,True,
MAR,47,oracle,True,9.011700192404666e-09,False,0.008419784957423824,True,1.7459188867044877,5.0246473648485335e-12,0.7986666666666666,0.476,True,
MAR,47,MAR_ignorability,True,6.904803567549564e-09,False,0.005887887839806669,True,1.3833828193215618,6.254996520738132e-13,0.7986666666666666,0.476,True,
MAR,47,selection_misspecified,True,3.64269293759989e-08,False,0.004464638004417305,True,2.6029116576761897,8.215650382226158e-13,0.7986666666666666,0.476,True,
MAR,47,candidate_saturated,True,1.753705969682748e-07,True,1.7545114261149102e-07,False,2.5875886742752328,3.388844760365828e-12,0.7986666666666666,0.476,True,17
MAR,48,oracle,True,7.991143673830719e-08,False,0.005683386883613837,True,1.8242054798061609,3.3439917501709715e-13,0.8046666666666668,0.504,True,
MAR,48,MAR_ignorability,True,2.211861451342899e-08,False,0.0038066795533222867,True,1.4835310623599303,2.537969834293108e-13,0.8046666666666668,0.504,True,
MAR,48,selection_misspecified,True,1.1900678636898201e-07,True,1.1919046886416653e-07,False,2.676780567958203,1.7892354264859023e-12,0.8046666666666668,0.504,True,10
MAR,48,candidate_saturated,True,1.158314834078292e-07,True,6.354692731188111e-09,False,2.67410783616182,2.90745205688836e-12,0.8046666666666668,0.504,True,"15,16"
MAR,49,oracle,True,1.0632630331297577e-08,False,0.006896799662460861,True,1.7936739843935083,2.7422508708241367e-13,0.8013333333333333,0.488,True,
MAR,49,MAR_ignorability,True,2.0106439466260895e-08,False,0.003954028839781291,True,1.4751770414316483,4.3853809472693683e-13,0.8013333333333333,0.488,True,
MAR,49,selection_misspecified,True,3.610499695708147e-08,False,0.003913024246621461,True,2.687271997166259,2.509548124862704e-12,0.8013333333333333,0.488,True,
MAR,49,candidate_saturated,True,7.931319316201169e-08,False,2.3232712748613246e-05,True,2.678199419895116,4.727773728063767e-12,0.8013333333333333,0.488,True,
MAR,50,oracle,True,3.964178734497913e-08,False,0.003636324223688753,True,1.7350279306857779,3.5726976932437537e-13,0.7946666666666666,0.474,True,
MAR,50,MAR_ignorability,True,1.198755952780406e-08,False,0.0013082769492989079,True,1.3750259505203442,1.4488410471358293e-12,0.7946666666666666,0.474,True,
MAR,50,selection_misspecified,True,1.1130352806354438e-07,False,0.0011461362362303028,True,2.600185959195379,6.257216966787382e-12,0.7946666666666666,0.474,True,
MAR,50,candidate_saturated,True,5.249217423397567e-08,False,0.0008008757211223973,True,2.5933095043677823,9.469758310842735e-12,0.7946666666666666,0.474,True,
MAR,51,oracle,True,4.618013387551294e-08,False,0.007374894047409784,True,1.7793547987697271,2.76667577736589e-13,0.7986666666666666,0.488,True,
MAR,51,MAR_ignorability,True,1.787461213886843e-08,False,0.0059476940599378315,True,1.4393095176564148,1.616484723854228e-13,0.7986666666666666,0.488,True,
MAR,51,selection_misspecified,True,2.015108145769773e-08,False,0.005773718902966044,True,2.6595579420623205,2.1533885785629536e-12,0.7986666666666666,0.488,True,
MAR,51,candidate_saturated,True,3.8173432128640885e-08,False,0.0012347593222937303,True,2.6539007471633558,1.369082625046758e-11,0.7986666666666666,0.488,True,
MAR,52,oracle,True,1.0842761763996123e-08,False,0.0012496241176942107,True,1.7838205106768075,4.214406601477094e-13,0.7886666666666667,0.474,True,
MAR,52,MAR_ignorability,True,4.274913872248653e-08,False,0.0018242267504956667,True,1.4096408662445925,3.6770586575585185e-13,0.7886666666666667,0.474,True,
MAR,52,selection_misspecified,True,8.350449376153955e-08,False,0.001891654903730737,True,2.656386914475955,9.374723219934822e-13,0.7886666666666667,0.474,True,
MAR,52,candidate_saturated,True,8.963429996512414e-08,True,8.971047022828014e-08,False,2.6501085381713967,7.429612480791548e-12,0.7886666666666667,0.474,True,15
MAR,53,oracle,True,2.6407381108983774e-08,False,0.008132774413120351,True,1.7950097434165273,3.11972669919669e-13,0.7946666666666666,0.488,True,
MAR,53,MAR_ignorability,True,7.212408259960057e-09,False,0.004394089644776474,True,1.445876124069848,4.5075054799781356e-13,0.7946666666666666,0.488,True,
MAR,53,selection_misspecified,True,6.131121616320852e-08,False,0.005192194189906555,True,2.674889997486404,2.8030910925735952e-12,0.7946666666666666,0.488,True,
MAR,53,candidate_saturated,True,6.592937826610524e-08,False,0.0016714443015234236,True,2.6689026138097547,2.6187940704858192e-12,0.7946666666666666,0.488,True,
MAR,54,oracle,True,5.798176502291863e-08,False,0.005681776352416747,True,1.7357371604449152,4.285460875053104e-13,0.7873333333333333,0.46,True,
MAR,54,MAR_ignorability,True,2.3791064773737153e-08,False,0.0037142968522780716,True,1.4018397909695055,1.5087930904655877e-12,0.7873333333333333,0.46,True,
MAR,54,selection_misspecified,True,3.60361834783802e-08,False,0.0036482609458933454,True,2.644777338915993,2.0952128920725954e-12,0.7873333333333333,0.46,True,
MAR,54,candidate_saturated,True,6.837002554993531e-08,False,0.0003119847291079018,True,2.63468602872753,1.7249757178205982e-11,0.7873333333333333,0.46,True,
MAR,55,oracle,True,3.378792634645134e-08,False,0.009143886856612294,True,1.7476905204906525,9.257039579324555e-13,0.7893333333333333,0.454,True,
MAR,55,MAR_ignorability,True,5.513557814362122e-08,False,0.0037702035381706246,True,1.4079206230117138,2.6778579353958776e-13,0.7893333333333333,0.454,True,
MAR,55,selection_misspecified,True,4.1741208562928736e-08,False,0.004100838287608955,True,2.6474081596161305,8.193445921733655e-13,0.7893333333333333,0.454,True,
MAR,55,candidate_saturated,True,1.0534621896063356e-07,False,0.00019758160376002259,True,2.6448047809502313,1.3653522756840175e-11,0.7893333333333333,0.454,True,
MAR,56,oracle,True,1.430209776892566e-08,False,0.0027000190906548657,True,1.7981692061042358,9.305889392408062e-13,0.8053333333333333,0.508,True,
MAR,56,MAR_ignorability,True,8.653072756629498e-09,False,0.0012679938869873582,True,1.4364010284215847,3.97015753605956e-13,0.8053333333333333,0.508,True,
MAR,56,selection_misspecified,True,1.4813799340873678e-07,False,0.0033198583965973806,True,2.6315828615513084,7.424283410273347e-12,0.8053333333333333,0.508,True,
MAR,56,candidate_saturated,True,1.6761694008238238e-07,False,0.0003732753793065871,True,2.6151960931090943,9.658052135819162e-12,0.8053333333333333,0.508,True,
MAR,57,oracle,True,1.2194882015426068e-08,False,0.010295709605451961,True,1.7313706934296473,5.639932965095795e-14,0.8053333333333333,0.506,True,
MAR,57,MAR_ignorability,True,5.5727682438269135e-09,False,0.006979799998625603,True,1.4146532984704978,2.2093438190040615e-13,0.8053333333333333,0.506,True,
MAR,57,selection_misspecified,True,2.4830464261216266e-08,False,0.006183076744297265,True,2.6074457094231995,5.013767179207207e-13,0.8053333333333333,0.506,True,
MAR,57,candidate_saturated,True,3.093259913206081e-08,False,0.0011487128224064735,True,2.6043506906169047,5.218492304948086e-12,0.8053333333333333,0.506,True,
MAR,58,oracle,True,5.298419416110978e-08,False,0.005602200466855128,True,1.8206040249674242,1.0518252935298733e-12,0.7973333333333333,0.49,True,
MAR,58,MAR_ignorability,True,1.732100914353385e-08,False,0.005535382885765692,True,1.4524815744290385,7.069900220812997e-13,0.7973333333333333,0.49,True,
MAR,58,selection_misspecified,True,2.8804881790934002e-08,False,0.005862947328904893,True,2.6718844705961016,2.099653784171096e-12,0.7973333333333333,0.49,True,
MAR,58,candidate_saturated,True,7.390001512508348e-08,False,1.848030213823592e-05,True,2.668606475332554,8.93196627771431e-12,0.7973333333333333,0.49,True,
MAR,59,oracle,True,4.2022103844269185e-08,False,0.0021154033837262774,True,1.8088152815660434,4.4564352208453784e-13,0.8026666666666666,0.52,True,
MAR,59,MAR_ignorability,True,1.3310224377122656e-08,False,0.002557984519649214,True,1.4650471921888573,3.9834802123550617e-13,0.8026666666666666,0.52,True,
MAR,59,selection_misspecified,True,6.469183735974271e-08,False,0.0027882829192987487,True,2.6704013460130662,2.892797112963308e-12,0.8026666666666666,0.52,True,
MAR,59,candidate_saturated,True,9.456455594225588e-08,False,0.0001756509424484921,True,2.669579572948494,7.426947945532447e-12,0.8026666666666666,0.52,True,
MAR,60,oracle,True,2.5829751643779987e-08,False,0.007419713206260986,True,1.7529352338689668,5.335731856348502e-13,0.8079999999999999,0.53,True,
MAR,60,MAR_ignorability,True,7.902767739709216e-09,False,0.004233966856277122,True,1.4376442560238256,1.0103029524088925e-13,0.8079999999999999,0.53,True,
MAR,60,selection_misspecified,True,5.383044559363961e-08,False,0.0016673545867868858,True,2.6116317587554483,4.056754931980322e-12,0.8079999999999999,0.53,True,
MAR,60,candidate_saturated,True,4.1608230451906385e-07,True,4.1609901343117227e-07,False,2.604937963376844,4.217071136736195e-12,0.8079999999999999,0.53,True,12
MAR,61,oracle,True,9.728338865144793e-09,False,0.005010277918107139,True,1.7342480083131295,2.6918467455061545e-12,0.7946666666666666,0.478,True,
MAR,61,MAR_ignorability,True,3.437679145433305e-08,False,0.005452135208925522,True,1.3690619233538404,2.1893598045608087e-13,0.7946666666666666,0.478,True,
MAR,61,selection_misspecified,True,6.417955331583514e-08,False,0.0054619587152770046,True,2.5958463695351965,1.163069640597314e-12,0.7946666666666666,0.478,True,
MAR,61,candidate_saturated,True,1.9578041128553992e-07,False,0.0015877154401243018,True,2.5917866480678105,2.69517741458003e-12,0.7946666666666666,0.478,True,
MAR,62,oracle,True,1.4172887874197571e-08,False,0.006966297419807521,True,1.7679701580851006,1.5631940186722204e-13,0.8206666666666668,0.538,True,
MAR,62,MAR_ignorability,True,1.355994577145747e-08,False,0.004990129873009151,True,1.4692238099432688,3.1730174043786974e-13,0.8206666666666668,0.538,True,
MAR,62,selection_misspecified,True,7.58952747608177e-08,False,0.005726598231342295,True,2.6229562924697296,3.800515457896836e-12,0.8206666666666668,0.538,True,
MAR,62,candidate_saturated,True,7.377005940734094e-08,False,0.0013213671492475778,True,2.6177979158931604,1.1441070313367163e-11,0.8206666666666668,0.538,True,
MAR,63,oracle,True,1.8610704277333134e-08,False,0.00589513239356748,True,1.7225224304112576,1.3633538742396922e-13,0.7866666666666666,0.464,True,
MAR,63,MAR_ignorability,True,1.5491906406717468e-08,False,0.003436128766176938,True,1.3654178938821246,6.366018823200648e-13,0.7866666666666666,0.464,True,
MAR,63,selection_misspecified,True,5.224170495954361e-08,False,0.001987266814676425,True,2.6067214551594597,1.248778858098376e-12,0.7866666666666666,0.464,True,
MAR,63,candidate_saturated,True,1.0470718259192324e-07,False,0.0005496055923440677,True,2.590919310991278,7.87503395827116e-12,0.7866666666666666,0.464,True,
MAR,64,oracle,True,2.2642627888203036e-08,False,0.00016316236923677376,True,1.8386837649028158,3.8680170177940454e-13,0.8046666666666668,0.522,True,
MAR,64,MAR_ignorability,True,1.0903021943065028e-08,False,0.0013835951366238327,True,1.4815740314992913,9.14823772291129e-14,0.8046666666666668,0.522,True,
MAR,64,selection_misspecified,True,9.36735694629931e-08,False,0.001032712491230528,True,2.676524951830159,6.347367076386945e-12,0.8046666666666668,0.522,True,
MAR,64,candidate_saturated,True,6.690833570743848e-08,True,9.281802544297777e-09,False,2.669334652459187,2.0797141786488282e-11,0.8046666666666668,0.522,True,17
MAR,65,oracle,True,2.2232107104280808e-08,False,0.007690402998117131,True,1.7538940772709704,3.923528169025303e-13,0.8086666666666668,0.514,True,
MAR,65,MAR_ignorability,True,1.9731076667652073e-08,False,0.005533559186093227,True,1.4450183748503336,1.383337888682945e-13,0.8086666666666668,0.514,True,
MAR,65,selection_misspecified,True,4.314505297786653e-08,False,0.0007215912839309785,True,2.6196322472912996,8.899991854605105e-12,0.8086666666666668,0.514,True,
MAR,65,candidate_saturated,True,5.0279926572471824e-08,False,0.0007231062338042557,True,2.6116235984413025,4.3294257068282604e-12,0.8086666666666668,0.514,True,
MAR,66,oracle,True,3.28567801551119e-08,False,0.006309330582879686,True,1.79685756384578,5.870859354217828e-13,0.8079999999999999,0.496,True,
MAR,66,MAR_ignorability,True,1.1271784202182555e-08,False,0.003611584089715744,True,1.4468128359749979,4.631850458736153e-13,0.8079999999999999,0.496,True,
MAR,66,selection_misspecified,True,2.3929161262259414e-08,False,0.002538061399984186,True,2.640121787345102,1.0080825063596421e-12,0.8079999999999999,0.496,True,
MAR,66,candidate_saturated,True,2.3760927545168896e-07,False,0.0012326419151715885,True,2.6375764740411785,5.81756864903582e-12,0.8079999999999999,0.496,True,
MAR,67,oracle,True,2.0850883379885944e-08,False,0.008917911362702586,True,1.799268956357309,1.5365486660812167e-13,0.7966666666666667,0.488,True,
MAR,67,MAR_ignorability,True,2.7858595653906803e-08,False,0.005464826515956718,True,1.4591228183297167,2.569056078982612e-13,0.7966666666666667,0.488,True,
MAR,67,selection_misspecified,True,6.995486023915823e-08,False,0.0044537666797629365,True,2.6747828998561407,1.3988810110276972e-12,0.7966666666666667,0.488,True,
MAR,67,candidate_saturated,True,1.7263207870987785e-07,False,8.75346582535508e-05,True,2.6736865489091834,9.660272581868412e-12,0.7966666666666667,0.488,True,
MAR,68,oracle,True,1.5742621253681324e-08,False,0.003998476011056474,True,1.7881866198892522,3.5571545708990016e-13,0.798,0.492,True,
MAR,68,MAR_ignorability,True,1.682349665765859e-08,False,0.003837622754795368,True,1.4413288446729067,5.639932965095795e-13,0.798,0.492,True,
MAR,68,selection_misspecified,True,1.915616729042391e-07,False,0.003686915958035811,True,2.657146505574067,4.367617378875366e-12,0.798,0.492,True,
MAR,68,candidate_saturated,True,2.522680757961471e-07,False,0.000778012362309305,True,2.654352721060004,1.1314060799350045e-11,0.798,0.492,True,
MAR,69,oracle,True,1.494592303341591e-08,False,0.008646909957415658,True,1.7985478626793392,3.668176873361517e-13,0.8053333333333333,0.504,True,
MAR,69,MAR_ignorability,True,1.097125704220753e-08,False,0.006082108180827606,True,1.4443122859518358,7.580602812140569e-13,0.8053333333333333,0.504,True,
MAR,69,selection_misspecified,True,6.017619310742447e-08,False,0.0053159179300851025,True,2.636476234771946,3.041566998263079e-12,0.8053333333333333,0.504,True,
MAR,69,candidate_saturated,True,1.8541167867081043e-07,False,0.0001264160679697908,True,2.634900622833911,3.115285807098189e-11,0.8053333333333333,0.504,True,
MAR,70,oracle,True,7.216475401788242e-08,False,0.006719919474290511,True,1.8532667188997294,1.758593271006248e-13,0.794,0.48,True,
MAR,70,MAR_ignorability,True,4.013337602957073e-08,False,0.0038704769669188417,True,1.4842638666279842,6.687983500341943e-13,0.794,0.48,True,
MAR,70,selection_misspecified,True,4.640894380701817e-08,False,0.00014641815431192814,True,2.6985849951430874,9.65050261925171e-12,0.794,0.48,True,
MAR,70,candidate_saturated,True,4.402800545166689e-07,True,4.3598705575575486e-07,False,2.6896209172047847,1.674216321134736e-12,0.794,0.48,True,"11,16"
MAR,71,oracle,True,2.183496991259304e-08,False,0.006188752672739626,True,1.7844586696940354,4.1167069753100805e-13,0.7986666666666666,0.484,True,
MAR,71,MAR_ignorability,True,1.277463215114405e-08,False,0.004660258280894755,True,1.4439679983215483,9.85878045867139e-14,0.7986666666666666,0.484,True,
MAR,71,selection_misspecified,True,7.016698255576936e-08,False,0.005718051974384602,True,2.659128097225711,2.8248514638562483e-12,0.7986666666666666,0.484,True,
MAR,71,candidate_saturated,True,7.808649920271194e-08,False,0.002366642617368715,True,2.654874423371003,3.169464690699897e-12,0.7986666666666666,0.484,True,
MAR,72,oracle,True,1.1906308944986676e-08,False,0.005777454280875277,True,1.7960872956207288,7.240874566605271e-13,0.8013333333333333,0.482,True,
MAR,72,MAR_ignorability,True,2.3795106956270296e-08,False,0.0025374933822024455,True,1.4391826697088737,2.014388655879884e-12,0.8013333333333333,0.482,True,
MAR,72,selection_misspecified,True,5.963141155107544e-08,False,0.002737206011670562,True,2.6547797951603695,1.8967050152696174e-12,0.8013333333333333,0.482,True,
MAR,72,candidate_saturated,True,7.853649943045937e-08,False,0.00010544358425224705,True,2.6420549060351473,6.351807968485446e-12,0.8013333333333333,0.482,True,
MAR,73,oracle,True,4.6161875048245094e-08,False,0.00147980923882364,True,1.80523282467227,2.97761815204467e-13,0.7993333333333333,0.5,True,
MAR,73,MAR_ignorability,True,1.0317008009385374e-06,True,1.033556174937227e-06,False,1.4317767745086998,6.750155989720952e-13,0.7993333333333333,0.5,True,6
MAR,73,selection_misspecified,True,1.4511021423008892e-07,False,0.0013532200759921824,True,2.6403551763051794,2.298161660974074e-12,0.7993333333333333,0.5,True,
MAR,73,candidate_saturated,True,4.3792882189174063e-07,True,4.3732230444804744e-07,False,2.6375199011230177,8.196998635412456e-12,0.7993333333333333,0.5,True,6
MAR,74,oracle,True,4.845871889980202e-09,False,0.005804474556451486,True,1.7582344868175217,1.9451107391432743e-13,0.798,0.49,True,
MAR,74,MAR_ignorability,True,1.2262529311901093e-08,False,0.004495890742582492,True,1.413737681341122,1.2922996006636822e-13,0.798,0.49,True,
MAR,74,selection_misspecified,True,9.449700749991629e-08,False,0.004873019628000635,True,2.635013873086778,1.2438938767900254e-12,0.798,0.49,True,
MAR,74,candidate_saturated,True,1.0451823880464062e-07,False,0.00031625348789654934,True,2.619407316309922,5.377920331284258e-12,0.798,0.49,True,
MAR,75,oracle,True,2.2119098886497214e-08,False,0.004817862631900911,True,1.834311664569253,3.015365734881925e-13,0.8053333333333333,0.498,True,
MAR,75,MAR_ignorability,True,2.125031014452161e-08,False,0.0031075113041092576,True,1.5194388086621406,3.8835601401387976e-13,0.8053333333333333,0.498,True,
MAR,75,selection_misspecified,True,7.789248458767162e-08,False,0.0026556204074051795,True,2.7195246723109503,4.128697383976032e-12,0.8053333333333333,0.498,True,
MAR,75,candidate_saturated,True,6.475123310972775e-08,False,0.00029911353861782704,True,2.711037162251238,9.162004488416642e-12,0.8053333333333333,0.498,True,
MAR,76,oracle,True,2.029496114408502e-08,False,0.0062770629010542355,True,1.8258853099391827,2.402522625288839e-13,0.8026666666666666,0.49,True,
MAR,76,MAR_ignorability,True,2.1109762013749034e-08,False,0.004277135605643187,True,1.4697189869778904,1.978417429882029e-13,0.8026666666666666,0.49,True,
MAR,76,selection_misspecified,True,5.152008868659951e-08,False,0.0014343989207719864,True,2.6771583995129906,2.752020833440838e-12,0.8026666666666666,0.49,True,
MAR,76,candidate_saturated,True,4.058391536432282e-08,False,5.27204068542945e-05,True,2.6683500009267047,1.1080913964178762e-11,0.8026666666666666,0.49,True,
MAR,77,oracle,True,2.059888976589132e-08,False,0.00894962415363864,True,1.8025522724976417,3.588240815588506e-13,0.782,0.45,True,
MAR,77,MAR_ignorability,True,2.9896432313769595e-08,False,0.004172215333536352,True,1.4252419294764105,4.0034642267983145e-13,0.782,0.45,True,
MAR,77,selection_misspecified,True,5.131009973299849e-08,False,0.0038846956781730113,True,2.6877279921408164,1.0746958878371515e-12,0.782,0.45,True,
MAR,77,candidate_saturated,True,1.3239221375727084e-07,False,0.0023137750495374116,True,2.675515578199166,6.780354055990756e-12,0.782,0.45,True,
MAR,78,oracle,True,3.9694103616521455e-08,False,0.005003577489642377,True,1.7925340762169286,4.2366110619695974e-13,0.7999999999999999,0.496,True,
MAR,78,MAR_ignorability,True,1.720415780259721e-08,False,0.004737647076569777,True,1.4197956542397379,3.042011087472929e-13,0.7999999999999999,0.496,True,
MAR,78,selection_misspecified,True,5.9280987871668244e-08,False,0.0048295815441924475,True,2.6285739731290994,9.71223101942087e-13,0.7999999999999999,0.496,True,
MAR,78,candidate_saturated,True,4.4322970915722237e-07,False,0.00010781003369733195,True,2.6177493272486734,2.6995738977575456e-11,0.7999999999999999,0.496,True,
MAR,79,oracle,True,3.051681111188032e-08,False,0.0038172637890316703,True,1.7709797239589553,4.882760862301438e-13,0.7759999999999999,0.456,True,
MAR,79,MAR_ignorability,True,2.4496455211575618e-08,False,0.0022045883431791946,True,1.412334521878858,4.1522341120980855e-13,0.7759999999999999,0.456,True,
MAR,79,selection_misspecified,True,1.1873310302562556e-07,False,0.0031840655360322657,True,2.679359867580756,2.702726931147481e-12,0.7759999999999999,0.456,True,
MAR,79,candidate_saturated,True,8.75812731297998e-08,False,0.0012193201865456473,True,2.6681155737989544,4.105160655853979e-12,0.7759999999999999,0.456,True,
MAR,80,oracle,True,1.961188207516562e-08,False,0.008048442965914962,True,1.8033420089686338,1.9739765377835283e-13,0.8046666666666668,0.496,True,
MAR,80,MAR_ignorability,True,1.994403834049141e-08,False,0.004210702739185954,True,1.4472377527904978,1.5654144647214707e-13,0.8046666666666668,0.496,True,
MAR,80,selection_misspecified,True,7.932598913784616e-08,False,0.004138897448130928,True,2.6479686987763804,1.3655743202889425e-12,0.8046666666666668,0.496,True,
MAR,80,candidate_saturated,True,1.8826451420750344e-07,False,3.4602552377747565e-05,True,2.6356509932452963,1.3146816968401254e-11,0.8046666666666668,0.496,True,
MAR,81,oracle,True,3.4955212765197527e-08,False,0.006775720756650084,True,1.8197039379707673,3.0597746558669314e-13,0.7913333333333333,0.462,True,
MAR,81,MAR_ignorability,True,2.9019303387611826e-08,False,0.003114484119772123,True,1.449087762724033,4.0967229608668276e-13,0.7913333333333333,0.462,True,
MAR,81,selection_misspecified,True,9.036712989085594e-08,False,0.00011785901448652623,True,2.66579237985851,1.2356782264077992e-11,0.7913333333333333,0.462,True,
MAR,81,candidate_saturated,True,9.664781192941784e-08,False,0.0012356644102364007,True,2.6512709199581006,1.0740741629433614e-11,0.7913333333333333,0.462,True,
MAR,82,oracle,True,1.3068163319569435e-08,False,0.00709706490981181,True,1.844692053777844,4.04121180963557e-13,0.7753333333333333,0.444,True,
MAR,82,MAR_ignorability,True,2.474029616092798e-08,False,0.0029901484187368874,True,1.434919687485403,4.354294702579864e-13,0.7753333333333333,0.444,True,
MAR,82,selection_misspecified,True,8.159446067007581e-08,False,0.0026940901863916266,True,2.7020989901846915,1.0762946089926118e-11,0.7753333333333333,0.444,True,
MAR,82,candidate_saturated,True,6.204519911490181e-08,False,4.287789480803869e-05,True,2.6848174483718847,8.562039965909207e-12,0.7753333333333333,0.444,True,
MAR,83,oracle,True,2.0372461763118465e-08,False,0.006806911879812425,True,1.7474666845042846,2.3225865675158275e-13,0.798,0.494,True,
MAR,83,MAR_ignorability,True,2.750129983383958e-08,False,0.005273571234279817,True,1.3747926916665434,3.539391002504999e-13,0.798,0.494,True,
MAR,83,selection_misspecified,True,8.381397081103081e-08,False,0.00513924324946514,True,2.597524026125348,3.155253835984695e-12,0.798,0.494,True,
MAR,83,candidate_saturated,True,8.968118059460295e-08,False,0.0006225827427871665,True,2.5945491591032552,2.319922032256727e-12,0.798,0.494,True,
MAR,84,oracle,True,2.1672252655672784e-08,False,0.007139558010487369,True,1.8475667854653548,2.3581137043038325e-13,0.802,0.498,True,
MAR,84,MAR_ignorability,True,4.0578253535983324e-08,False,0.0046312781435352,True,1.4885179920773826,9.050538096744276e-13,0.802,0.498,True,
MAR,84,selection_misspecified,True,1.700309952548662e-08,False,0.004033059054485035,True,2.697348841026856,1.3953282973488967e-12,0.802,0.498,True,
MAR,84,candidate_saturated,True,8.077700162090195e-08,False,0.000588292155174259,True,2.6964875185608874,1.2524203896191466e-11,0.802,0.498,True,
MAR,85,oracle,True,2.3958974384119537e-08,False,0.005555105760709915,True,1.781678367227118,2.7489122089718876e-13,0.81,0.512,True,
MAR,85,MAR_ignorability,True,4.2092282605730824e-08,False,0.0050548931026288164,True,1.470288560181306,3.7569947153315297e-13,0.81,0.512,True,
MAR,85,selection_misspecified,True,5.236075651060545e-08,False,0.0037640325921817017,True,2.653273986118956,1.6786572132332367e-12,0.81,0.512,True,
MAR,85,candidate_saturated,True,2.0925077776386033e-07,True,2.0928945751126377e-07,False,2.6459032712096775,4.7197801222864655e-12,0.81,0.512,True,16
MAR,86,oracle,True,1.2346931762136082e-08,False,0.004961671625790054,True,1.7946968303802664,1.5303314171433158e-12,0.7999999999999999,0.498,True,
MAR,86,MAR_ignorability,True,4.370495489069981e-09,False,0.0013209221308149916,True,1.4707673966828312,2.8475000135586015e-12,0.7999999999999999,0.498,True,
MAR,86,selection_misspecified,True,1.341742315965406e-07,True,1.343513781900446e-07,False,2.675443038967348,2.503774965134653e-12,0.7999999999999999,0.498,True,10
MAR,86,candidate_saturated,True,1.4450230995066705e-07,False,0.0006253063350796609,True,2.6702008033871616,2.3392399128852048e-11,0.7999999999999999,0.498,True,
MAR,87,oracle,True,3.236805419506994e-08,False,0.00781974254078201,True,1.7579414092185233,3.566036355096003e-13,0.7966666666666667,0.474,True,
MAR,87,MAR_ignorability,True,8.860684791747018e-09,False,0.005264045909915492,True,1.4058178275568824,1.9340085088970227e-13,0.7966666666666667,0.474,True,
MAR,87,selection_misspecified,True,9.65669567196039e-08,False,0.0031473385118219485,True,2.616493759242547,3.219202682203104e-12,0.7966666666666667,0.474,True,
MAR,87,candidate_saturated,True,6.896625667529577e-08,False,0.00011611587453191316,True,2.614133573050695,5.217604126528386e-12,0.7966666666666667,0.474,True,
MAR,88,oracle,True,2.4991142975383516e-08,False,0.007131524995833811,True,1.7185294181536632,1.1168843627729075e-13,0.7986666666666666,0.514,True,
MAR,88,MAR_ignorability,True,1.851100009617744e-08,False,0.0023627455029178418,True,1.4063032828503501,6.421529974431905e-13,0.7986666666666666,0.514,True,
MAR,88,selection_misspecified,True,2.7976278595021052e-08,False,0.003299331020494181,True,2.6194336835157466,4.782840790085174e-12,0.7986666666666666,0.514,True,
MAR,88,candidate_saturated,True,3.042969420563278e-07,True,3.0436251850627724e-07,False,2.6104591999589575,2.511324481702104e-12,0.7986666666666666,0.514,True,15
MAR,89,oracle,True,2.6452134376131476e-08,False,0.007059850530570406,True,1.757478229239702,5.366818101038007e-13,0.7966666666666667,0.492,True,
MAR,89,MAR_ignorability,True,4.553576660056361e-08,False,0.001520270710613697,True,1.435930573126626,4.1522341120980855e-13,0.7966666666666667,0.492,True,
MAR,89,selection_misspecified,True,4.182565618328533e-08,False,0.00014921698828036214,True,2.6456282536335576,1.0957901253050295e-11,0.7966666666666667,0.492,True,
MAR,89,candidate_saturated,True,8.998004518190328e-08,False,0.0005845189873092872,True,2.640809674286293,1.4064749365161333e-11,0.7966666666666667,0.492,True,
MAR,90,oracle,True,2.2440381069133152e-08,False,0.008857211409997063,True,1.7806396242112623,6.328271240363392e-14,0.7993333333333333,0.492,True,
MAR,90,MAR_ignorability,True,1.4843710783307706e-08,False,0.0038555175079153224,True,1.4631999720075863,6.459277557269161e-13,0.7993333333333333,0.492,True,
MAR,90,selection_misspecified,True,3.287194598433629e-08,False,0.003541601436225234,True,2.67978350090949,1.3704593015972932e-12,0.7993333333333333,0.492,True,
MAR,90,candidate_saturated,True,1.4242035012549532e-07,True,1.0525902853109817e-07,False,2.6693129170768963,4.427125332995274e-12,0.7993333333333333,0.492,True,"13,15"
MAR,91,oracle,True,1.8267137249949882e-08,False,0.007091217115355856,True,1.7650173717941813,4.005684672847565e-13,0.81,0.514,True,
MAR,91,MAR_ignorability,True,1.3825021428326423e-08,False,0.0040676681576891265,True,1.4432708432529644,1.4661605263199817e-12,0.81,0.514,True,
MAR,91,selection_misspecified,True,5.874460607244169e-08,False,0.0029390513358638066,True,2.6185563683646924,3.671285497830468e-12,0.81,0.514,True,
MAR,91,candidate_saturated,True,2.608002686583788e-07,True,2.984387958098139e-08,False,2.6132024173057724,4.340083847864662e-12,0.81,0.514,True,10
MAR,92,oracle,True,1.6487302169077012e-08,False,0.006163170205807286,True,1.8057088090349471,1.5543122344752192e-13,0.794,0.48,True,
MAR,92,MAR_ignorability,True,1.4140343081141261e-08,False,0.001751767173910915,True,1.4330623952504766,1.7319479184152442e-13,0.794,0.48,True,
MAR,92,selection_misspecified,True,1.1935417976882342e-07,False,0.002571960583448071,True,2.6637700239886453,3.4918734570510424e-12,0.794,0.48,True,
MAR,92,candidate_saturated,True,1.7359977858011355e-07,False,0.0002445148561554385,True,2.6500587913479503,3.4736657994471898e-12,0.794,0.48,True,
MAR,93,oracle,True,1.6763866422409012e-08,False,0.007840981996565707,True,1.7914833243778103,2.9820590441431705e-13,0.798,0.482,True,
MAR,93,MAR_ignorability,True,6.336757914615632e-09,False,0.003650993179859577,True,1.4467941089835339,4.261035968511351e-13,0.798,0.482,True,
MAR,93,selection_misspecified,True,6.058024266009098e-08,False,0.0036427979535700633,True,2.664817021015301,7.23243687161812e-12,0.798,0.482,True,
MAR,93,candidate_saturated,True,1.5729279001043792e-07,True,1.5733915478799455e-07,False,2.661047551759058,3.941291737419306e-12,0.798,0.482,True,12
MAR,94,oracle,True,2.923307763436078e-08,False,0.006219932213861497,True,1.84213139093058,2.2803980925800715e-13,0.8173333333333334,0.542,True,
MAR,94,MAR_ignorability,True,1.171862968657756e-08,False,0.003824510919341488,True,1.5222746587857727,3.19300141882195e-13,0.8173333333333334,0.542,True,
MAR,94,selection_misspecified,True,4.4508967015355335e-08,False,1.5555986298735258e-06,True,2.6740745800303394,1.7030821197749901e-12,0.8173333333333334,0.542,True,
MAR,94,candidate_saturated,True,8.44676793123611e-08,False,0.0016659128356710665,True,2.667865496345301,1.9886314817085804e-12,0.8173333333333334,0.542,True,
MAR,95,oracle,True,1.3796030244776249e-08,False,0.005129189649527659,True,1.798185600758722,7.183142969324763e-13,0.7933333333333333,0.486,True,
MAR,95,MAR_ignorability,True,2.3620361867685157e-08,False,0.003957631057791167,True,1.4263352404724217,4.654054919228656e-13,0.7933333333333333,0.486,True,
MAR,95,selection_misspecified,True,6.173466524136625e-08,False,0.0024109081723553897,True,2.6609030761943018,3.567368622725553e-12,0.7933333333333333,0.486,True,
MAR,95,candidate_saturated,True,2.2801536583725895e-07,True,2.2809262413929387e-07,False,2.6516853098329487,1.269517824198374e-11,0.7933333333333333,0.486,True,15
MAR,96,oracle,True,1.475228475361634e-08,False,0.007618756343987014,True,1.822380610990165,9.969802761133906e-14,0.7986666666666666,0.51,True,
MAR,96,MAR_ignorability,True,4.726810224875422e-08,False,0.0037365522194852735,True,1.4699185980601488,1.4233059175694507e-13,0.7986666666666666,0.51,True,
MAR,96,selection_misspecified,True,1.2524703738900355e-07,False,0.00010710369781764673,True,2.662247986356573,2.3074875343809254e-12,0.7986666666666666,0.51,True,
MAR,96,candidate_saturated,True,3.226345704199218e-08,False,0.0003043180130632011,True,2.655325978963758,1.1751488671052357e-11,0.7986666666666666,0.51,True,
MAR,97,oracle,True,6.723900980054598e-08,False,0.006998298384563882,True,1.82746103716689,1.532107773982716e-13,0.8046666666666668,0.498,True,
MAR,97,MAR_ignorability,True,1.1696262144589298e-08,False,0.005944992709060026,True,1.476436979317518,1.2567724638756772e-13,0.8046666666666668,0.498,True,
MAR,97,selection_misspecified,True,5.2940155102376706e-08,False,0.005103479911747024,True,2.6746341978580475,1.4024337247064977e-12,0.8046666666666668,0.498,True,
MAR,97,candidate_saturated,True,3.634049584054703e-07,True,3.634547603056359e-07,False,2.6628446927691094,1.936673044156123e-12,0.8046666666666668,0.498,True,12
MAR,98,oracle,True,3.997094940259155e-09,False,0.006927937127143812,True,1.771638694807917,1.5698553568199713e-13,0.7946666666666666,0.468,True,
MAR,98,MAR_ignorability,True,1.1264611910156543e-08,False,0.0038710799465001998,True,1.3827902972137212,3.730349362740526e-13,0.7946666666666666,0.468,True,
MAR,98,selection_misspecified,True,7.382443337421596e-08,False,0.0054069305749454,True,2.6019921824495285,7.02105040772949e-13,0.7946666666666666,0.468,True,
MAR,98,candidate_saturated,True,7.272112635892115e-08,False,0.002589074830820138,True,2.5912091921249796,7.963407711031323e-12,0.7946666666666666,0.468,True,
MAR,99,oracle,True,1.6981911486579904e-08,False,0.007719713461871284,True,1.772349853891216,4.496403249731884e-13,0.81,0.53,True,
MAR,99,MAR_ignorability,True,7.358804945689634e-08,False,0.004480059240909109,True,1.4554223593649271,1.2656542480726785e-12,0.81,0.53,True,
MAR,99,selection_misspecified,True,7.302118544916247e-08,False,0.004726562010760743,True,2.6310998546096993,3.6286529336848616e-12,0.81,0.53,True,
MAR,99,candidate_saturated,True,6.582780731534399e-08,False,0.000784547205257319,True,2.6194684815019045,9.477751916620036e-12,0.81,0.53,True,
MNAR,0,oracle,True,3.6182675014428954e-08,False,0.005542165139061241,True,1.7357464126992446,4.805045250577678e-13,0.7873333333333333,0.506,True,
MNAR,0,MAR_ignorability,True,2.4499854890419613e-08,False,0.00020072379629382055,True,1.4009066395902146,7.014389069581739e-13,0.7873333333333333,0.506,True,
MNAR,0,selection_misspecified,True,2.7878254169033874e-06,True,1.6170616939222423e-06,False,2.5318060784095313,6.000533403494046e-12,0.7873333333333333,0.506,True,"10,12"
MNAR,0,candidate_saturated,True,1.8645459530634022e-06,True,1.3819740691747503e-07,False,2.4916944053977503,2.546851618490109e-11,0.7873333333333333,0.506,True,"5,16"
MNAR,1,oracle,True,2.17640211994663e-08,False,0.0059886819360590714,True,1.8040923795245063,3.532729664357248e-13,0.8180000000000001,0.55,True,
MNAR,1,MAR_ignorability,True,5.83156419518005e-08,False,0.0018599452536831474,True,1.4810332792164935,9.059419880941277e-14,0.8180000000000001,0.55,True,
MNAR,1,selection_misspecified,True,3.1091579230087488e-06,True,1.9930655496976543e-06,False,2.567513691203262,1.3700152123874432e-12,0.8180000000000001,0.55,True,"10,12"
MNAR,1,candidate_saturated,True,8.770470857699664e-08,False,1.1204050550435816e-05,True,2.498016840480024,1.1769740737577195e-10,0.8180000000000001,0.55,True,
MNAR,2,oracle,True,1.6018961640343333e-08,False,0.0068963169839013775,True,1.7689306477976994,3.423927807943983e-13,0.7993333333333333,0.524,True,
MNAR,2,MAR_ignorability,True,6.373529313511024e-07,True,6.42370697927977e-07,False,1.435142625712721,7.247535904753022e-13,0.7993333333333333,0.524,True,6
MNAR,2,selection_misspecified,True,3.339733058028657e-06,True,1.7967708579835598e-06,False,2.5633829269731465,1.5116796703296131e-12,0.7993333333333333,0.524,True,"10,12"
MNAR,2,candidate_saturated,True,4.7645553316238205e-07,True,4.7648623430758376e-07,False,2.501669150979698,4.080291660102375e-12,0.7993333333333333,0.524,True,11
MNAR,3,oracle,True,2.2770703475227806e-08,False,0.004506066303453369,True,1.8172927534874215,8.426592756904938e-13,0.8039999999999999,0.51,True,
MNAR,3,MAR_ignorability,True,1.9252644854771205e-08,False,0.0002713551059369995,True,1.4858019939823355,6.818989817247711e-13,0.8039999999999999,0.51,True,
MNAR,3,selection_misspecified,True,3.3443353511454562e-06,True,8.402776303928453e-07,False,2.6241122889843838,1.5716317136593716e-12,0.8039999999999999,0.51,True,"10,12"
MNAR,3,candidate_saturated,True,1.3067109934183919e-07,False,0.00028789771860038407,True,2.558553920777342,6.24167384444263e-12,0.8039999999999999,0.51,True,
MNAR,4,oracle,True,2.3023550088929755e-08,False,0.0035677738997264563,True,1.748658629722779,9.103828801926284e-14,0.794,0.536,True,
MNAR,4,MAR_ignorability,True,3.527810683645605e-08,False,0.0003348265808468387,True,1.4389751437385585,3.5371705564557487e-13,0.794,0.536,True,
MNAR,4,selection_misspecified,True,3.952069413825835e-06,True,2.5950547444322702e-06,False,2.5585055679331035,1.1852741010898171e-12,0.794,0.536,True,"10,12"
MNAR,4,candidate_saturated,True,1.4437982888892975e-07,False,2.597567236266696e-05,True,2.5150695779672385,2.7774227362442616e-11,0.794,0.536,True,
MNAR,5,oracle,True,2.2652713417933844e-08,False,0.0032513903943063426,True,1.8318115237123418,4.989342272665453e-13,0.8053333333333333,0.516,True,
MNAR,5,MAR_ignorability,True,1.5403975619414706e-08,False,0.0012439841751558964,True,1.4896044637300052,3.9968028886505635e-13,0.8053333333333333,0.516,True,
MNAR,5,selection_misspecified,True,2.275230618724455e-06,True,1.4358729380380373e-06,False,2.6172365562824997,4.862776847858186e-13,0.8053333333333333,0.516,True,"10,12"
MNAR,5,candidate_saturated,True,4.856443561935547e-07,True,4.857912583958646e-07,False,2.576432988666142,2.0895285501865146e-11,0.8053333333333333,0.516,True,12
MNAR,6,oracle,True,2.3813407925121765e-08,False,0.0026802811037501292,True,1.8385959038606208,2.3447910280083306e-13,0.7926666666666667,0.522,True,
MNAR,6,MAR_ignorability,True,7.409693609293858e-07,True,7.42439742255656e-07,False,1.477451526801744,2.4662494269023227e-12,0.7926666666666667,0.522,True,6
MNAR,6,selection_misspecified,True,3.637481707935018e-06,True,3.5977441291803123e-06,False,2.620145435111409,1.1941558852868184e-12,0.7926666666666667,0.522,True,"10,12"
MNAR,6,candidate_saturated,True,7.908369239117974e-08,False,6.567887155422696e-05,True,2.540312433160805,7.52065076881081e-12,0.7926666666666667,0.522,True,
MNAR,7,oracle,True,3.8547410962541665e-08,False,0.007052051849715879,True,1.7854712042245793,1.8829382497642655e-13,0.8106666666666666,0.542,True,
MNAR,7,MAR_ignorability,True,1.822061153651139e-06,True,1.8236894823203578e-06,False,1.446257075090041,1.2256862191861728e-13,0.8106666666666666,0.542,True,6
MNAR,7,selection_misspecified,True,3.0848516947023443e-06,True,1.7957928000688711e-06,False,2.5427933832969476,2.105426943899147e-12,0.8106666666666666,0.542,True,"10,12"
MNAR,7,candidate_saturated,True,9.074095427763495e-08,False,0.00013240884896626996,True,2.497279200642059,4.560529731634233e-11,0.8106666666666666,0.542,True,
MNAR,8,oracle,True,2.9694648697781503e-08,False,0.0014797191244571442,True,1.825320918211033,6.064038160502605e-13,0.8186666666666667,0.546,True,
MNAR,8,MAR_ignorability,True,8.93743795680843e-07,True,8.94677426119508e-07,False,1.5067260854354791,1.8776091792460647e-12,0.8186666666666667,0.546,True,9
MNAR,8,selection_misspecified,True,1.3335371157338006e-06,True,1.0235364858047388e-06,False,2.626592042625881,1.0453859999870474e-12,0.8186666666666667,0.546,True,"10,12"
MNAR,8,candidate_saturated,True,6.012788945497505e-08,False,5.828995039907881e-05,True,2.564806721628664,2.2656987397340345e-11,0.8186666666666667,0.546,True,
MNAR,9,oracle,True,4.417960630109796e-08,False,0.0011405124172697628,True,1.8402043476879577,2.922107000813412e-13,0.8046666666666668,0.524,True,
MNAR,9,MAR_ignorability,True,3.2020702502677574e-06,True,3.202106508429047e-06,False,1.4819100312459268,7.820410985459603e-13,0.8046666666666668,0.524,True,6
MNAR,9,selection_misspecified,True,3.967118305723439e-06,True,1.5024552547033502e-06,False,2.599355818474223,2.6982860390489805e-12,0.8046666666666668,0.524,True,"10,12"
MNAR,9,candidate_saturated,True,2.2026213988510883e-06,True,2.2029424935042514e-06,False,2.547183010100984,1.0721645793410062e-11,0.8046666666666668,0.524,True,6
MNAR,10,oracle,True,2.280418469594904e-08,False,0.006797406830645936,True,1.808161403663979,3.68816088780477e-13,0.7946666666666666,0.518,True,
MNAR,10,MAR_ignorability,True,1.1405850049328591e-08,False,1.0759922034799195e-05,True,1.4761358329431342,4.440892098500626e-13,0.7946666666666666,0.518,True,
MNAR,10,selection_misspecified,True,4.3879851186872594e-06,True,3.033652904591232e-06,False,2.6082911552811066,2.0405899192610377e-12,0.7946666666666666,0.518,True,"10,12"
MNAR,10,candidate_saturated,True,4.681111047943887e-08,False,7.501794570585487e-07,True,2.537439625523294,1.1006751066133802e-11,0.7946666666666666,0.518,True,
MNAR,11,oracle,True,1.5733084361179914e-08,False,0.00616907289428341,True,1.7705365980399106,3.652633751016765e-13,0.8046666666666668,0.524,True,
MNAR,11,MAR_ignorability,True,1.3049780450913318e-08,False,0.0019473957068260506,True,1.4581407516665867,3.701483564100272e-13,0.8046666666666668,0.524,True,
MNAR,11,selection_misspecified,True,4.402277244669287e-06,True,1.9379703932347657e-06,False,2.573344781069584,1.9464430067728244e-12,0.8046666666666668,0.524,True,10
MNAR,11,candidate_saturated,True,1.2657687794614958e-07,False,1.3858111902671269e-08,True,2.5303552949670247,2.9190427852654466e-11,0.8046666666666668,0.524,True,
MNAR,12,oracle,True,2.4488017843493636e-08,False,0.0010895688259301472,True,1.777692441692071,8.999467837611519e-13,0.8133333333333334,0.556,True,
MNAR,12,MAR_ignorability,True,2.9598740405664297e-08,False,6.009319879471066e-05,True,1.4755200083352173,1.2110312752611208e-12,0.8133333333333334,0.556,True,
MNAR,12,selection_misspecified,True,3.3720298883172897e-06,True,2.212800357722099e-06,False,2.569382532112169,3.0300206788069772e-12,0.8133333333333334,0.556,True,"10,12"
MNAR,12,candidate_saturated,True,1.534732654590715e-07,True,1.538927488540836e-07,False,2.533032064273568,1.3659740005778076e-11,0.8133333333333334,0.556,True,14
MNAR,13,oracle,True,5.5378956184877827e-08,False,0.0008533442211906708,True,1.8020042366399058,1.3677947663381929e-13,0.782,0.488,True,
MNAR,13,MAR_ignorability,True,2.0696560003603753e-08,False,2.7974610006168696e-05,True,1.4355981367572277,5.837552663479073e-13,0.782,0.488,True,
MNAR,13,selection_misspecified,True,3.573907178207183e-06,True,1.2988829318121415e-06,False,2.5971020118082615,1.1977085989656189e-12,0.782,0.488,True,"10,12"
MNAR,13,candidate_saturated,True,2.7315206149225446e-07,False,0.00019263733441557404,True,2.5251565067261756,1.7061907442439406e-11,0.782,0.488,True,
MNAR,14,oracle,True,3.102626916151596e-08,False,0.007177805864562955,True,1.7894823029752998,2.446931546273845e-13,0.8066666666666666,0.524,True,
MNAR,14,MAR_ignorability,True,5.080269124315587e-08,False,0.0026116026103416485,True,1.4790220577048554,1.1324274851176597e-13,0.8066666666666666,0.524,True,
MNAR,14,selection_misspecified,True,1.938604438501483e-06,True,1.125430387103732e-06,False,2.6196142244746228,1.0866862965031032e-12,0.8066666666666666,0.524,True,"10,12"
MNAR,14,candidate_saturated,True,1.1856493648454165e-07,True,1.1859060210354082e-07,False,2.580111867457203,1.5982770662503754e-12,0.8066666666666666,0.524,True,16
MNAR,15,oracle,True,4.912002907499213e-08,False,0.007506991606739739,True,1.8180084291891072,3.643751966819764e-13,0.7999999999999999,0.52,True,
MNAR,15,MAR_ignorability,True,3.749562546286056e-08,False,0.0020576610846539684,True,1.469709606076411,6.401545959988653e-13,0.7999999999999999,0.52,True,
MNAR,15,selection_misspecified,True,2.615637204913585e-06,True,1.6595434330645116e-06,False,2.6128376163486666,2.608580018659268e-12,0.7999999999999999,0.52,True,"10,12"
MNAR,15,candidate_saturated,True,1.6784160501562066e-07,True,6.045987490555417e-08,False,2.5777530563579925,3.4071882204500525e-08,0.7999999999999999,0.52,True,"12,16"
MNAR,16,oracle,True,1.828083296467886e-08,False,0.005908063993958626,True,1.7852849752134257,7.767120280277595e-13,0.802,0.53,True,
MNAR,16,MAR_ignorability,True,2.150118344076124e-08,False,0.00018164698181502513,True,1.4444468589227686,2.702282841937631e-13,0.802,0.53,True,
MNAR,16,selection_misspecified,True,2.7390147180772106e-06,True,2.3516897380316804e-06,False,2.5616611930826356,3.47588624549644e-12,0.802,0.53,True,"10,12"
MNAR,16,candidate_saturated,True,7.063945845686703e-08,False,0.00020013253603207894,True,2.5220387687401127,1.034994312476556e-11,0.802,0.53,True,
MNAR,17,oracle,True,8.119072965939721e-09,False,0.010624895690814238,True,1.7467312145731604,1.241229341530925e-13,0.7946666666666666,0.506,True,
MNAR,17,MAR_ignorability,True,1.6512096927379095e-08,False,0.0043251907584047474,True,1.4242525142647309,4.75397499144492e-13,0.7946666666666666,0.506,True,
MNAR,17,selection_misspecified,True,1.690582983718338e-06,True,9.910717373428497e-07,False,2.567163551203869,4.756195437494171e-13,0.7946666666666666,0.506,True,"10,12"
MNAR,17,candidate_saturated,True,3.9341504102452516e-08,False,0.00014053361996734922,True,2.5281355716236846,2.6346036463564815e-11,0.7946666666666666,0.506,True,
MNAR,18,oracle,True,3.024151424639576e-08,False,0.005657472577711582,True,1.7938713006585565,3.4772185131259903e-13,0.7959999999999999,0.504,True,
MNAR,18,MAR_ignorability,True,6.549760078759792e-08,False,0.0018799115677535154,True,1.4339523493653992,8.764100556390986e-13,0.7959999999999999,0.504,True,
MNAR,18,selection_misspecified,True,1.3429472005230403e-06,True,1.0395093123053127e-06,False,2.587813720732009,2.041922186890588e-12,0.7959999999999999,0.504,True,"10,12"
MNAR,18,candidate_saturated,True,1.3224879104001274e-07,False,0.0008077453839722111,True,2.5520311948776624,1.212896449942491e-11,0.7959999999999999,0.504,True,
MNAR,19,oracle,True,5.48680122269829e-09,False,0.005622152769527021,True,1.828911198450955,5.022648963404208e-13,0.7946666666666666,0.526,True,
MNAR,19,MAR_ignorability,True,2.1316420794725842e-08,False,0.001219696139822625,True,1.4852391004904675,4.18332035678759e-13,0.7946666666666666,0.526,True,
MNAR,19,selection_misspecified,True,4.641731318537834e-06,True,2.421750695403974e-06,False,2.6186600110328295,7.132072710192006e-13,0.7946666666666666,0.526,True,"10,12"
MNAR,19,candidate_saturated,True,2.8281768829641825e-07,True,2.8331135119846087e-07,False,2.556586427597116,8.316458632862123e-12,0.7946666666666666,0.526,True,10
MNAR,20,oracle,True,1.4302766582374726e-08,False,0.005769996065670284,True,1.7716661948953283,3.044231533522179e-13,0.7966666666666667,0.516,True,
MNAR,20,MAR_ignorability,True,9.92088132694153e-09,False,0.0006424235279283453,True,1.4282621780816958,7.041034422172743e-13,0.7966666666666667,0.516,True,
MNAR,20,selection_misspecified,True,2.7227069992276446e-06,True,1.4338014011756848e-06,False,2.561275765093472,1.1666223542761145e-12,0.7966666666666667,0.516,True,"10,12"
MNAR,20,candidate_saturated,True,2.5168906331207737e-07,True,2.5205911106728703e-07,False,2.5393560962150157,1.8825829783963854e-11,0.7966666666666667,0.516,True,14
MNAR,21,oracle,True,3.38423743425631e-08,False,0.004365701748212998,True,1.7921329911630506,3.1907809727727e-13,0.8126666666666668,0.542,True,
MNAR,21,MAR_ignorability,True,2.16169503646536e-06,True,2.1624349342174182e-06,False,1.4863383525879508,1.1364242880063102e-12,0.8126666666666668,0.542,True,6
MNAR,21,selection_misspecified,True,2.941314637512724e-06,True,1.2663712094715758e-06,False,2.5840257328633,1.5734080704987718e-12,0.8126666666666668,0.542,True,"10,12"
MNAR,21,candidate_saturated,True,2.0408207556817485e-07,True,2.0434037816550239e-07,False,2.518305321610994,1.3455903058456897e-12,0.8126666666666668,0.542,True,11
MNAR,22,oracle,True,2.4857991840654402e-08,False,0.002937950523448811,True,1.7230380350540238,3.5760283623176292e-12,0.8113333333333334,0.544,True,
MNAR,22,MAR_ignorability,True,2.6338462920660888e-08,False,5.3261842257486924e-05,True,1.4278554141479907,2.6845192735436285e-13,0.8113333333333334,0.544,True,
MNAR,22,selection_misspecified,True,2.2296468132668286e-06,True,2.2161325812784093e-06,False,2.5201355404339583,2.9256597144922125e-12,0.8113333333333334,0.544,True,"10,12"
MNAR,22,candidate_saturated,True,8.378312622880913e-08,False,0.00039428789898762485,True,2.470423734680223,8.043787858014184e-12,0.8113333333333334,0.544,True,
MNAR,23,oracle,True,2.8278508853674112e-08,False,0.007109473492798325,True,1.816091786443385,1.4455103780619538e-13,0.8006666666666667,0.508,True,
MNAR,23,MAR_ignorability,True,9.147120641865364e-08,True,9.330094398755614e-08,False,1.4478222144901474,5.631051180898794e-13,0.8006666666666667,0.508,True,6
MNAR,23,selection_misspecified,True,2.602709024719978e-06,True,1.0123572115059708e-06,False,2.58070645094412,2.2790658249505213e-12,0.8006666666666667,0.508,True,"10,12"
MNAR,23,candidate_saturated,True,8.486809793506467e-08,False,0.00022102608740862147,True,2.540338555669557,1.0302869668521453e-11,0.8006666666666667,0.508,True,
MNAR,24,oracle,True,2.154268911108703e-08,False,0.0062700934398663526,True,1.7605553497751907,2.4868995751603507e-13,0.7773333333333333,0.472,True,
MNAR,24,MAR_ignorability,True,4.3736829250643427e-08,False,0.0007372377187264673,True,1.3939696283281555,7.631673071273326e-13,0.7773333333333333,0.472,True,
MNAR,24,selection_misspecified,True,2.731050521133028e-06,True,1.8313107545969621e-06,False,2.562781743946067,8.202327705930657e-13,0.7773333333333333,0.472,True,"10,12"
MNAR,24,candidate_saturated,True,8.333628404021125e-07,True,8.336340381484398e-07,False,2.54436639238593,4.460432023734029e-12,0.7773333333333333,0.472,True,14
MNAR,25,oracle,True,1.0594674745512123e-08,False,0.005968361899005943,True,1.7651092831656297,3.5793590313915047e-13,0.806,0.532,True,
MNAR,25,MAR_ignorability,True,2.7022717095982725e-08,False,0.0010751968969096397,True,1.4438255409633844,3.11972669919669e-13,0.806,0.532,True,
MNAR,25,selection_misspecified,True,3.6360565248249623e-06,True,2.4247098416625694e-06,False,2.5449264585820535,2.0814461265672435e-12,0.806,0.532,True,"10,12"
MNAR,25,candidate_saturated,True,6.122456164873967e-07,True,6.12245431110823e-07,False,2.5051838200300613,5.9685589803848416e-12,0.806,0.532,True,11
MNAR,26,oracle,True,1.741049556658325e-08,False,0.004430989493023068,True,1.8452592052823673,1.0693668173189508e-12,0.8093333333333333,0.524,True,
MNAR,26,MAR_ignorability,True,4.295374882894152e-08,False,3.663950080501426e-05,True,1.52486895239939,3.888889210656998e-12,0.8093333333333333,0.524,True,
MNAR,26,selection_misspecified,True,4.281046567677179e-06,True,2.3870818480329824e-06,False,2.634385662050028,4.04121180963557e-13,0.8093333333333333,0.524,True,"10,12"
MNAR,26,candidate_saturated,True,9.23125756387791e-07,True,9.233873217865278e-07,False,2.5721811634464284,7.669864743320431e-12,0.8093333333333333,0.524,True,14
MNAR,27,oracle,True,3.5715426404570037e-08,False,0.007215726811798513,True,1.819504580758856,5.470957020747846e-12,0.8093333333333333,0.532,True,
MNAR,27,MAR_ignorability,True,3.2794149818851255e-08,False,0.0012181209918320157,True,1.5151998562933136,1.7772450178199506e-12,0.8093333333333333,0.532,True,
MNAR,27,selection_misspecified,True,3.492856611721472e-06,True,2.6347539812750434e-06,False,2.61575984557919,3.185451902254499e-12,0.8093333333333333,0.532,True,"10,12"
MNAR,27,candidate_saturated,True,1.9776479073385643e-07,True,1.2216610192705944e-08,False,2.572900505382885,7.187139772213413e-12,0.8093333333333333,0.532,True,12
MNAR,28,oracle,True,8.751588013389267e-09,False,0.005996693767870093,True,1.7986587911701764,4.82280881897168e-13,0.8013333333333333,0.504,True,
MNAR,28,MAR_ignorability,True,2.857355970127308e-08,False,0.0004397627584210119,True,1.465638752570703,3.8324898810060404e-13,0.8013333333333333,0.504,True,
MNAR,28,selection_misspecified,True,2.1831789739382554e-06,True,1.0397355049191189e-06,False,2.5988927792821412,5.999645225074346e-13,0.8013333333333333,0.504,True,"10,12"
MNAR,28,candidate_saturated,True,7.333835682699074e-08,False,0.00013061513145224955,True,2.557001472097748,2.1889157153509586e-12,0.8013333333333333,0.504,True,
MNAR,29,oracle,True,3.339817353875674e-08,False,0.004859083636010401,True,1.7809522532784101,1.0480505352461478e-13,0.7946666666666666,0.5,True,
MNAR,29,MAR_ignorability,True,3.116361717533009e-08,False,0.00042985443346477923,True,1.4623687528085325,2.4218405059173165e-12,0.7946666666666666,0.5,True,
MNAR,29,selection_misspecified,True,2.4681739389155728e-06,True,1.829877050146222e-06,False,2.613494703978359,1.2145839889399213e-12,0.7946666666666666,0.5,True,"10,12"
MNAR,29,candidate_saturated,True,6.430775451615745e-08,False,0.00022798722052940355,True,2.570905222773453,8.768541448489486e-12,0.7946666666666666,0.5,True,
MNAR,30,oracle,True,3.1634727215790194e-08,False,0.00745693931301531,True,1.7974718397454286,1.9451107391432743e-13,0.7906666666666666,0.516,True,
MNAR,30,MAR_ignorability,True,2.3864687667574103e-08,False,0.003809876594841411,True,1.4238565974830175,4.991562718714704e-13,0.7906666666666666,0.516,True,
MNAR,30,selection_misspecified,True,2.574957389154898e-06,True,1.3380703095155544e-06,False,2.568531279514129,5.24469356832924e-13,0.7906666666666666,0.516,True,"10,12"
MNAR,30,candidate_saturated,True,6.523641875494463e-07,True,6.524105512953297e-07,False,2.549148420320199,5.189626506307832e-12,0.7906666666666666,0.516,True,16
MNAR,31,oracle,True,4.859650798605397e-09,False,0.007235213871620736,True,1.7489187354841067,1.425526363618701e-13,0.8066666666666666,0.546,True,
MNAR,31,MAR_ignorability,True,1.732674972160231e-08,False,0.001762756426309113,True,1.4286403418733218,8.36664071357518e-13,0.8066666666666666,0.546,True,
MNAR,31,selection_misspecified,True,3.1777490636960077e-06,True,3.136037714075328e-06,False,2.5148054411165415,1.545874539488068e-12,0.8066666666666666,0.546,True,"10,12"
MNAR,31,candidate_saturated,True,1.3048830196993322e-07,False,0.000963888135129152,True,2.4770719324184696,5.7203131120786566e-12,0.8066666666666666,0.546,True,
MNAR,32,oracle,True,2.1410657438436508e-08,False,0.0068662428358550074,True,1.7968079831998838,2.4513724383723456e-13,0.8079999999999999,0.544,True,
MNAR,32,MAR_ignorability,True,2.1020109167844228e-08,False,0.002643257660596252,True,1.469170468983203,1.2656542480726785e-13,0.8079999999999999,0.544,True,
MNAR,32,selection_misspecified,True,6.759422580585416e-06,True,5.297058230786866e-07,False,2.554916883273917,3.9745984281580604e-13,0.8079999999999999,0.544,True,"10,12"
MNAR,32,candidate_saturated,True,3.991178900664138e-08,False,7.747032445070812e-06,True,2.514762234729082,3.2449598563744075e-11,0.8079999999999999,0.544,True,
MNAR,33,oracle,True,7.069001814796749e-09,False,0.00756656920672569,True,1.8053013874154293,2.0294876890147862e-13,0.8079999999999999,0.548,True,
MNAR,33,MAR_ignorability,True,1.777533753005578e-08,False,0.0005010121014848835,True,1.4902007131457995,4.629630012686903e-13,0.8079999999999999,0.548,True,
MNAR,33,selection_misspecified,True,4.521133664990077e-06,True,2.3276054854060797e-06,False,2.5945927471062618,2.4780177909633494e-12,0.8079999999999999,0.548,True,"10,12"
MNAR,33,candidate_saturated,True,8.981491511428352e-08,False,0.00012919453999927607,True,2.5520181258194925,9.08206843064363e-12,0.8079999999999999,0.548,True,
MNAR,34,oracle,True,2.229983869850294e-08,False,0.005923184797264104,True,1.8003726636972355,1.4943601911454607e-13,0.8213333333333334,0.558,True,
MNAR,34,MAR_ignorability,True,6.471421024251134e-08,False,0.0013232614779062131,True,1.4863064419843686,3.743672039036028e-13,0.8213333333333334,0.558,True,
MNAR,34,selection_misspecified,True,3.679606561063658e-06,True,1.1999130414104168e-06,False,2.567558790098059,5.737632591262809e-13,0.8213333333333334,0.558,True,"10,12"
MNAR,34,candidate_saturated,True,6.219823669617596e-08,False,0.00035442408281590983,True,2.5291141147717564,1.936673044156123e-11,0.8213333333333334,0.558,True,
MNAR,35,oracle,True,2.6050178686953807e-08,False,0.00597668149277863,True,1.77556228003983,1.63202784619898e-13,0.8086666666666668,0.538,True,
MNAR,35,MAR_ignorability,True,3.421957089932981e-08,False,0.00014503223719536954,True,1.4564859445212084,6.969980148596733e-13,0.8086666666666668,0.538,True,
MNAR,35,selection_misspecified,True,2.9440408330582986e-06,True,1.0285401223908316e-06,False,2.567820604102163,3.1521452115157444e-12,0.8086666666666668,0.538,True,"10,12"
MNAR,35,candidate_saturated,True,8.339766387521764e-08,False,0.0007576888611730191,True,2.527209936770637,6.842970634579615e-12,0.8086666666666668,0.538,True,
MNAR,36,oracle,True,9.188981954566522e-09,False,0.009165351472978318,True,1.760171387904034,3.346212196220222e-13,0.8026666666666666,0.512,True,
MNAR,36,MAR_ignorability,True,8.325739315745895e-09,False,0.0014866528864985295,True,1.444555810672827,2.2137847111025621e-13,0.8026666666666666,0.512,True,
MNAR,36,selection_misspecified,True,1.4381056149762924e-06,True,1.1856917208352841e-06,False,2.5674004109113775,9.960920976936904e-13,0.8026666666666666,0.512,True,"10,12"
MNAR,36,candidate_saturated,True,6.05400575628412e-08,False,0.0024195423765713147,True,2.5344568874192848,3.907096868260851e-12,0.8026666666666666,0.512,True,
MNAR,37,oracle,True,1.4062091723054948e-08,False,0.00521314770109928,True,1.8217104448542532,3.852473895449293e-13,0.8053333333333333,0.524,True,
MNAR,37,MAR_ignorability,True,1.8876264813994898e-08,False,0.0012295206290610665,True,1.478892968581067,4.118927421359331e-13,0.8053333333333333,0.524,True,
MNAR,37,selection_misspecified,True,2.2246020491354075e-06,True,1.4062403149727654e-06,False,2.60615604555523,3.455014052633487e-13,0.8053333333333333,0.524,True,"10,12"
MNAR,37,candidate_saturated,True,2.117244792998705e-07,True,1.201529853706227e-07,False,2.5631524727958532,1.7172929744901921e-12,0.8053333333333333,0.524,True,"12,16"
MNAR,38,oracle,True,3.047072090262004e-08,False,0.001603158350968862,True,1.7625273189598751,2.3232527013306026e-12,0.7953333333333333,0.522,True,
MNAR,38,MAR_ignorability,True,9.416011294509409e-07,True,9.422904759380489e-07,False,1.4316487418412132,9.094947017729282e-13,0.7953333333333333,0.522,True,6
MNAR,38,selection_misspecified,True,4.347058393930333e-06,True,2.385193791398833e-06,False,2.54454183843398,2.1889157153509586e-12,0.7953333333333333,0.522,True,"10,12"
MNAR,38,candidate_saturated,True,7.448141454347023e-08,False,0.0001975109741552832,True,2.485584691643922,7.681411062776533e-12,0.7953333333333333,0.522,True,
MNAR,39,oracle,True,4.5549150571977395e-08,False,0.006376022488360684,True,1.821687104090773,8.570921750106208e-14,0.7993333333333333,0.522,True,
MNAR,39,MAR_ignorability,True,9.938367174241406e-08,True,1.0058792840286771e-07,False,1.4789680403551562,1.092237411626229e-12,0.7993333333333333,0.522,True,6
MNAR,39,selection_misspecified,True,3.2191548902741753e-06,True,2.892423541464002e-06,False,2.6132996519377207,1.105782132526656e-12,0.7993333333333333,0.522,True,"10,12"
MNAR,39,candidate_saturated,True,1.697662336805905e-07,False,0.0002351726161810128,True,2.541063520930713,8.057998712729386e-12,0.7993333333333333,0.522,True,
MNAR,40,oracle,True,2.7500976553684885e-08,False,0.0065679567280541125,True,1.808998535877455,2.822186928597148e-13,0.8180000000000001,0.554,True,
MNAR,40,MAR_ignorability,True,3.0669144006795806e-08,False,0.00025956515941891135,True,1.4896272200983232,4.780620344035924e-13,0.8180000000000001,0.554,True,
MNAR,40,selection_misspecified,True,4.142463728154753e-06,True,9.353739059724796e-07,False,2.5737652747162247,1.5027978861326119e-12,0.8180000000000001,0.554,True,"10,12"
MNAR,40,candidate_saturated,True,1.8000026429376704e-07,False,0.001193091986785324,True,2.5216047510562056,6.497469229316266e-12,0.8180000000000001,0.554,True,
MNAR,41,oracle,True,2.4169998201494653e-08,False,0.006892400134156308,True,1.789586117719702,6.292744103575387e-13,0.8013333333333333,0.526,True,
MNAR,41,MAR_ignorability,True,1.5776451834703665e-08,False,0.0019598365829563355,True,1.4405054811434734,3.9479530755670567e-13,0.8013333333333333,0.526,True,
MNAR,41,selection_misspecified,True,2.9502303588940394e-06,True,8.745860384591563e-07,False,2.5665436131929336,2.4065194281774893e-12,0.8013333333333333,0.526,True,"10,12"
MNAR,41,candidate_saturated,True,8.69863721340014e-08,False,0.0007827473229666041,True,2.526024252099711,3.0593305666570814e-12,0.8013333333333333,0.526,True,
MNAR,42,oracle,True,1.2468728222803093e-08,False,0.006018991074093009,True,1.7792084854299086,2.793321129956894e-13,0.786,0.51,True,
MNAR,42,MAR_ignorability,True,3.771628657611714e-08,False,0.0014456904678128016,True,1.4214645754110704,5.6754601018838e-13,0.786,0.51,True,
MNAR,42,selection_misspecified,True,3.4014289551961134e-06,True,2.894998578695826e-06,False,2.5596878928311786,1.0693668173189508e-12,0.786,0.51,True,"10,12"
MNAR,42,candidate_saturated,True,8.719669822276899e-08,False,0.0006024044361473246,True,2.5021123674616157,4.8121506779352785e-12,0.786,0.51,True,
MNAR,43,oracle,True,2.6203780727152014e-08,False,0.006223205478656829,True,1.8193454948723204,2.5157653738006047e-13,0.8126666666666668,0.558,True,
MNAR,43,MAR_ignorability,True,6.729025094512348e-07,True,6.733996695164896e-07,False,1.5115924644826708,8.026912468039882e-13,0.8126666666666668,0.558,True,6
MNAR,43,selection_misspecified,True,3.301971659323353e-06,True,1.0180114841135562e-06,False,2.6287506974102754,4.674038933671909e-12,0.8126666666666668,0.558,True,"10,12"
MNAR,43,candidate_saturated,True,6.746779460620189e-08,False,0.00018683475345823228,True,2.5688457927222133,2.587707825796315e-11,0.8126666666666668,0.558,True,
MNAR,44,oracle,True,4.76434018870037e-08,False,0.009442405433384355,True,1.741803182755432,4.762856775641922e-13,0.7933333333333333,0.52,True,
MNAR,44,MAR_ignorability,True,4.514839882149664e-08,False,0.002852569594844544,True,1.4237896380578468,6.021849685566849e-13,0.7933333333333333,0.52,True,
MNAR,44,selection_misspecified,True,2.0461378426806655e-06,True,1.6729156308564213e-06,False,2.5641167844333226,3.0597746558669314e-12,0.7933333333333333,0.52,True,"10,12"
MNAR,44,candidate_saturated,True,5.755913129235069e-08,False,1.264187025968355e-05,True,2.5276081044083636,6.851408329566766e-12,0.7933333333333333,0.52,True,
MNAR,45,oracle,True,4.374038892862586e-08,False,0.002985962796669417,True,1.7453828553191812,5.764277943853813e-13,0.794,0.514,True,
MNAR,45,MAR_ignorability,True,3.292513613557511e-06,True,3.293131868756738e-06,False,1.4101876891370784,9.063860773039778e-13,0.794,0.514,True,6
MNAR,45,selection_misspecified,True,2.377265144296124e-06,True,1.6397770182354555e-06,False,2.544932731851658,5.947686787521889e-12,0.794,0.514,True,"10,12"
MNAR,45,candidate_saturated,True,1.1244757141781747e-07,False,0.00014667152306287588,True,2.5003447205780094,1.3455014880037197e-11,0.794,0.514,True,
MNAR,46,oracle,True,2.417145875188709e-08,False,0.007557740662228024,True,1.7600947314491036,3.4017233474514796e-13,0.806,0.53,True,
MNAR,46,MAR_ignorability,True,1.9679873740519048e-08,False,0.0016115478729549853,True,1.4415660359150713,8.844036614163997e-13,0.806,0.53,True,
MNAR,46,selection_misspecified,True,3.3621667416736933e-06,True,2.8056424528252296e-06,False,2.547407329522804,1.1781686737322161e-12,0.806,0.53,True,"10,12"
MNAR,46,candidate_saturated,True,4.275366233841282e-08,False,0.0006334018221902424,True,2.479713231649664,1.3649081864741675e-11,0.806,0.53,True,
MNAR,47,oracle,True,9.011700192404666e-09,False,0.008419784957423824,True,1.7459188867044877,5.0246473648485335e-12,0.8026666666666666,0.52,True,
MNAR,47,MAR_ignorability,True,4.132469323536725e-08,False,0.0034283226992526156,True,1.4037583699618132,9.71667191151937e-13,0.8026666666666666,0.52,True,
MNAR,47,selection_misspecified,True,3.943139640184311e-06,True,7.413845609542746e-07,False,2.5070255838893716,1.5902834604730742e-12,0.8026666666666666,0.52,True,"10,12"
MNAR,47,candidate_saturated,True,8.885075244968732e-08,False,0.0006496125291196945,True,2.475456843046026,3.915090474038152e-12,0.8026666666666666,0.52,True,
MNAR,48,oracle,True,7.991143673830719e-08,False,0.005683386883613837,True,1.8242054798061609,3.3439917501709715e-13,0.7953333333333333,0.504,True,
MNAR,48,MAR_ignorability,True,1.920300906655061e-08,False,0.002277906877514065,True,1.4807116839786072,7.271960811294775e-13,0.7953333333333333,0.504,True,
MNAR,48,selection_misspecified,True,4.341515717622587e-06,True,3.4835439116941405e-06,False,2.596287458496312,5.257572155414891e-12,0.7953333333333333,0.504,True,"10,12"
MNAR,48,candidate_saturated,True,3.05656820341294e-07,True,7.901880100008519e-08,False,2.541043676921306,2.014832745089734e-12,0.7953333333333333,0.504,True,"12,16"
MNAR,49,oracle,True,1.0632630331297577e-08,False,0.006896799662460861,True,1.7936739843935083,2.7422508708241367e-13,0.7806666666666667,0.49,True,
MNAR,49,MAR_ignorability,True,5.6141361610906207e-08,True,2.733693232677238e-08,False,1.4542289077712918,7.553957459549565e-13,0.7806666666666667,0.49,True,6
MNAR,49,selection_misspecified,True,2.379935573740211e-06,True,1.699196183921813e-06,False,2.6310447806166706,3.733013897999626e-12,0.7806666666666667,0.49,True,"10,12"
MNAR,49,candidate_saturated,True,1.3626443614400685e-07,False,8.058467118674512e-06,True,2.587440340371588,1.2082335132390654e-11,0.7806666666666667,0.49,True,
MNAR,50,oracle,True,3.964178734497913e-08,False,0.003636324223688753,True,1.7350279306857779,3.5726976932437537e-13,0.794,0.514,True,
MNAR,50,MAR_ignorability,True,2.3649126939438936e-07,True,2.391020735116381e-07,False,1.4110584531161576,8.260059303211165e-13,0.794,0.514,True,6
MNAR,50,selection_misspecified,True,3.2729762835166447e-06,True,2.9393611007399016e-06,False,2.536057611040832,2.6618707238412753e-12,0.794,0.514,True,"10,12"
MNAR,50,candidate_saturated,True,6.831579494104289e-08,False,0.0004983252574901429,True,2.483956311861516,1.6413537196058314e-11,0.794,0.514,True,
MNAR,51,oracle,True,4.618013387551294e-08,False,0.007374894047409784,True,1.7793547987697271,2.76667577736589e-13,0.802,0.522,True,
MNAR,51,MAR_ignorability,True,2.082271249775891e-08,False,0.0025806506404021973,True,1.4394440268184994,1.509903313490213e-13,0.802,0.522,True,
MNAR,51,selection_misspecified,True,2.198857130551416e-06,True,1.826840608442257e-06,False,2.551076076160906,5.8477667153056245e-12,0.802,0.522,True,"10,12"
MNAR,51,candidate_saturated,True,8.239325890713189e-08,False,0.000773811834814375,True,2.5020925030742474,7.87681031511056e-12,0.802,0.522,True,
MNAR,52,oracle,True,1.0842761763996123e-08,False,0.0012496241176942107,True,1.7838205106768075,4.214406601477094e-13,0.7873333333333333,0.492,True,
MNAR,52,MAR_ignorability,True,2.401677766047938e-08,False,0.0011642942144168033,True,1.419493483354192,7.30526750203353e-13,0.7873333333333333,0.492,True,
MNAR,52,selection_misspecified,True,1.7290666592286377e-06,True,5.30631863474843e-08,False,2.593864816615475,1.56097357262297e-12,0.7873333333333333,0.492,True,"10,12"
MNAR,52,candidate_saturated,True,8.188769343656088e-08,False,0.0004911430205293538,True,2.568543068373814,4.2166270475263445e-12,0.7873333333333333,0.492,True,
MNAR,53,oracle,True,2.6407381108983774e-08,False,0.008132774413120351,True,1.7950097434165273,3.11972669919669e-13,0.798,0.518,True,
MNAR,53,MAR_ignorability,True,1.299761543496163e-06,True,1.3003120643622012e-06,False,1.4578339506647275,7.867040352493859e-13,0.798,0.518,True,6
MNAR,53,selection_misspecified,True,3.3051626464205052e-06,True,2.1623764820957684e-06,False,2.5902023662185236,4.587441537751147e-13,0.798,0.518,True,"10,12"
MNAR,53,candidate_saturated,True,9.456464533643171e-07,True,9.457514823269367e-07,False,2.540955655838361,3.568256801145253e-12,0.798,0.518,True,6
MNAR,54,oracle,True,5.798176502291863e-08,False,0.005681776352416747,True,1.7357371604449152,4.285460875053104e-13,0.778,0.478,True,
MNAR,54,MAR_ignorability,True,5.3133833254966116e-08,False,2.6796008895943175e-05,True,1.4041654223175246,4.5430326167661406e-13,0.778,0.478,True,
MNAR,54,selection_misspecified,True,3.3446738642955963e-06,True,2.421817161409289e-06,False,2.5547726092092358,4.560796185160143e-13,0.778,0.478,True,"10,12"
MNAR,54,candidate_saturated,True,1.1572591840811931e-07,True,1.1584057643228284e-07,False,2.494343236923686,3.941735826629156e-12,0.778,0.478,True,16
MNAR,55,oracle,True,3.378792634645134e-08,False,0.009143886856612294,True,1.7476905204906525,9.257039579324555e-13,0.798,0.514,True,
MNAR,55,MAR_ignorability,True,3.7511150109690236e-08,False,0.0013586555651823177,True,1.4262190513970936,7.411848912397545e-13,0.798,0.514,True,
MNAR,55,selection_misspecified,True,4.753842560061382e-06,True,3.908615861318724e-07,False,2.549196504449836,1.1235457009206584e-12,0.798,0.514,True,"10,12"
MNAR,55,candidate_saturated,True,6.702367887001515e-08,False,0.00016743681178912477,True,2.5146358944897975,7.788880651560248e-12,0.798,0.514,True,
MNAR,56,oracle,True,1.430209776892566e-08,False,0.0027000190906548657,True,1.7981692061042358,9.305889392408062e-13,0.81,0.546,True,
MNAR,56,MAR_ignorability,True,2.7546693097435027e-06,True,2.7547548624670872e-06,False,1.4606791414076223,1.0156320229270932e-12,0.81,0.546,True,6
MNAR,56,selection_misspecified,True,3.76965230214022e-06,True,1.950323353356443e-06,False,2.56915546667142,2.1400659022674517e-12,0.81,0.546,True,"10,12"
MNAR,56,candidate_saturated,True,6.143004870846399e-07,True,6.151868286661935e-07,False,2.4981155704870033,6.66489086142974e-12,0.81,0.546,True,6
MNAR,57,oracle,True,1.2194882015426068e-08,False,0.010295709605451961,True,1.7313706934296473,5.639932965095795e-14,0.8053333333333333,0.55,True,
MNAR,57,MAR_ignorability,True,1.246004631547186e-08,False,0.0017661151656068476,True,1.42174171515344,3.2462921240039577e-13,0.8053333333333333,0.55,True,
MNAR,57,selection_misspecified,True,2.505489688556072e-06,True,2.0101040757474055e-06,False,2.529112850392288,4.569677969357144e-13,0.8053333333333333,0.55,True,"10,12"
MNAR,57,candidate_saturated,True,4.60704758360464e-08,False,4.916993424689549e-05,True,2.5072728262112243,2.7915447731174936e-11,0.8053333333333333,0.55,True,
MNAR,58,oracle,True,5.298419416110978e-08,False,0.005602200466855128,True,1.8206040249674242,1.0518252935298733e-12,0.7933333333333333,0.502,True,
MNAR,58,MAR_ignorability,True,1.2243155777941216e-08,False,0.002791947943028775,True,1.4654596221380531,6.148415110374117e-13,0.7933333333333333,0.502,True,
MNAR,58,selection_misspecified,True,1.9933796417506e-06,True,1.0170461327534434e-06,False,2.6254512983251397,4.178879464689089e-13,0.7933333333333333,0.502,True,"10,12"
MNAR,58,candidate_saturated,True,7.402552394981189e-07,True,7.403056312000469e-07,False,2.597797732305981,6.1808336226931715e-12,0.7933333333333333,0.502,True,16
MNAR,59,oracle,True,4.2022103844269185e-08,False,0.0021154033837262774,True,1.8088152815660434,4.4564352208453784e-13,0.7993333333333333,0.528,True,
MNAR,59,MAR_ignorability,True,1.679545215649281e-08,False,0.0006322359924967308,True,1.474066082314606,5.262457136723242e-13,0.7993333333333333,0.528,True,
MNAR,59,selection_misspecified,True,2.9792976972804213e-06,True,2.2507430501430575e-06,False,2.610527580077215,4.553246668592692e-12,0.7993333333333333,0.528,True,"10,12"
MNAR,59,candidate_saturated,True,6.812032467173966e-07,True,6.81248247446539e-07,False,2.5705649484917106,2.405631249757789e-12,0.7993333333333333,0.528,True,12
MNAR,60,oracle,True,2.5829751643779987e-08,False,0.007419713206260986,True,1.7529352338689668,5.335731856348502e-13,0.7933333333333333,0.522,True,
MNAR,60,MAR_ignorability,True,1.1411841946862289e-08,False,0.0017840073392353074,True,1.4349508462139633,4.68292071786891e-13,0.7933333333333333,0.522,True,
MNAR,60,selection_misspecified,True,4.783952016393544e-06,True,2.710977414577731e-06,False,2.5350253903075863,2.729816372948335e-12,0.7933333333333333,0.522,True,"10,12"
MNAR,60,candidate_saturated,True,4.0333563845251775e-08,True,1.130933865602285e-08,False,2.481863118127396,2.4553692412609962e-12,0.7933333333333333,0.522,True,12
MNAR,61,oracle,True,9.728338865144793e-09,False,0.005010277918107139,True,1.7342480083131295,2.6918467455061545e-12,0.7999999999999999,0.508,True,
MNAR,61,MAR_ignorability,True,3.0519535350865305e-08,False,0.0024524015041505216,True,1.3813816320796815,6.619149672815183e-13,0.7999999999999999,0.508,True,
MNAR,61,selection_misspecified,True,2.0077280539034427e-06,True,4.877178436324766e-07,False,2.5109234341437747,2.2371917340890946e-07,0.7999999999999999,0.508,True,10
MNAR,61,candidate_saturated,True,6.619841602173437e-08,False,3.807741483064621e-05,True,2.4846435722861773,7.015277248001439e-12,0.7999999999999999,0.508,True,
MNAR,62,oracle,True,1.4172887874197571e-08,False,0.006966297419807521,True,1.7679701580851006,1.5631940186722204e-13,0.8106666666666666,0.558,True,
MNAR,62,MAR_ignorability,True,3.064997053211028e-08,False,0.0035286146595394597,True,1.471318874271341,1.4210854715202004e-12,0.8106666666666666,0.558,True,
MNAR,62,selection_misspecified,True,5.363168904829903e-06,True,2.225414621488561e-06,False,2.5431574723443617,1.6489032361732825e-12,0.8106666666666666,0.558,True,"10,12"
MNAR,62,candidate_saturated,True,6.335274545232749e-08,False,0.0002763731505241814,True,2.4735289284770765,8.22586443405271e-12,0.8106666666666666,0.558,True,
MNAR,63,oracle,True,1.8610704277333134e-08,False,0.00589513239356748,True,1.7225224304112576,1.3633538742396922e-13,0.786,0.5,True,
MNAR,63,MAR_ignorability,True,1.717219203895004e-08,False,0.0012659187676195014,True,1.3687941594084523,3.8324898810060404e-13,0.786,0.5,True,
MNAR,63,selection_misspecified,True,3.01728473362826e-06,True,2.724437810175245e-06,False,2.489424522790404,5.546674231027282e-13,0.786,0.5,True,"10,12"
MNAR,63,candidate_saturated,True,6.397523155499129e-08,False,0.0006824266125484952,True,2.4509317959665022,5.234035427292838e-12,0.786,0.5,True,
MNAR,64,oracle,True,2.2642627888203036e-08,False,0.00016316236923677376,True,1.8386837649028158,3.8680170177940454e-13,0.8026666666666666,0.536,True,
MNAR,64,MAR_ignorability,True,3.677702432501121e-08,False,0.0006602772820534482,True,1.4953327356456156,4.614086890342151e-13,0.8026666666666666,0.536,True,
MNAR,64,selection_misspecified,True,3.7911843942770816e-06,True,3.146766236878552e-06,False,2.61116901315965,5.231370892033738e-13,0.8026666666666666,0.536,True,"10,12"
MNAR,64,candidate_saturated,True,7.892578030066488e-08,False,2.542674798886022e-07,True,2.5572415492412155,4.913180973176168e-11,0.8026666666666666,0.536,True,
MNAR,65,oracle,True,2.2232107104280808e-08,False,0.007690402998117131,True,1.7538940772709704,3.923528169025303e-13,0.8006666666666667,0.538,True,
MNAR,65,MAR_ignorability,True,3.665147415343739e-08,False,0.0018373416892669943,True,1.4532743891953719,1.2632117574185031e-12,0.8006666666666667,0.538,True,
MNAR,65,selection_misspecified,True,6.30834708715054e-06,True,2.553012446490491e-06,False,2.544187003812772,2.135625010168951e-12,0.8006666666666667,0.538,True,"10,12"
MNAR,65,candidate_saturated,True,3.841254683174107e-07,True,3.84681786949845e-07,False,2.4818104009948696,3.626399371903233e-07,0.8006666666666667,0.538,True,14
MNAR,66,oracle,True,3.28567801551119e-08,False,0.006309330582879686,True,1.79685756384578,5.870859354217828e-13,0.7946666666666666,0.5,True,
MNAR,66,MAR_ignorability,True,3.6350735384327314e-08,False,0.0013369000440977788,True,1.4745763611432454,2.7675639557855902e-12,0.7946666666666666,0.5,True,
MNAR,66,selection_misspecified,True,3.05153432124094e-06,True,1.8563848496074468e-06,False,2.6184363368425196,8.886225089099753e-13,0.7946666666666666,0.5,True,"10,12"
MNAR,66,candidate_saturated,True,3.500292581766207e-07,True,3.3273609056003834e-07,False,2.5840595907998063,1.284172768123426e-11,0.7946666666666666,0.5,True,16
MNAR,67,oracle,True,2.0850883379885944e-08,False,0.008917911362702586,True,1.799268956357309,1.5365486660812167e-13,0.8013333333333333,0.522,True,
MNAR,67,MAR_ignorability,True,2.6714842676403686e-08,False,0.0025899078565540766,True,1.4747021138919407,2.893241202173158e-13,0.8013333333333333,0.522,True,
MNAR,67,selection_misspecified,True,3.138574417030231e-06,True,2.1559899322760443e-06,False,2.5961901336450963,1.3606893389805919e-12,0.8013333333333333,0.522,True,"10,12"
MNAR,67,candidate_saturated,True,1.3115516560622675e-07,True,8.219833749386066e-08,False,2.564015558620536,1.4011014570769476e-12,0.8013333333333333,0.522,True,"12,16"
MNAR,68,oracle,True,1.5742621253681324e-08,False,0.003998476011056474,True,1.7881866198892522,3.5571545708990016e-13,0.7873333333333333,0.492,True,
MNAR,68,MAR_ignorability,True,1.1581200941674177e-07,True,1.1709666041779632e-07,False,1.4420252012386279,3.517186542012496e-13,0.7873333333333333,0.492,True,6
MNAR,68,selection_misspecified,True,4.013689331832969e-06,True,1.3304186615396288e-06,False,2.5901723658434084,2.6290081223123707e-13,0.7873333333333333,0.492,True,"10,12"
MNAR,68,candidate_saturated,True,8.115646382317846e-07,True,8.122436049416912e-07,False,2.550699464573125,6.4432903457145585e-12,0.7873333333333333,0.492,True,14
MNAR,69,oracle,True,1.494592303341591e-08,False,0.008646909957415658,True,1.7985478626793392,3.668176873361517e-13,0.8079999999999999,0.534,True,
MNAR,69,MAR_ignorability,True,8.770910244177924e-08,False,0.0019300848585660495,True,1.4582006527308726,1.007194327939942e-12,0.8079999999999999,0.534,True,
MNAR,69,selection_misspecified,True,4.960552131482257e-06,True,1.8699407558331403e-06,False,2.537274439543691,6.261657858885883e-13,0.8079999999999999,0.534,True,"10,12"
MNAR,69,candidate_saturated,True,9.28665692820907e-08,False,0.0004326454573969392,True,2.4904579255697725,6.247447004170681e-12,0.8079999999999999,0.534,True,
MNAR,70,oracle,True,7.216475401788242e-08,False,0.006719919474290511,True,1.8532667188997294,1.758593271006248e-13,0.7986666666666666,0.52,True,
MNAR,70,MAR_ignorability,True,1.2333474748167527e-08,False,0.0015610191616515663,True,1.5155326261510114,3.3217872896784684e-13,0.7986666666666666,0.52,True,
MNAR,70,selection_misspecified,True,4.50481011857883e-06,True,2.5523864458292323e-06,False,2.6360005078935016,1.836752971939859e-12,0.7986666666666666,0.52,True,"10,12"
MNAR,70,candidate_saturated,True,5.747606515678777e-08,True,4.090283036680093e-09,False,2.5867924910557334,2.90656387846866e-12,0.7986666666666666,0.52,True,"14,16"
MNAR,71,oracle,True,2.183496991259304e-08,False,0.006188752672739626,True,1.7844586696940354,4.1167069753100805e-13,0.8026666666666666,0.536,True,
MNAR,71,MAR_ignorability,True,1.992462062235575e-08,False,0.0006239146794983352,True,1.4511588206763486,1.3071765891936593e-12,0.8026666666666666,0.536,True,
MNAR,71,selection_misspecified,True,3.48996700748459e-06,True,1.6402016332702006e-06,False,2.561241107708286,2.9474200857748656e-12,0.8026666666666666,0.536,True,"10,12"
MNAR,71,candidate_saturated,True,3.050450184655801e-08,False,0.00033813849088804336,True,2.5109122318221684,2.3090418466154006e-11,0.8026666666666666,0.536,True,
MNAR,72,oracle,True,1.1906308944986676e-08,False,0.005777454280875277,True,1.7960872956207288,7.240874566605271e-13,0.7966666666666667,0.52,True,
MNAR,72,MAR_ignorability,True,5.558581080467067e-08,False,0.00016136333700952872,True,1.4407588739823787,1.0413891970983968e-12,0.7966666666666667,0.52,True,
MNAR,72,selection_misspecified,True,2.126720268695902e-06,True,1.4980807596449022e-06,False,2.589663046765242,1.8403056856186595e-12,0.7966666666666667,0.52,True,"10,12"
MNAR,72,candidate_saturated,True,5.403742005063525e-07,True,2.1588553868295824e-07,False,2.526733184209529,4.951594689828198e-12,0.7966666666666667,0.52,True,"11,15"
MNAR,73,oracle,True,4.6161875048245094e-08,False,0.00147980923882364,True,1.80523282467227,2.97761815204467e-13,0.7926666666666667,0.516,True,
MNAR,73,MAR_ignorability,True,3.790503963263131e-06,True,3.790408546915158e-06,False,1.4492809536008449,1.6120438317557273e-12,0.7926666666666667,0.516,True,6
MNAR,73,selection_misspecified,True,3.68680154052931e-06,True,2.30488055276934e-06,False,2.5951873202655604,3.8409275759931916e-12,0.7926666666666667,0.516,True,"10,12"
MNAR,73,candidate_saturated,True,1.5923813037734707e-06,True,1.8841341423062166e-07,False,2.5432544153373136,3.1525893007255945e-12,0.7926666666666667,0.516,True,"6,14"
MNAR,74,oracle,True,4.845871889980202e-09,False,0.005804474556451486,True,1.7582344868175217,1.9451107391432743e-13,0.8006666666666667,0.52,True,
MNAR,74,MAR_ignorability,True,1.490210142663593e-08,False,0.00013098404041178425,True,1.4448253382064027,5.000444502911705e-13,0.8006666666666667,0.52,True,
MNAR,74,selection_misspecified,True,2.2834956049537074e-06,True,8.133682363615995e-07,False,2.5838611991485805,3.4727776210274897e-13,0.8006666666666667,0.52,True,"10,12"
MNAR,74,candidate_saturated,True,6.943739094600332e-08,False,2.773915954162342e-06,True,2.5241458349418107,7.394529433213393e-12,0.8006666666666667,0.52,True,
MNAR,75,oracle,True,2.2119098886497214e-08,False,0.004817862631900911,True,1.834311664569253,3.015365734881925e-13,0.7926666666666667,0.508,True,
MNAR,75,MAR_ignorability,True,3.003223203967842e-08,False,0.0012177120417544657,True,1.5069509054004222,6.110667527536862e-13,0.7926666666666667,0.508,True,
MNAR,75,selection_misspecified,True,4.054222815144659e-06,True,1.781617971776855e-06,False,2.658351024752964,5.24957854963759e-12,0.7926666666666667,0.508,True,"10,12"
MNAR,75,candidate_saturated,True,2.845769413622123e-07,True,2.8462429186621096e-07,False,2.59924082880887,1.687538997430238e-12,0.7926666666666667,0.508,True,16
MNAR,76,oracle,True,2.029496114408502e-08,False,0.0062770629010542355,True,1.8258853099391827,2.402522625288839e-13,0.798,0.532,True,
MNAR,76,MAR_ignorability,True,1.4216505540157985e-06,True,1.422347021111852e-06,False,1.460358910244192,9.416911694870578e-13,0.798,0.532,True,6
MNAR,76,selection_misspecified,True,3.177989380047172e-06,True,1.3806527011098255e-06,False,2.618510075603085,1.659117287999834e-12,0.798,0.532,True,"10,12"
MNAR,76,candidate_saturated,True,1.0725073373594613e-07,True,8.257069089959099e-09,False,2.574545529982361,3.462640618678847e-08,0.798,0.532,True,"12,16"
MNAR,77,oracle,True,2.059888976589132e-08,False,0.00894962415363864,True,1.8025522724976417,3.588240815588506e-13,0.79,0.492,True,
MNAR,77,MAR_ignorability,True,3.331545086515675e-08,False,0.0012132034515934358,True,1.448401662922471,6.095124405192109e-13,0.79,0.492,True,
MNAR,77,selection_misspecified,True,1.1961375204465084e-06,True,6.441810998033801e-07,False,2.619857494437053,3.1592506388733455e-12,0.79,0.492,True,"10,12"
MNAR,77,candidate_saturated,True,9.903575349490268e-08,False,0.0021776356819122634,True,2.5686953244438473,1.3637979634495423e-12,0.79,0.492,True,
MNAR,78,oracle,True,3.9694103616521455e-08,False,0.005003577489642377,True,1.7925340762169286,4.2366110619695974e-13,0.8093333333333333,0.556,True,
MNAR,78,MAR_ignorability,True,2.986522627161957e-08,False,0.00168250338854303,True,1.4676380585805038,4.791722574282176e-13,0.8093333333333333,0.556,True,
MNAR,78,selection_misspecified,True,4.0109186673305445e-06,True,1.9742351841310553e-06,False,2.560665316671721,2.6627589022609754e-12,0.8093333333333333,0.556,True,"10,12"
MNAR,78,candidate_saturated,True,6.677251762015528e-07,True,4.178510938043526e-08,False,2.5232144702509514,5.652807057998643e-07,0.8093333333333333,0.556,True,"15,16"
MNAR,79,oracle,True,3.051681111188032e-08,False,0.0038172637890316703,True,1.7709797239589553,4.882760862301438e-13,0.7733333333333333,0.476,True,
MNAR,79,MAR_ignorability,True,8.108574441205946e-07,True,8.114506409008336e-07,False,1.4052245810640451,2.7067237340361316e-13,0.7733333333333333,0.476,True,6
MNAR,79,selection_misspecified,True,2.1600123714032925e-06,True,7.905433897141092e-07,False,2.59664124143878,1.113331649094107e-12,0.7733333333333333,0.476,True,"10,12"
MNAR,79,candidate_saturated,True,1.6237847459876775e-07,False,0.0013067878645248714,True,2.545940546614879,5.1096904485348205e-12,0.7733333333333333,0.476,True,
MNAR,80,oracle,True,1.961188207516562e-08,False,0.008048442965914962,True,1.8033420089686338,1.9739765377835283e-13,0.7866666666666666,0.498,True,
MNAR,80,MAR_ignorability,True,3.054422758812078e-08,False,0.0032808481849846394,True,1.4405168578563412,3.8258285428582894e-13,0.7866666666666666,0.498,True,
MNAR,80,selection_misspecified,True,2.501705086870419e-06,True,1.5789521601747452e-06,False,2.585509238086243,1.893596390800667e-12,0.7866666666666666,0.498,True,"10,12"
MNAR,80,candidate_saturated,True,6.28174657677505e-08,True,4.861088989211467e-08,False,2.548283940418888,4.3653969328261155e-12,0.7866666666666666,0.498,True,16
MNAR,81,oracle,True,3.4955212765197527e-08,False,0.006775720756650084,True,1.8197039379707673,3.0597746558669314e-13,0.7986666666666666,0.506,True,
MNAR,81,MAR_ignorability,True,3.1494392891850966e-08,False,0.001474766951397766,True,1.466716118252498,5.087041898832467e-13,0.7986666666666666,0.506,True,
MNAR,81,selection_misspecified,True,2.939223704312699e-06,True,1.944819572275792e-06,False,2.5908752496499985,4.7202242114963155e-12,0.7986666666666666,0.506,True,"10,12"
MNAR,81,candidate_saturated,True,8.972953756369861e-08,False,0.0005738428516364496,True,2.5336806799187093,1.092548274073124e-11,0.7986666666666666,0.506,True,
MNAR,82,oracle,True,1.3068163319569435e-08,False,0.00709706490981181,True,1.844692053777844,4.04121180963557e-13,0.7933333333333333,0.504,True,
MNAR,82,MAR_ignorability,True,2.789756929387343e-08,False,0.00035005370151531173,True,1.4746890285258514,3.4727776210274897e-13,0.7933333333333333,0.504,True,
MNAR,82,selection_misspecified,True,2.0584524502659835e-06,True,1.6980485531883229e-06,False,2.6385281316557814,1.3864465131518955e-12,0.7933333333333333,0.504,True,"10,12"
MNAR,82,candidate_saturated,True,9.319282752073832e-08,False,0.0008059515892099624,True,2.5951761676498677,4.512390461286486e-12,0.7933333333333333,0.504,True,
MNAR,83,oracle,True,2.0372461763118465e-08,False,0.006806911879812425,True,1.7474666845042846,2.3225865675158275e-13,0.7886666666666667,0.498,True,
MNAR,83,MAR_ignorability,True,1.1248454337454697e-08,False,0.0015953729704101696,True,1.3956859034538083,3.808064974464287e-13,0.7886666666666667,0.498,True,
MNAR,83,selection_misspecified,True,2.3743785675048396e-06,True,1.3536295743909705e-06,False,2.5442239114051164,2.935429677108914e-13,0.7886666666666667,0.498,True,"10,12"
MNAR,83,candidate_saturated,True,8.4604939786459e-08,False,0.00018552537735211909,True,2.4968473614181,3.5792258046285497e-11,0.7886666666666667,0.498,True,
MNAR,84,oracle,True,2.1672252655672784e-08,False,0.007139558010487369,True,1.8475667854653548,2.3581137043038325e-13,0.8046666666666668,0.512,True,
MNAR,84,MAR_ignorability,True,9.750936368377478e-09,False,0.0006643556690425423,True,1.4964934577361482,7.605027718682322e-13,0.8046666666666668,0.512,True,
MNAR,84,selection_misspecified,True,2.283947630028827e-06,True,9.367520651939461e-07,False,2.637183280741296,2.8985702726913587e-12,0.8046666666666668,0.512,True,"10,12"
MNAR,84,candidate_saturated,True,1.2259652574542202e-07,True,1.1011389454637858e-07,False,2.6028314201913028,1.0393463867330865e-11,0.8046666666666668,0.512,True,12
MNAR,85,oracle,True,2.3958974384119537e-08,False,0.005555105760709915,True,1.781678367227118,2.7489122089718876e-13,0.8093333333333333,0.55,True,
MNAR,85,MAR_ignorability,True,3.888624789327722e-08,False,0.0016300909501773021,True,1.4813354719389167,3.5793590313915047e-13,0.8093333333333333,0.55,True,
MNAR,85,selection_misspecified,True,3.5799175771179925e-06,True,3.1858852986525107e-06,False,2.5708069759751697,9.965361869035405e-13,0.8093333333333333,0.55,True,"10,12"
MNAR,85,candidate_saturated,True,4.977106460738861e-07,True,4.976993453294142e-07,False,2.5148800060501455,5.075939668586216e-12,0.8093333333333333,0.55,True,16
MNAR,86,oracle,True,1.2346931762136082e-08,False,0.004961671625790054,True,1.7946968303802664,1.5303314171433158e-12,0.816,0.574,True,
MNAR,86,MAR_ignorability,True,3.979866309811866e-07,True,3.988603093650912e-07,False,1.514832319515981,4.594102875898898e-13,0.816,0.574,True,6
MNAR,86,selection_misspecified,True,5.319656114819653e-06,True,3.8952095729650754e-06,False,2.5801089554375913,1.5787371410169726e-12,0.816,0.574,True,"10,12"
MNAR,86,candidate_saturated,True,9.201071128216057e-07,True,2.3953406716069566e-07,False,2.520542948061007,3.091749078976136e-12,0.816,0.574,True,"10,14,16"
MNAR,87,oracle,True,3.236805419506994e-08,False,0.00781974254078201,True,1.7579414092185233,3.566036355096003e-13,0.7966666666666667,0.514,True,
MNAR,87,MAR_ignorability,True,2.164060681586477e-08,False,0.0033934508927686556,True,1.4211804251714675,2.1471713296250527e-13,0.7966666666666667,0.514,True,
MNAR,87,selection_misspecified,True,5.162349349129644e-06,True,2.273088535466464e-06,False,2.5177619980911112,1.2216894162975223e-12,0.7966666666666667,0.514,True,"10,12"
MNAR,87,candidate_saturated,True,2.393754768755807e-07,True,2.6503093202193176e-08,False,2.4801813919735243,2.37476704967321e-11,0.7966666666666667,0.514,True,12
MNAR,88,oracle,True,2.4991142975383516e-08,False,0.007131524995833811,True,1.7185294181536632,1.1168843627729075e-13,0.8053333333333333,0.536,True,
MNAR,88,MAR_ignorability,True,3.011822679008958e-08,False,0.0016357707549604762,True,1.422415117725612,1.6298074001497298e-13,0.8053333333333333,0.536,True,
MNAR,88,selection_misspecified,True,3.3014630018851914e-06,True,1.8628831655045816e-06,False,2.524355645230345,5.002664948960955e-12,0.8053333333333333,0.536,True,"10,12"
MNAR,88,candidate_saturated,True,2.098094494087377e-07,False,0.0012702739710782718,True,2.4878652243489707,4.451550239537028e-12,0.8053333333333333,0.536,True,
MNAR,89,oracle,True,2.6452134376131476e-08,False,0.007059850530570406,True,1.757478229239702,5.366818101038007e-13,0.798,0.504,True,
MNAR,89,MAR_ignorability,True,1.3662971948334943e-06,True,1.3676879758108364e-06,False,1.4448674999212425,5.526690216584029e-13,0.798,0.504,True,6
MNAR,89,selection_misspecified,True,5.62094666504028e-06,True,1.3899317471916892e-06,False,2.55569937457178,8.255618411112664e-13,0.798,0.504,True,"10,12"
MNAR,89,candidate_saturated,True,7.426843734226196e-08,False,0.0001701560794753391,True,2.487706665611637,2.2225776774575934e-11,0.798,0.504,True,
MNAR,90,oracle,True,2.2440381069133152e-08,False,0.008857211409997063,True,1.7806396242112623,6.328271240363392e-14,0.8066666666666666,0.542,True,
MNAR,90,MAR_ignorability,True,3.041380371357483e-08,False,0.0019431289491848793,True,1.487774133039965,6.266098750984384e-13,0.8066666666666666,0.542,True,
MNAR,90,selection_misspecified,True,3.8820929671008885e-06,True,3.147760691652187e-06,False,2.5871796483681186,9.956480084838404e-13,0.8066666666666666,0.542,True,"10,12"
MNAR,90,candidate_saturated,True,6.023244850439368e-08,True,5.13946647180956e-08,False,2.540494137588008,1.1361578344804002e-11,0.8066666666666666,0.542,True,15
MNAR,91,oracle,True,1.8267137249949882e-08,False,0.007091217115355856,True,1.7650173717941813,4.005684672847565e-13,0.7946666666666666,0.508,True,
MNAR,91,MAR_ignorability,True,3.260469963757799e-08,False,0.002167430825642746,True,1.4586751709495733,2.404743071338089e-13,0.7946666666666666,0.508,True,
MNAR,91,selection_misspecified,True,3.659339461584864e-06,True,2.7722769766043263e-06,False,2.578384587217373,1.1937117960769683e-12,0.7946666666666666,0.508,True,"10,12"
MNAR,91,candidate_saturated,True,3.0371412955116435e-07,True,3.0420988823194564e-07,False,2.5361661776780102,3.893774191965349e-12,0.7946666666666666,0.508,True,14
MNAR,92,oracle,True,1.6487302169077012e-08,False,0.006163170205807286,True,1.8057088090349471,1.5543122344752192e-13,0.802,0.528,True,
MNAR,92,MAR_ignorability,True,3.907145915515997e-08,False,0.0005933394541108918,True,1.4529739582192078,6.417089082333405e-13,0.802,0.528,True,
MNAR,92,selection_misspecified,True,2.09379874539995e-06,True,1.9004079118471512e-06,False,2.5772768691776973,9.032774528350274e-13,0.802,0.528,True,"10,12"
MNAR,92,candidate_saturated,True,6.543484301069214e-08,False,0.0010725375717119806,True,2.5060218697078915,4.349409721271513e-12,0.802,0.528,True,
MNAR,93,oracle,True,1.6763866422409012e-08,False,0.007840981996565707,True,1.7914833243778103,2.9820590441431705e-13,0.806,0.534,True,
MNAR,93,MAR_ignorability,True,1.6269365705612276e-08,False,0.0023810553037352075,True,1.4744481055543806,1.6964207816272392e-13,0.806,0.534,True,
MNAR,93,selection_misspecified,True,2.127223802643022e-06,True,1.5044271184515978e-06,False,2.604243807306316,4.569677969357144e-13,0.806,0.534,True,"10,12"
MNAR,93,candidate_saturated,True,1.0507623598066118e-07,False,9.389712224250426e-05,True,2.5842434907924856,3.851496899187623e-11,0.806,0.534,True,
MNAR,94,oracle,True,2.923307763436078e-08,False,0.006219932213861497,True,1.84213139093058,2.2803980925800715e-13,0.8113333333333334,0.552,True,
MNAR,94,MAR_ignorability,True,1.919952166484773e-08,False,0.0020693642070988157,True,1.53159939869664,7.853717676198357e-13,0.8113333333333334,0.552,True,
MNAR,94,selection_misspecified,True,4.017213009613748e-06,True,2.7632009730326625e-06,False,2.6362457156729153,5.977440764581843e-13,0.8113333333333334,0.552,True,"10,12"
MNAR,94,candidate_saturated,True,1.0772253114410546e-07,False,0.0010968998857386854,True,2.5745918701511963,7.671641100159832e-12,0.8113333333333334,0.552,True,
MNAR,95,oracle,True,1.3796030244776249e-08,False,0.005129189649527659,True,1.798185600758722,7.183142969324763e-13,0.8033333333333333,0.522,True,
MNAR,95,MAR_ignorability,True,3.568438811019092e-08,False,7.227310047210934e-05,True,1.4378633421978178,9.270362255620057e-13,0.8033333333333333,0.522,True,
MNAR,95,selection_misspecified,True,2.497568478253807e-06,True,1.941396264716799e-06,False,2.577907446927952,2.5512925105886097e-12,0.8033333333333333,0.522,True,"10,12"
MNAR,95,candidate_saturated,True,7.211906053683493e-08,False,0.0005409546209729388,True,2.5393757818366045,6.801226248853709e-12,0.8033333333333333,0.522,True,
MNAR,96,oracle,True,1.475228475361634e-08,False,0.007618756343987014,True,1.822380610990165,9.969802761133906e-14,0.802,0.534,True,
MNAR,96,MAR_ignorability,True,2.6648899948096204e-08,False,0.001112879745522494,True,1.4764897008472149,1.1712852909795402e-12,0.802,0.534,True,
MNAR,96,selection_misspecified,True,4.76238804405239e-06,True,3.8968877970352175e-06,False,2.574619888862902,1.119992987241858e-12,0.802,0.534,True,"10,12"
MNAR,96,candidate_saturated,True,7.598292580894172e-07,True,7.602048850800071e-07,False,2.5035598797718923,2.5566215811068105e-12,0.802,0.534,True,14
MNAR,97,oracle,True,6.723900980054598e-08,False,0.006998298384563882,True,1.82746103716689,1.532107773982716e-13,0.7959999999999999,0.52,True,
MNAR,97,MAR_ignorability,True,6.458643388613498e-07,True,6.464415870655815e-07,False,1.470447615656367,3.554934124849751e-13,0.7959999999999999,0.52,True,6
MNAR,97,selection_misspecified,True,2.365543666469426e-06,True,2.104522585090906e-06,False,2.6255781175180544,8.615330671091215e-13,0.7959999999999999,0.52,True,"10,12"
MNAR,97,candidate_saturated,True,4.270609874623688e-08,False,0.00015334709694565714,True,2.5681664449888277,1.618172262851658e-11,0.7959999999999999,0.52,True,
MNAR,98,oracle,True,3.997094940259155e-09,False,0.006927937127143812,True,1.771638694807917,1.5698553568199713e-13,0.8046666666666668,0.528,True,
MNAR,98,MAR_ignorability,True,1.3473215939974193e-08,False,0.0005128862113874112,True,1.422504308018466,1.020739048840369e-12,0.8046666666666668,0.528,True,
MNAR,98,selection_misspecified,True,2.4229374785150637e-06,True,1.6229308780458155e-06,False,2.5240673574712704,1.6018297799291759e-12,0.8046666666666668,0.528,True,"10,12"
MNAR,98,candidate_saturated,True,1.0683534664224226e-07,False,0.0007677701061624307,True,2.483939949116099,3.916866830877552e-12,0.8046666666666668,0.528,True,
MNAR,99,oracle,True,1.6981911486579904e-08,False,0.007719713461871284,True,1.772349853891216,4.496403249731884e-13,0.8193333333333334,0.568,True,
MNAR,99,MAR_ignorability,True,3.006364196708744e-08,False,0.0011523925238096882,True,1.4798145018614153,8.471001677889944e-13,0.8193333333333334,0.568,True,
MNAR,99,selection_misspecified,True,3.744921902255754e-06,True,2.2502939990632444e-06,False,2.553638929422491,1.7070789226636407e-12,0.8193333333333334,0.568,True,"10,12"
MNAR,99,candidate_saturated,True,7.389534498969397e-08,False,0.0012763892174675728,True,2.504492206264101,5.595968133320639e-12,0.8193333333333334,0.568,True,
