mechanism,rep,method,success,gradient_max,boundary,hessian_min,valid_se,nll,start_nll_range,item_rate,complete_rate,stationary,boundary_parameters
MCAR,0,oracle,True,1.9541806833334173e-08,False,0.007509986932029951,True,1.8060421790934948,2.8399504969911504e-13,0.8066666666666666,0.494,True,
MCAR,0,MAR_ignorability,True,1.8424605761291347e-08,False,0.004181603460004703,True,1.4814369295577468,3.9546144137148076e-13,0.8066666666666666,0.494,True,
MCAR,0,selection_misspecified,True,5.5853470741773495e-08,False,0.004226123507119151,True,2.684692088142937,3.0513369608797802e-12,0.8066666666666666,0.494,True,
MCAR,0,candidate_saturated,True,1.9242256023010997e-08,False,0.0011468642570944792,True,2.681796337128401,1.1572964808692632e-12,0.8066666666666666,0.494,True,
MCAR,1,oracle,True,6.699815273819576e-09,False,0.00435369768351407,True,1.7898377754799542,6.217248937900877e-14,0.8126666666666668,0.513,True,
MCAR,1,MAR_ignorability,True,2.3789611693914026e-08,False,0.002767319868246218,True,1.4596982618211358,1.8429702208777599e-13,0.8126666666666668,0.513,True,
MCAR,1,selection_misspecified,True,4.7204474350692746e-08,False,0.0027363687599469815,True,2.646283921977815,2.759570350008289e-12,0.8126666666666668,0.513,True,
MCAR,1,candidate_saturated,True,4.990951132932686e-08,False,0.0011055537659869833,True,2.645375877220862,5.666134228476949e-12,0.8126666666666668,0.513,True,
MCAR,2,oracle,True,2.17262588585454e-08,False,0.009415239929701594,True,1.7730132321295704,1.1641798636219391e-12,0.7903333333333333,0.473,True,
MCAR,2,MAR_ignorability,True,2.449518807220996e-08,False,0.0061085783729324114,True,1.408323488783175,4.993783164763954e-13,0.7903333333333333,0.473,True,
MCAR,2,selection_misspecified,True,6.894708689263173e-08,False,0.0060180680330534295,True,2.653034074381832,8.206768598029157e-13,0.7903333333333333,0.473,True,
MCAR,2,candidate_saturated,True,5.33779446989513e-08,False,0.002188729305851242,True,2.65050814670163,9.418243962500128e-12,0.7903333333333333,0.473,True,
MCAR,3,oracle,True,2.6098890248960062e-08,False,0.007066781246453573,True,1.8167586543629828,3.3506530883187224e-13,0.8016666666666666,0.488,True,
MCAR,3,MAR_ignorability,True,2.970862359299997e-08,False,0.004267972374222292,True,1.4610638006331855,2.262634524186069e-13,0.8016666666666666,0.488,True,
MCAR,3,selection_misspecified,True,2.4308359416247426e-08,False,0.004248773846479174,True,2.6740983724018017,1.0293987884324451e-12,0.8016666666666666,0.488,True,
MCAR,3,candidate_saturated,True,7.472952803411203e-08,False,0.0015780172352938672,True,2.672127072189894,3.773870105305832e-12,0.8016666666666666,0.488,True,
MCAR,4,oracle,True,3.633554644988379e-08,False,0.00936903607527594,True,1.7679735205818201,2.7111646261346323e-13,0.8006666666666667,0.504,True,
MCAR,4,MAR_ignorability,True,2.8435140967703055e-08,False,0.00602597910543032,True,1.424762861564547,6.441513988875158e-13,0.8006666666666667,0.504,True,
MCAR,4,selection_misspecified,True,2.705163827006327e-08,False,0.006013514896526225,True,2.6447115422922307,1.1319833959078096e-12,0.8006666666666667,0.504,True,
MCAR,4,candidate_saturated,True,4.663617956879307e-08,False,0.0014346823490906523,True,2.6419965639266545,1.502797886132612e-11,0.8006666666666667,0.504,True,
MCAR,5,oracle,True,2.7487893831168454e-08,False,0.006820459311354358,True,1.803860316757648,2.1382895454280515e-13,0.794,0.47,True,
MCAR,5,MAR_ignorability,True,3.769219601306948e-09,False,0.004836095983266197,True,1.4303328196537954,2.942091015256665e-13,0.794,0.47,True,
MCAR,5,selection_misspecified,True,1.2785411675930724e-08,False,0.004759455393314215,True,2.6646107361016984,3.326228181776969e-12,0.794,0.47,True,
MCAR,5,candidate_saturated,True,3.068739166067758e-08,False,0.000789686860651869,True,2.663733842092505,2.9376501231581642e-12,0.794,0.47,True,
MCAR,6,oracle,True,4.188614021369275e-08,False,0.007554599171721899,True,1.7781256563720953,3.361755318564974e-13,0.8036666666666666,0.492,True,
MCAR,6,MAR_ignorability,True,1.7853620596846593e-08,False,0.0057315191001091744,True,1.4159911748802811,2.8044233602031454e-13,0.8036666666666666,0.492,True,
MCAR,6,selection_misspecified,True,7.321299187501573e-08,False,0.005763659382077104,True,2.6271014992293127,7.44737604918555e-13,0.8036666666666666,0.492,True,
MCAR,6,candidate_saturated,True,6.46202388949746e-08,False,0.0010646140220932215,True,2.626228902738084,3.8049563499953365e-12,0.8036666666666666,0.492,True,
MCAR,7,oracle,True,2.3741002639623845e-08,False,0.007536712552908182,True,1.7521763634993133,2.496891582381977e-12,0.8006666666666667,0.494,True,
MCAR,7,MAR_ignorability,True,2.821031303401611e-08,False,0.005404045073935436,True,1.4146260479763295,5.88640247656258e-13,0.8006666666666667,0.494,True,
MCAR,7,selection_misspecified,True,1.248666161040579e-07,False,0.005328556571334324,True,2.6337738652027136,4.1877612488860905e-13,0.8006666666666667,0.494,True,
MCAR,7,candidate_saturated,True,1.0519050011303932e-07,False,0.0019227354978953802,True,2.632284758724681,3.841815754412892e-12,0.8006666666666667,0.494,True,
MCAR,8,oracle,True,1.3736755616278184e-08,False,0.006074698991879305,True,1.819737982123505,3.710587392902198e-12,0.798,0.48,True,
MCAR,8,MAR_ignorability,True,3.6185645280425093e-08,False,0.003552962306967888,True,1.435148801703837,7.37854222165879e-13,0.798,0.48,True,
MCAR,8,selection_misspecified,True,7.84301012377005e-08,False,0.00372824561600157,True,2.658742615194114,3.12105896682624e-12,0.798,0.48,True,
MCAR,8,candidate_saturated,True,9.530438092042459e-08,False,0.001136640121027976,True,2.656922360541951,2.644551244657123e-12,0.798,0.48,True,
MCAR,9,oracle,True,3.235839341320448e-08,False,0.005275577624732691,True,1.8301740985478805,3.930189507173054e-13,0.8013333333333333,0.502,True,
MCAR,9,MAR_ignorability,True,3.02708403883134e-08,False,0.0037452064190533598,True,1.4710636393045255,3.7325698087897763e-13,0.8013333333333333,0.502,True,
MCAR,9,selection_misspecified,True,4.1480621849165896e-08,False,0.003804187302315632,True,2.6875392712817376,4.6909143236462114e-12,0.8013333333333333,0.502,True,
MCAR,9,candidate_saturated,True,2.7849157365977817e-08,False,0.0013606448601643545,True,2.6859217246763256,1.0685230478202357e-11,0.8013333333333333,0.502,True,
MCAR,10,oracle,True,4.2237346990881e-08,False,0.008596689734612252,True,1.801266864193222,1.3211653993039363e-13,0.8170000000000001,0.535,True,
MCAR,10,MAR_ignorability,True,5.3074894580743434e-08,False,0.006273215792021588,True,1.4660542039931923,9.736655925962623e-13,0.8170000000000001,0.535,True,
MCAR,10,selection_misspecified,True,7.194610683636249e-08,False,0.006129185697313663,True,2.639259576936196,8.464340339742193e-13,0.8170000000000001,0.535,True,
MCAR,10,candidate_saturated,True,6.059536921670938e-08,False,0.0011577821653365055,True,2.6365965153256483,6.59650112311283e-12,0.8170000000000001,0.535,True,
MCAR,11,oracle,True,2.181884197245145e-08,False,0.008553641633367212,True,1.7554624273980104,3.483879851273741e-13,0.8043333333333332,0.503,True,
MCAR,11,MAR_ignorability,True,1.8666307032788598e-08,False,0.005977396017199144,True,1.422425951415415,1.2652101588628284e-12,0.8043333333333332,0.503,True,
MCAR,11,selection_misspecified,True,4.8546536216498295e-08,False,0.005842173664134896,True,2.632551595168651,6.270539643082884e-13,0.8043333333333332,0.503,True,
MCAR,11,candidate_saturated,True,9.941978592609147e-08,False,0.0007156657176312907,True,2.629774669506892,3.4661162828797387e-12,0.8043333333333332,0.503,True,
MCAR,12,oracle,True,1.3377074590259497e-08,False,0.006288094746172832,True,1.7742181329396016,2.9332092310596636e-13,0.7903333333333333,0.466,True,
MCAR,12,MAR_ignorability,True,2.990790492554685e-08,False,0.0055455365417703935,True,1.400542833350472,4.838351941316432e-13,0.7903333333333333,0.466,True,
MCAR,12,selection_misspecified,True,2.7214171343329512e-08,False,0.005591223736170553,True,2.643769589935598,1.1883827255587676e-12,0.7903333333333333,0.466,True,
MCAR,12,candidate_saturated,True,7.745618577814639e-08,False,0.0013445921166955945,True,2.642021471762343,1.3212986260668913e-11,0.7903333333333333,0.466,True,
MCAR,13,oracle,True,5.297459655325635e-08,False,0.007449390217959397,True,1.8004939893447385,1.6764367671839864e-13,0.8006666666666667,0.491,True,
MCAR,13,MAR_ignorability,True,3.1925603696164594e-08,False,0.005276957638880863,True,1.4511389336163412,1.758593271006248e-13,0.8006666666666667,0.491,True,
MCAR,13,selection_misspecified,True,4.944849289947178e-08,False,0.00506334145266689,True,2.6677451058604364,2.404298982128239e-12,0.8006666666666667,0.491,True,
MCAR,13,candidate_saturated,True,5.5487680416632654e-08,False,0.0010005982097922423,True,2.665918914435682,2.929656517380863e-12,0.8006666666666667,0.491,True,
MCAR,14,oracle,True,2.9782186578231063e-08,False,0.006929278180358371,True,1.8395632810397955,3.368416656712725e-13,0.7876666666666666,0.464,True,
MCAR,14,MAR_ignorability,True,1.9547707273304127e-08,False,0.004864128335141928,True,1.4576518086805852,2.0472512574087887e-13,0.7876666666666666,0.464,True,
MCAR,14,selection_misspecified,True,4.159798023847805e-08,False,0.004855123333861063,True,2.7086815961755155,3.2143177008947532e-12,0.7876666666666666,0.464,True,
MCAR,14,candidate_saturated,True,2.2191777699687165e-08,False,0.002770557617916181,True,2.7079883195102137,2.915889751875511e-12,0.7876666666666666,0.464,True,
MCAR,15,oracle,True,2.3950681905956845e-08,False,0.007378929669076148,True,1.7494744786870402,1.1595169269185135e-12,0.8023333333333333,0.479,True,
MCAR,15,MAR_ignorability,True,1.4592234487686984e-08,False,0.00539000809347616,True,1.411886361308398,3.0464519795714295e-13,0.8023333333333333,0.479,True,
MCAR,15,selection_misspecified,True,8.58639939685657e-08,False,0.00542146192452162,True,2.6262743484920437,5.493383525845275e-13,0.8023333333333333,0.479,True,
MCAR,15,candidate_saturated,True,8.050151684457774e-08,False,0.001406881826587507,True,2.6259746796465353,1.3355982986240633e-11,0.8023333333333333,0.479,True,
MCAR,16,oracle,True,2.341474951631471e-08,False,0.006777307751924768,True,1.7981966241626532,8.235634396669411e-13,0.7986666666666666,0.483,True,
MCAR,16,MAR_ignorability,True,9.123362563590032e-09,False,0.005065966572805652,True,1.4472781576356175,2.4913404672588513e-13,0.7986666666666666,0.483,True,
MCAR,16,selection_misspecified,True,4.125430516615527e-08,False,0.0049962860391300195,True,2.6712981454478677,4.510170015237236e-12,0.7986666666666666,0.483,True,
MCAR,16,candidate_saturated,True,2.2598299883808125e-07,False,0.00106211004637997,True,2.6707595984594223,4.0669689838068734e-12,0.7986666666666666,0.483,True,
MCAR,17,oracle,True,1.575593924407759e-08,False,0.007144273268833873,True,1.8411061125869148,1.5654144647214707e-13,0.7936666666666666,0.482,True,
MCAR,17,MAR_ignorability,True,2.257733018029562e-08,False,0.004180197615303779,True,1.4857811365198819,1.715738662255717e-12,0.7936666666666666,0.482,True,
MCAR,17,selection_misspecified,True,8.99142095394101e-08,False,0.00423873270069479,True,2.7216558733015215,2.0121682098306337e-12,0.7936666666666666,0.482,True,
MCAR,17,candidate_saturated,True,1.5303394519783352e-07,True,3.785637644661648e-08,False,2.719454465224229,8.909761817221806e-12,0.7936666666666666,0.482,True,12
MCAR,18,oracle,True,6.167613215257717e-09,False,0.004901134971102275,True,1.8396011433003638,2.3669954885008337e-13,0.7963333333333332,0.476,True,
MCAR,18,MAR_ignorability,True,2.317663754133892e-08,False,0.0033420042272447343,True,1.4608061214758012,9.046097204645775e-13,0.7963333333333332,0.476,True,
MCAR,18,selection_misspecified,True,7.117214449450792e-08,False,0.0033045067558430392,True,2.6897889211266137,1.1670664434859646e-12,0.7963333333333332,0.476,True,
MCAR,18,candidate_saturated,True,1.2795543758387096e-07,False,0.0014548237025998503,True,2.687212479017441,3.3879565819461277e-12,0.7963333333333332,0.476,True,
MCAR,19,oracle,True,3.064971255645199e-08,False,0.008011706749860558,True,1.7788167474780265,2.531308496145357e-13,0.7996666666666666,0.505,True,
MCAR,19,MAR_ignorability,True,1.5248500074838133e-08,False,0.005684656593796601,True,1.421066307950139,4.785061236134425e-13,0.7996666666666666,0.505,True,
MCAR,19,selection_misspecified,True,6.676478883904658e-08,False,0.005682092960630876,True,2.6431495462896697,4.3565151486291143e-13,0.7996666666666666,0.505,True,
MCAR,19,candidate_saturated,True,8.664321745577297e-08,False,0.0010334687624604672,True,2.6406438139422628,4.319655744211559e-12,0.7996666666666666,0.505,True,
MCAR,20,oracle,True,1.7281601299882348e-08,False,0.00863776571300969,True,1.810559617977467,3.26183524634871e-13,0.8013333333333333,0.49,True,
MCAR,20,MAR_ignorability,True,2.4787996379245005e-08,False,0.005935757821220951,True,1.4566995011612607,5.802025526691068e-13,0.8013333333333333,0.49,True,
MCAR,20,selection_misspecified,True,6.587280449673705e-08,False,0.0058763330052522544,True,2.673638712191556,5.043077067057311e-12,0.8013333333333333,0.49,True,
MCAR,20,candidate_saturated,True,7.403275213990757e-08,False,0.0012680725455726598,True,2.6713522929733466,5.687894599759602e-12,0.8013333333333333,0.49,True,
MCAR,21,oracle,True,2.577460823011135e-08,False,0.006834887872814835,True,1.8153750982309484,2.62456723021387e-13,0.8003333333333332,0.5,True,
MCAR,21,MAR_ignorability,True,2.1761495688623785e-08,False,0.004348725935773834,True,1.466815391322884,3.097522238704187e-13,0.8003333333333332,0.5,True,
MCAR,21,selection_misspecified,True,6.7654287370818e-08,False,0.004298113500487104,True,2.685605398859672,6.048495038157853e-12,0.8003333333333332,0.5,True,
MCAR,21,candidate_saturated,True,4.3729464819008964e-08,False,0.0018818336262798959,True,2.6825630428258225,3.9031000653722e-12,0.8003333333333332,0.5,True,
MCAR,22,oracle,True,2.560886290028713e-08,False,0.007320969905472739,True,1.7996158925659411,6.326050794314142e-13,0.8066666666666666,0.516,True,
MCAR,22,MAR_ignorability,True,1.9103085478977544e-08,False,0.004175270098142335,True,1.4758411969634313,2.2448709557920665e-13,0.8066666666666666,0.516,True,
MCAR,22,selection_misspecified,True,6.041812278811953e-08,False,0.004216555570938548,True,2.6784111943384366,2.9305446958005632e-12,0.8066666666666666,0.516,True,
MCAR,22,candidate_saturated,True,6.694111802474367e-08,False,0.0008313274203608276,True,2.6765528070414217,4.285904964262954e-12,0.8066666666666666,0.516,True,
MCAR,23,oracle,True,1.5901492384839956e-08,False,0.004088522688783677,True,1.8506989071707003,2.560174294785611e-13,0.7966666666666667,0.485,True,
MCAR,23,MAR_ignorability,True,7.241722556669997e-09,False,0.002892772830009001,True,1.491042245937363,1.1501910535116622e-13,0.7966666666666667,0.485,True,
MCAR,23,selection_misspecified,True,6.75421418174422e-08,False,0.0028732865687511808,True,2.7201763055951487,3.063327369545732e-12,0.7966666666666667,0.485,True,
MCAR,23,candidate_saturated,True,5.6853674036405624e-08,False,0.0013213869329651842,True,2.7185570715116136,6.643130490147087e-12,0.7966666666666667,0.485,True,
MCAR,24,oracle,True,2.91342957654539e-08,False,0.007320754447139646,True,1.8205771338854633,1.7896795156957523e-13,0.8086666666666668,0.507,True,
MCAR,24,MAR_ignorability,True,1.3289134495886312e-08,False,0.005293325239688576,True,1.4677600939794944,4.480860127387132e-13,0.8086666666666668,0.507,True,
MCAR,24,selection_misspecified,True,5.019611963566484e-08,False,0.005362960347042778,True,2.6651161701804247,9.525713551283843e-13,0.8086666666666668,0.507,True,
MCAR,24,candidate_saturated,True,7.352508981384176e-08,False,0.002162312009464982,True,2.6637327582988894,2.930100606590713e-12,0.8086666666666668,0.507,True,
MCAR,25,oracle,True,2.7726235829623676e-08,False,0.005906678330485124,True,1.803694746894687,1.2367884494324244e-13,0.8056666666666666,0.498,True,
MCAR,25,MAR_ignorability,True,2.5662473856147585e-08,False,0.004412147548957793,True,1.4676751425717387,3.9124259387790516e-13,0.8056666666666666,0.498,True,
MCAR,25,selection_misspecified,True,9.402491567728211e-08,False,0.004309195089030606,True,2.672952477488481,1.6795453916529368e-12,0.8056666666666666,0.498,True,
MCAR,25,candidate_saturated,True,2.3811059009548608e-07,False,0.0006270656409100474,True,2.671975448553528,5.9889870840379444e-12,0.8056666666666666,0.498,True,
MCAR,26,oracle,True,1.03125571265213e-08,False,0.008279660966824018,True,1.7880523344981327,1.34781075189494e-13,0.7836666666666666,0.461,True,
MCAR,26,MAR_ignorability,True,1.2476838930526194e-08,False,0.0055364732624053285,True,1.3966642989945024,1.5054624213917123e-13,0.7836666666666666,0.461,True,
MCAR,26,selection_misspecified,True,4.9834336933903206e-08,False,0.0055179109165141,True,2.6561017632420807,6.785683126508957e-13,0.7836666666666666,0.461,True,
MCAR,26,candidate_saturated,True,8.428365473189815e-08,True,1.580234008666313e-08,False,2.6536500858150567,2.425171174991192e-12,0.7836666666666666,0.461,True,16
MCAR,27,oracle,True,3.85690030811469e-08,False,0.004091388944929996,True,1.7910804071278281,5.755396159656812e-13,0.802,0.5,True,
MCAR,27,MAR_ignorability,True,1.2888053971204725e-08,False,0.004513039865469887,True,1.4250380504036468,1.361133428190442e-13,0.802,0.5,True,
MCAR,27,selection_misspecified,True,3.894746473065425e-08,False,0.004535346620859135,True,2.6393898799370947,1.2101430968414206e-12,0.802,0.5,True,
MCAR,27,candidate_saturated,True,8.108096598391511e-08,False,0.0019880263703907315,True,2.639031176405385,5.897948796018682e-12,0.802,0.5,True,
MCAR,28,oracle,True,5.339904415135877e-08,False,0.00643627346102344,True,1.7542087071345844,1.3389289676979388e-13,0.7986666666666666,0.482,True,
MCAR,28,MAR_ignorability,True,3.243445496396032e-08,False,0.004232755603261162,True,1.4092403999521093,8.539835505416704e-13,0.7986666666666666,0.482,True,
MCAR,28,selection_misspecified,True,4.488042039152429e-08,False,0.0042338861297094525,True,2.6340783545061686,4.0740744111644744e-12,0.7986666666666666,0.482,True,
MCAR,28,candidate_saturated,True,1.6904026001829387e-07,False,0.0007226362910550472,True,2.6325388187976753,6.827427512234863e-12,0.7986666666666666,0.482,True,
MCAR,29,oracle,True,2.956964797642958e-08,False,0.005345694433531606,True,1.7777529656053852,4.642952688982405e-13,0.8013333333333333,0.489,True,
MCAR,29,MAR_ignorability,True,1.0772186170411128e-08,False,0.004455586526259183,True,1.416276407670455,9.303668946358812e-14,0.8013333333333333,0.489,True,
MCAR,29,selection_misspecified,True,8.868893473784612e-08,False,0.0044689957694018165,True,2.634495548434923,5.875300246316328e-13,0.8013333333333333,0.489,True,
MCAR,29,candidate_saturated,True,6.915922446537603e-08,False,0.0017386619421069264,True,2.634129405168564,4.275690912436403e-12,0.8013333333333333,0.489,True,
MCAR,30,oracle,True,1.6848671223387498e-08,False,0.008092297151445651,True,1.7850237271482492,3.3795188869589765e-13,0.7883333333333334,0.476,True,
MCAR,30,MAR_ignorability,True,7.47154668219941e-09,False,0.0060715229606385064,True,1.399064635779367,3.4217073618947325e-13,0.7883333333333334,0.476,True,
MCAR,30,selection_misspecified,True,7.916232715613663e-08,False,0.006022212206951099,True,2.6483693913690645,1.0520473381347983e-12,0.7883333333333334,0.476,True,
MCAR,30,candidate_saturated,True,9.276349065068245e-08,False,7.964150293164889e-05,True,2.6466276986380746,3.1099567365799885e-12,0.7883333333333334,0.476,True,
MCAR,31,oracle,True,3.073706863421233e-08,False,0.007365403265718295,True,1.746811509338217,1.9118040484045196e-13,0.7959999999999999,0.474,True,
MCAR,31,MAR_ignorability,True,4.6471442249791275e-08,False,0.004499174919341973,True,1.406687991352275,1.9628743075372768e-13,0.7959999999999999,0.474,True,
MCAR,31,selection_misspecified,True,9.815377832259053e-08,False,0.004397022823995086,True,2.6372096437310333,1.6564527527407336e-12,0.7959999999999999,0.474,True,
MCAR,31,candidate_saturated,True,9.114944294719152e-08,False,0.00014436924840502196,True,2.632920321456636,6.922018513932926e-12,0.7959999999999999,0.474,True,
MCAR,32,oracle,True,3.3649466745555577e-08,False,0.004016158337726661,True,1.794192532259075,1.2856382625159313e-13,0.8006666666666667,0.5,True,
MCAR,32,MAR_ignorability,True,2.6498929145101828e-08,False,0.004063112609033859,True,1.4481851690448262,4.922728891187944e-13,0.8006666666666667,0.5,True,
MCAR,32,selection_misspecified,True,1.3481028534378937e-07,False,0.0040123626542306,True,2.667807502866141,1.951327988081175e-12,0.8006666666666667,0.5,True,
MCAR,32,candidate_saturated,True,1.089941063501243e-07,False,0.00036459513910896616,True,2.66567661888353,8.077538637962789e-12,0.8006666666666667,0.5,True,
MCAR,33,oracle,True,2.277649567156148e-08,False,0.005368514970620759,True,1.8258822748470924,4.409805853811122e-13,0.7986666666666666,0.471,True,
MCAR,33,MAR_ignorability,True,2.647380921665036e-08,False,0.003915050062082004,True,1.467252359838867,1.7252865802674933e-13,0.7986666666666666,0.471,True,
MCAR,33,selection_misspecified,True,5.322964564386684e-08,False,0.003857128315867105,True,2.689543842958114,2.2013502132267604e-12,0.7986666666666666,0.471,True,
MCAR,33,candidate_saturated,True,9.2307048753959e-08,False,0.0013444920088166589,True,2.685092875622209,4.643396778192255e-12,0.7986666666666666,0.471,True,
MCAR,34,oracle,True,1.55931427343603e-08,False,0.004661051052740051,True,1.7875100927581373,4.831690603168681e-13,0.802,0.496,True,
MCAR,34,MAR_ignorability,True,1.8572610563205582e-08,False,0.002427544605386238,True,1.4425632323881237,1.3389289676979388e-13,0.802,0.496,True,
MCAR,34,selection_misspecified,True,8.982511641660029e-08,False,0.002552681449846449,True,2.656931118369759,1.4903633882568101e-12,0.802,0.496,True,
MCAR,34,candidate_saturated,True,1.3447083742335054e-07,False,0.0017334938562101774,True,2.655121277403773,4.490186000793983e-12,0.802,0.496,True,
MCAR,35,oracle,True,4.293576129765775e-08,False,0.004656901134727546,True,1.8248660159837113,3.4927616354707425e-13,0.8106666666666666,0.521,True,
MCAR,35,MAR_ignorability,True,1.3223498583434405e-08,False,0.0038192055537653066,True,1.4761642420210814,1.4062084829902233e-12,0.8106666666666666,0.521,True,
MCAR,35,selection_misspecified,True,2.418751836046279e-08,False,0.003963378540942889,True,2.6684324748631036,3.68594044175552e-12,0.8106666666666666,0.521,True,
MCAR,35,candidate_saturated,True,1.0051591146120753e-07,False,5.796573341748421e-05,True,2.6662791803001946,4.417355370378573e-12,0.8106666666666666,0.521,True,
MCAR,36,oracle,True,3.917841650594167e-08,False,0.005209609682800347,True,1.844079837323881,4.050093593832571e-13,0.7993333333333333,0.487,True,
MCAR,36,MAR_ignorability,True,8.384128641659683e-09,False,0.004096410902616196,True,1.4702343968045675,4.911626660941693e-13,0.7993333333333333,0.487,True,
MCAR,36,selection_misspecified,True,4.69966475342698e-08,False,0.0041942715110642285,True,2.6898709992403265,1.269651050961329e-12,0.7993333333333333,0.487,True,
MCAR,36,candidate_saturated,True,4.4764865614776994e-08,False,0.0022789246276997323,True,2.689278053691044,1.077493649859207e-11,0.7993333333333333,0.487,True,
MCAR,37,oracle,True,1.6241998292794954e-08,False,0.0076543277814324125,True,1.8000214764441287,1.2307932450994485e-12,0.7963333333333332,0.484,True,
MCAR,37,MAR_ignorability,True,1.1418195126733367e-08,False,0.005014808293371489,True,1.4488674524388783,2.375877272697835e-13,0.7963333333333332,0.484,True,
MCAR,37,selection_misspecified,True,6.492644369895722e-08,False,0.004984750206192844,True,2.6757408989993765,2.8976820942716586e-12,0.7963333333333332,0.484,True,
MCAR,37,candidate_saturated,True,1.3220082581026257e-07,True,1.3227262965192403e-07,False,2.671629671129123,4.164668609973887e-12,0.7963333333333332,0.484,True,16
MCAR,38,oracle,True,2.028157385969287e-08,False,0.00734899271303382,True,1.779839509964796,3.3661962106634746e-13,0.8013333333333333,0.485,True,
MCAR,38,MAR_ignorability,True,5.6471046874455534e-09,False,0.005656246549904273,True,1.427698475041392,2.2537527399890678e-13,0.8013333333333333,0.485,True,
MCAR,38,selection_misspecified,True,4.914312032144874e-08,False,0.005561227727422079,True,2.645848593034453,8.308909116294672e-13,0.8013333333333333,0.485,True,
MCAR,38,candidate_saturated,True,6.199602976675322e-08,False,0.0007407330719853958,True,2.642521088863867,2.426103762331877e-11,0.8013333333333333,0.485,True,
MCAR,39,oracle,True,4.7037651137005196e-08,False,0.008308033364936913,True,1.753462037780303,3.785860513971784e-13,0.8053333333333333,0.505,True,
MCAR,39,MAR_ignorability,True,1.6010951698531843e-08,False,0.004922898720382107,True,1.4279730489035642,2.509104035652854e-13,0.8053333333333333,0.505,True,
MCAR,39,selection_misspecified,True,5.159550682642955e-08,False,0.004987833451827739,True,2.6343485686081083,1.9055867994666187e-12,0.8053333333333333,0.505,True,
MCAR,39,candidate_saturated,True,5.8236397643796064e-08,False,0.002084516191294166,True,2.6297252594583096,2.361222328772783e-12,0.8053333333333333,0.505,True,
MCAR,40,oracle,True,2.519016837709831e-08,False,0.0065143779460088745,True,1.806414344004556,1.9273471707492718e-13,0.8113333333333334,0.512,True,
MCAR,40,MAR_ignorability,True,1.782784019970113e-08,False,0.005210566405619516,True,1.4785724567743346,4.569677969357144e-13,0.8113333333333334,0.512,True,
MCAR,40,selection_misspecified,True,4.589372616192744e-08,False,0.005130247548151775,True,2.668667394216629,1.6622259124687844e-12,0.8113333333333334,0.512,True,
MCAR,40,candidate_saturated,True,6.798559866183496e-08,False,0.00130555042931386,True,2.667497390276503,7.1880279506331135e-12,0.8113333333333334,0.512,True,
MCAR,41,oracle,True,1.4763008131246647e-08,False,0.005751577694252999,True,1.8054979185198166,2.4802382370125997e-13,0.791,0.464,True,
MCAR,41,MAR_ignorability,True,1.1206027638599459e-08,False,0.003395220383690553,True,1.429088541731053,4.618527782440651e-13,0.791,0.464,True,
MCAR,41,selection_misspecified,True,6.827692378860716e-08,False,0.003309195325510908,True,2.6711603575703284,1.3864465131518955e-12,0.791,0.464,True,
MCAR,41,candidate_saturated,True,1.5345630205276793e-07,False,0.0022185409970762147,True,2.66970099136604,8.123723915787195e-12,0.791,0.464,True,
MCAR,42,oracle,True,1.9733961626553637e-08,False,0.00646066389980785,True,1.7976184888894107,1.212363542890671e-13,0.8026666666666666,0.494,True,
MCAR,42,MAR_ignorability,True,1.329003140177877e-08,False,0.004290635551991094,True,1.4580478646353758,8.466560785791444e-13,0.8026666666666666,0.494,True,
MCAR,42,selection_misspecified,True,4.6490603875445905e-08,False,0.004472718801353517,True,2.6696785771278204,1.6573409311604337e-12,0.8026666666666666,0.494,True,
MCAR,42,candidate_saturated,True,8.583011879459424e-08,False,0.00016745485896740885,True,2.666933877018828,9.35607147312112e-12,0.8026666666666666,0.494,True,
MCAR,43,oracle,True,2.0341532738443748e-08,False,0.0073857136681281885,True,1.823975772160419,3.097522238704187e-13,0.8006666666666667,0.489,True,
MCAR,43,MAR_ignorability,True,1.0846927591539181e-08,False,0.004943930300583553,True,1.4647130196422806,4.813927034774679e-13,0.8006666666666667,0.489,True,
MCAR,43,selection_misspecified,True,3.389074801041225e-08,False,0.00481528572766032,True,2.6841963972998264,5.839773109528323e-13,0.8006666666666667,0.489,True,
MCAR,43,candidate_saturated,True,4.762053335749528e-08,False,8.572712312438455e-05,True,2.681748727160146,1.5492052085619434e-11,0.8006666666666667,0.489,True,
MCAR,44,oracle,True,2.1334864814600597e-08,False,0.006695096579566932,True,1.733038422803458,1.5187850976872141e-13,0.8023333333333333,0.502,True,
MCAR,44,MAR_ignorability,True,1.9347179243557728e-08,False,0.005598510767590019,True,1.4072084229802044,3.927969061123804e-13,0.8023333333333333,0.502,True,
MCAR,44,selection_misspecified,True,4.563167337623408e-08,False,0.005517194820240441,True,2.6226454316589214,8.600675727166163e-12,0.8023333333333333,0.502,True,
MCAR,44,candidate_saturated,True,1.3082656806551186e-07,False,0.00015274436087493035,True,2.6193524077036217,1.744959732263851e-11,0.8023333333333333,0.502,True,
MCAR,45,oracle,True,1.3195394783555373e-08,False,0.006049648665950303,True,1.761263569561616,3.057554209817681e-13,0.7916666666666666,0.472,True,
MCAR,45,MAR_ignorability,True,3.491767875008922e-08,False,0.004243023727541231,True,1.4021686860632896,4.3232084578903596e-13,0.7916666666666666,0.472,True,
MCAR,45,selection_misspecified,True,6.428375550660004e-08,False,0.004268895129226342,True,2.6436274763846987,3.6637359812630166e-13,0.7916666666666666,0.472,True,
MCAR,45,candidate_saturated,True,4.953251411521364e-08,False,0.0017390928548072018,True,2.6423750151874295,2.2879476091475226e-12,0.7916666666666666,0.472,True,
MCAR,46,oracle,True,1.1614192694239106e-08,False,0.006377292777393983,True,1.7677856550812576,8.282263763703668e-14,0.8083333333333332,0.505,True,
MCAR,46,MAR_ignorability,True,1.1721399708619629e-08,False,0.005104171256063952,True,1.4324756053272836,3.8968828164342995e-13,0.8083333333333332,0.505,True,
MCAR,46,selection_misspecified,True,5.6458589426836447e-08,False,0.005112092581416182,True,2.630239150148351,1.6400214519762812e-12,0.8083333333333332,0.505,True,
MCAR,46,candidate_saturated,True,7.723753340282969e-08,False,0.0005251701349532468,True,2.627412810816804,3.5442759838133497e-12,0.8083333333333332,0.505,True,
MCAR,47,oracle,True,2.2376277233295082e-08,False,0.0068077782553107565,True,1.7973792719589832,4.3365311341858614e-13,0.8039999999999999,0.502,True,
MCAR,47,MAR_ignorability,True,2.3078255400044157e-08,False,0.004275309585887665,True,1.4651174804364928,3.9190872769268026e-13,0.8039999999999999,0.502,True,
MCAR,47,selection_misspecified,True,6.041659671307542e-08,False,0.004274933108092821,True,2.675657318800568,2.2253310305586638e-12,0.8039999999999999,0.502,True,
MCAR,47,candidate_saturated,True,9.355396362975554e-08,False,0.0012597550336660404,True,2.6735287888220283,1.1553868972669079e-11,0.8039999999999999,0.502,True,
MCAR,48,oracle,True,8.93819303782184e-09,False,0.0077854468429937,True,1.7836735453277197,3.9479530755670567e-13,0.7993333333333333,0.491,True,
MCAR,48,MAR_ignorability,True,2.6912105300834875e-08,False,0.0051387939376839895,True,1.440099069553078,1.100008972798605e-12,0.7993333333333333,0.491,True,
MCAR,48,selection_misspecified,True,7.36890222079456e-08,False,0.005128266649784731,True,2.66348411046712,2.4158453015843406e-12,0.7993333333333333,0.491,True,
MCAR,48,candidate_saturated,True,8.761854665895185e-08,False,0.0006722418518371101,True,2.6610944373003753,1.0938805417026742e-11,0.7993333333333333,0.491,True,
MCAR,49,oracle,True,4.23568329208264e-09,False,0.007416275982822213,True,1.8069479131164699,1.2878587085651816e-13,0.794,0.467,True,
MCAR,49,MAR_ignorability,True,2.904913340069052e-08,False,0.004457150980652674,True,1.438919547256768,4.2787995369053533e-13,0.794,0.467,True,
MCAR,49,selection_misspecified,True,5.877501123285889e-08,False,0.0044391607165808105,True,2.674991331840763,1.2732037646401295e-12,0.794,0.467,True,
MCAR,49,candidate_saturated,True,3.860539013444964e-08,False,0.0014005051245281458,True,2.673424513191072,1.3164136447585406e-11,0.794,0.467,True,
MCAR,50,oracle,True,7.046165804547311e-09,False,0.0069456529247527545,True,1.8423533248727324,1.2656542480726785e-13,0.7983333333333333,0.491,True,
MCAR,50,MAR_ignorability,True,2.2662800860828723e-08,False,0.004115035396132112,True,1.482322443545105,1.7386092565629951e-13,0.7983333333333333,0.491,True,
MCAR,50,selection_misspecified,True,1.2688462038212834e-07,False,0.004101241895292137,True,2.7056175592020235,2.135180920959101e-12,0.7983333333333333,0.491,True,
MCAR,50,candidate_saturated,True,9.845902540916995e-08,False,0.0009467801598960639,True,2.7049298546610214,1.5690559962422412e-11,0.7983333333333333,0.491,True,
MCAR,51,oracle,True,5.988455734438642e-09,False,0.0088503760694264,True,1.7907036287673035,2.957634137601417e-13,0.805,0.5,True,
MCAR,51,MAR_ignorability,True,8.826518144473775e-09,False,0.0046644633064643936,True,1.46618404514622,7.047695760320494e-13,0.805,0.5,True,
MCAR,51,selection_misspecified,True,8.94059645953349e-08,False,0.004492573599417933,True,2.672570148235656,9.14379683081279e-13,0.805,0.5,True,
MCAR,51,candidate_saturated,True,5.24131400777561e-08,False,8.901368763469831e-05,True,2.6700776444955614,1.461009091485721e-11,0.805,0.5,True,
MCAR,52,oracle,True,6.382262339510447e-09,False,0.006059739452588258,True,1.8381046662864167,3.412825577697731e-13,0.7986666666666666,0.492,True,
MCAR,52,MAR_ignorability,True,4.5937304618992594e-08,False,0.0039124124660756794,True,1.4768346580699858,2.09099404457902e-12,0.7986666666666666,0.492,True,
MCAR,52,selection_misspecified,True,3.466948639008205e-08,False,0.0038885976315035154,True,2.701595316382695,9.912071163853398e-13,0.7986666666666666,0.492,True,
MCAR,52,candidate_saturated,True,1.688027916149082e-07,False,0.001566347991233092,True,2.698661909755212,1.8109957977685553e-12,0.7986666666666666,0.492,True,
MCAR,53,oracle,True,1.0934019941899464e-08,False,0.007063958900421756,True,1.7702008378013414,2.2426505097428162e-13,0.8126666666666668,0.525,True,
MCAR,53,MAR_ignorability,True,1.6581342813043465e-08,False,0.004441796512860018,True,1.4464190945908928,6.483702463810914e-14,0.8126666666666668,0.525,True,
MCAR,53,selection_misspecified,True,3.939210621138438e-08,False,0.004508229291325092,True,2.6301391101678173,1.7976731214730535e-12,0.8126666666666668,0.525,True,
MCAR,53,candidate_saturated,True,7.135107399580676e-08,False,0.0004076311960745962,True,2.625202609264117,2.76587641678816e-11,0.8126666666666668,0.525,True,
MCAR,54,oracle,True,3.015877540324397e-08,False,0.006540240609261097,True,1.835239681122806,4.738431869100168e-13,0.7843333333333334,0.448,True,
MCAR,54,MAR_ignorability,True,1.550561169812044e-08,False,0.0037650884809119923,True,1.4631686942334978,1.0387246618392965e-12,0.7843333333333334,0.448,True,
MCAR,54,selection_misspecified,True,1.0085550328331472e-07,False,0.0036631297898486793,True,2.721641567539808,6.235012506294879e-12,0.7843333333333334,0.448,True,
MCAR,54,candidate_saturated,True,8.112220607059406e-08,False,0.0012254680346370915,True,2.7209627445680873,6.105782546228511e-12,0.7843333333333334,0.448,True,
MCAR,55,oracle,True,3.517957276011341e-08,False,0.00674098042104324,True,1.8375512101764813,1.858513343222512e-13,0.8023333333333333,0.493,True,
MCAR,55,MAR_ignorability,True,1.0706818124539551e-08,False,0.0054588622191318065,True,1.4745880774774274,3.1041835768519377e-13,0.8023333333333333,0.493,True,
MCAR,55,selection_misspecified,True,3.303053036107784e-08,False,0.005294531837655768,True,2.6868434199144104,1.1524114995609125e-12,0.8023333333333333,0.493,True,
MCAR,55,candidate_saturated,True,8.061893977617806e-08,False,0.0015846619260468577,True,2.684666468188225,3.679723192817619e-12,0.8023333333333333,0.493,True,
MCAR,56,oracle,True,8.213600633910633e-09,False,0.0073847078520998645,True,1.812683671572141,3.523847880160247e-13,0.7959999999999999,0.476,True,
MCAR,56,MAR_ignorability,True,2.993705204812347e-08,False,0.005005600794610037,True,1.4511656472823347,3.070876886113183e-13,0.7959999999999999,0.476,True,
MCAR,56,selection_misspecified,True,2.119902012798214e-08,False,0.004825217456575183,True,2.68212073747088,7.465139617579553e-13,0.7959999999999999,0.476,True,
MCAR,56,candidate_saturated,True,6.203195564147279e-08,False,0.0007945958733092055,True,2.6796571648818457,1.3719247959897984e-11,0.7959999999999999,0.476,True,
MCAR,57,oracle,True,1.7257057743358396e-08,False,0.0069080065483717295,True,1.8083014835235631,9.867662242868391e-13,0.7999999999999999,0.487,True,
MCAR,57,MAR_ignorability,True,1.1550203057986153e-08,False,0.003567346137917316,True,1.4506145101260446,1.936228954946273e-13,0.7999999999999999,0.487,True,
MCAR,57,selection_misspecified,True,5.7619640222633664e-08,False,0.0034800798174179637,True,2.671449214785356,2.2293278334473143e-12,0.7999999999999999,0.487,True,
MCAR,57,candidate_saturated,True,4.508527734170542e-08,False,0.0006970095349789089,True,2.6708280106450126,5.583089546234987e-12,0.7999999999999999,0.487,True,
MCAR,58,oracle,True,1.1877617042965749e-08,False,0.006378093529193141,True,1.770235122530292,3.785860513971784e-13,0.8079999999999999,0.502,True,
MCAR,58,MAR_ignorability,True,1.1550194978687154e-08,False,0.005124454278563778,True,1.421392924351478,2.660094367001875e-13,0.8079999999999999,0.502,True,
MCAR,58,selection_misspecified,True,4.6923072337667903e-08,False,0.005182273866526171,True,2.6208322255391945,9.78328529299688e-13,0.8079999999999999,0.502,True,
MCAR,58,candidate_saturated,True,1.2406213665361322e-07,False,0.00010994242503862024,True,2.61834077326323,1.4694467864728722e-11,0.8079999999999999,0.502,True,
MCAR,59,oracle,True,1.017331328000571e-08,False,0.006497326868139169,True,1.7882137583085687,5.093703236980218e-13,0.7993333333333333,0.487,True,
MCAR,59,MAR_ignorability,True,6.244365536911544e-08,False,0.0023926666134294916,True,1.4324754409879692,6.45261621912141e-13,0.7993333333333333,0.487,True,
MCAR,59,selection_misspecified,True,1.3957277724206684e-07,False,0.002235333469002028,True,2.655241101350257,3.8045122607854864e-12,0.7993333333333333,0.487,True,
MCAR,59,candidate_saturated,True,1.1612296637508735e-07,False,0.0018245690791808206,True,2.654786471715187,4.377831430701917e-12,0.7993333333333333,0.487,True,
MCAR,60,oracle,True,7.007003492293107e-09,False,0.006891694646412415,True,1.8008250991845858,3.8835601401387976e-13,0.8063333333333333,0.514,True,
MCAR,60,MAR_ignorability,True,2.910025705027408e-08,False,0.0040711544149367165,True,1.4678801479329275,3.623767952376511e-13,0.8063333333333333,0.514,True,
MCAR,60,selection_misspecified,True,1.4306239668726572e-07,False,0.004029515893432625,True,2.6728119840954445,4.6980197510038124e-12,0.8063333333333333,0.514,True,
MCAR,60,candidate_saturated,True,8.494091808408655e-08,False,0.0024419887247635855,True,2.6723980206488744,4.376055073862517e-12,0.8063333333333333,0.514,True,
MCAR,61,oracle,True,5.216051751977258e-08,False,0.008332678077165017,True,1.7717135509890698,6.199485369506874e-13,0.7806666666666667,0.448,True,
MCAR,61,MAR_ignorability,True,6.24358111077787e-09,False,0.005200983916308798,True,1.3953284413684854,5.380140777333509e-13,0.7806666666666667,0.448,True,
MCAR,61,selection_misspecified,True,6.833277303033846e-08,False,0.0052616994952305075,True,2.66171958766928,8.850697952311748e-13,0.7806666666666667,0.448,True,
MCAR,61,candidate_saturated,True,1.2784388562381287e-07,False,0.0006301741204664937,True,2.660730818305177,5.901501509697482e-12,0.7806666666666667,0.448,True,
MCAR,62,oracle,True,5.142903246768693e-09,False,0.006502223677447345,True,1.8137187441915572,1.9872992140790302e-13,0.805,0.51,True,
MCAR,62,MAR_ignorability,True,2.427343485963185e-08,False,0.004415960566760149,True,1.4758740245524502,3.494982081519993e-13,0.805,0.51,True,
MCAR,62,selection_misspecified,True,7.591694502034896e-08,False,0.004416221079162382,True,2.68349135618775,7.442935157087049e-13,0.805,0.51,True,
MCAR,62,candidate_saturated,True,6.364245800494217e-08,False,0.0017656943772740637,True,2.6805300954641638,6.263434215725283e-12,0.805,0.51,True,
MCAR,63,oracle,True,1.605017762226768e-08,False,0.00664429919689484,True,1.818841764166671,2.3736568266485847e-13,0.7976666666666666,0.485,True,
MCAR,63,MAR_ignorability,True,1.6352047861989407e-08,False,0.004184274433095159,True,1.4687858293356408,5.362377208939506e-13,0.7976666666666666,0.485,True,
MCAR,63,selection_misspecified,True,1.2087070163824266e-07,False,0.004061324811935092,True,2.692062152175638,1.6537882174816332e-12,0.7976666666666666,0.485,True,
MCAR,63,candidate_saturated,True,2.1425667261087967e-07,False,0.000788770597174145,True,2.690183710377919,4.983569112937403e-12,0.7976666666666666,0.485,True,
MCAR,64,oracle,True,4.3605796122836435e-08,False,0.007809472098409295,True,1.8026553280897746,1.6253665080512292e-13,0.7986666666666666,0.49,True,
MCAR,64,MAR_ignorability,True,1.0209022271601303e-08,False,0.005307979747371748,True,1.452492617901297,9.037215420448774e-14,0.7986666666666666,0.49,True,
MCAR,64,selection_misspecified,True,2.0550950602132856e-08,False,0.005293424851476911,True,2.674370987429889,1.9410695273336387e-11,0.7986666666666666,0.49,True,
MCAR,64,candidate_saturated,True,9.380800842340164e-08,False,0.0019722444801486697,True,2.6735684784234564,4.718447854656915e-12,0.7986666666666666,0.49,True,
MCAR,65,oracle,True,3.0578793378675114e-08,False,0.007553155558275714,True,1.7637287406572189,5.304645611658998e-13,0.8146666666666667,0.527,True,
MCAR,65,MAR_ignorability,True,3.4066301175639245e-08,False,0.005878313389604374,True,1.433492709450145,3.963496197911809e-13,0.8146666666666667,0.527,True,
MCAR,65,selection_misspecified,True,3.3608905306889426e-08,False,0.005837296604259447,True,2.6150881681169973,7.429612480791548e-13,0.8146666666666667,0.527,True,
MCAR,65,candidate_saturated,True,7.185395300268738e-08,False,0.0001395646315281011,True,2.613153389884756,4.46975789714088e-12,0.8146666666666667,0.527,True,
MCAR,66,oracle,True,1.2396632098010674e-08,False,0.007061830426867131,True,1.7803651125265223,2.5157653738006047e-13,0.7913333333333333,0.472,True,
MCAR,66,MAR_ignorability,True,2.0784432365763678e-08,False,0.0048964437025779154,True,1.4207603696874758,3.7569947153315297e-13,0.7913333333333333,0.472,True,
MCAR,66,selection_misspecified,True,2.4813384720111938e-08,False,0.00479437239228055,True,2.662264531002255,5.782041512247815e-13,0.7913333333333333,0.472,True,
MCAR,66,candidate_saturated,True,7.292154223836889e-08,False,0.0010868319102799566,True,2.6597188889108256,9.312550730555813e-12,0.7913333333333333,0.472,True,
MCAR,67,oracle,True,1.9359786638029064e-08,False,0.006311611608434691,True,1.7513213803581724,2.2382096176443156e-13,0.791,0.47,True,
MCAR,67,MAR_ignorability,True,2.8327045897835744e-08,False,0.005805626611649875,True,1.4034643545584702,1.9340085088970227e-13,0.791,0.47,True,
MCAR,67,selection_misspecified,True,3.6237467127969713e-08,False,0.005804721014195128,True,2.644605681687309,1.6835421945415874e-12,0.791,0.47,True,
MCAR,67,candidate_saturated,True,3.861079848910265e-08,False,0.00014406858026417402,True,2.6433093272517936,4.5634607204192434e-12,0.791,0.47,True,
MCAR,68,oracle,True,1.8976782448665297e-08,False,0.006022172304986628,True,1.782508762982776,2.97983859809392e-13,0.801,0.496,True,
MCAR,68,MAR_ignorability,True,2.114191172566948e-08,False,0.0034521533070564652,True,1.4287796377627515,1.6231460620019789e-13,0.801,0.496,True,
MCAR,68,selection_misspecified,True,7.493003985459268e-08,False,0.0033405187850555776,True,2.6476334577879093,1.6213697051625786e-12,0.801,0.496,True,
MCAR,68,candidate_saturated,True,2.0357918085567307e-07,False,0.0012041631537417867,True,2.6467953909574753,6.153300091682468e-12,0.801,0.496,True,
MCAR,69,oracle,True,1.9923592070958917e-08,False,0.005184819048893687,True,1.76784098573409,2.708944180085382e-14,0.8103333333333333,0.508,True,
MCAR,69,MAR_ignorability,True,1.1501368532414439e-08,False,0.005038068789461522,True,1.446950625369545,4.1455727739503345e-13,0.8103333333333333,0.508,True,
MCAR,69,selection_misspecified,True,7.171725695842568e-08,False,0.004862275472106437,True,2.6376454775726788,9.690026558928366e-13,0.8103333333333333,0.508,True,
MCAR,69,candidate_saturated,True,9.84778486099458e-08,False,0.0008919447996147062,True,2.635320329524299,5.019540338935258e-12,0.8103333333333333,0.508,True,
MCAR,70,oracle,True,2.8094999816263844e-08,False,0.005411188180485343,True,1.78338755216182,2.0894397323445446e-13,0.7996666666666666,0.49,True,
MCAR,70,MAR_ignorability,True,1.4597904294255671e-08,False,0.0041348692894695345,True,1.4588930419763921,4.269917752708352e-13,0.7996666666666666,0.49,True,
MCAR,70,selection_misspecified,True,2.0979319193870083e-08,False,0.00418160859626825,True,2.6811754197707343,3.2858160636806133e-12,0.7996666666666666,0.49,True,
MCAR,70,candidate_saturated,True,9.142824898566993e-08,False,0.0020481368320290206,True,2.6807346847215876,4.282796339794004e-12,0.7996666666666666,0.49,True,
MCAR,71,oracle,True,2.0403508993765974e-08,False,0.006613077447623334,True,1.8119372589042937,4.034550471487819e-13,0.786,0.451,True,
MCAR,71,MAR_ignorability,True,2.1438721402454088e-08,False,0.005004160044112204,True,1.4323073723696094,4.2321701698710967e-13,0.786,0.451,True,
MCAR,71,selection_misspecified,True,6.38327893002083e-08,False,0.004993884342473276,True,2.6875061243958602,8.690825836765725e-13,0.786,0.451,True,
MCAR,71,candidate_saturated,True,5.986901654955745e-08,False,0.001341750316336269,True,2.6867739294347586,5.590194973592588e-12,0.786,0.451,True,
MCAR,72,oracle,True,1.1115831452011751e-08,False,0.009020972796153347,True,1.7873940613892774,3.3217872896784684e-13,0.8093333333333333,0.514,True,
MCAR,72,MAR_ignorability,True,2.8087482261699756e-08,False,0.00633272888596512,True,1.4455913939534277,6.297184995673888e-13,0.8093333333333333,0.514,True,
MCAR,72,selection_misspecified,True,4.070077347995138e-08,False,0.006244107607887798,True,2.6412444459500373,8.113065774750794e-12,0.8093333333333333,0.514,True,
MCAR,72,candidate_saturated,True,4.191492670457819e-08,False,0.001165997218797527,True,2.640209195949575,8.172573728870702e-12,0.8093333333333333,0.514,True,
MCAR,73,oracle,True,4.755691081870239e-08,False,0.007126080662888377,True,1.7652951661406031,3.772537837676282e-13,0.8093333333333333,0.513,True,
MCAR,73,MAR_ignorability,True,1.1122175063854601e-08,False,0.004564591920064062,True,1.453989646700758,6.543654507140673e-13,0.8093333333333333,0.513,True,
MCAR,73,selection_misspecified,True,2.814489613167659e-08,False,0.0045896713975470335,True,2.6475259004148737,1.9837465004002297e-12,0.8093333333333333,0.513,True,
MCAR,73,candidate_saturated,True,5.9752542308944e-08,False,0.0014288998624457524,True,2.6446105486160003,8.144596108650148e-12,0.8093333333333333,0.513,True,
MCAR,74,oracle,True,7.071420422172237e-08,False,0.00710244917385244,True,1.7696108755634596,3.05089287166993e-13,0.8103333333333333,0.523,True,
MCAR,74,MAR_ignorability,True,4.351728162054577e-08,False,0.0049070837054404305,True,1.440959025636902,1.7741363933510002e-13,0.8103333333333333,0.523,True,
MCAR,74,selection_misspecified,True,4.009790523132328e-08,False,0.004956006680524425,True,2.6343979915656566,1.4379608614945028e-12,0.8103333333333333,0.523,True,
MCAR,74,candidate_saturated,True,4.3086019228866233e-08,False,0.0013437423897998642,True,2.6337308032541396,3.5424996269739495e-12,0.8103333333333333,0.523,True,
MCAR,75,oracle,True,2.784409664697944e-08,False,0.00561341871785189,True,1.8181668352477713,2.042810365310288e-13,0.7873333333333333,0.456,True,
MCAR,75,MAR_ignorability,True,1.2511055293984441e-08,False,0.0033949561029555787,True,1.4334861242190151,1.687538997430238e-13,0.7873333333333333,0.456,True,
MCAR,75,selection_misspecified,True,8.694231163325535e-08,False,0.003531282712153592,True,2.6844015912638977,2.573941060290963e-12,0.7873333333333333,0.456,True,
MCAR,75,candidate_saturated,True,4.6251614312486924e-08,False,0.0004638616443902635,True,2.6826137748376087,4.25748325483255e-12,0.7873333333333333,0.456,True,
MCAR,76,oracle,True,2.6498404161579002e-08,False,0.008675833600294312,True,1.8085529371839653,5.313527395855999e-13,0.7953333333333333,0.481,True,
MCAR,76,MAR_ignorability,True,8.182340083595641e-09,False,0.005873284327751495,True,1.4378924265009028,1.8740564655672642e-13,0.7953333333333333,0.481,True,
MCAR,76,selection_misspecified,True,6.188819129016032e-08,False,0.0059391660009480395,True,2.6682632211933495,4.640732242933154e-13,0.7953333333333333,0.481,True,
MCAR,76,candidate_saturated,True,4.363417592223584e-08,False,0.0014692352208118386,True,2.668181560398508,6.269651464663184e-12,0.7953333333333333,0.481,True,
MCAR,77,oracle,True,2.5504970763503415e-08,False,0.0061040468223152395,True,1.7962457379555934,3.4083846855992306e-13,0.8083333333333332,0.518,True,
MCAR,77,MAR_ignorability,True,5.178342968564786e-09,False,0.005087218299571582,True,1.4457093018480043,4.669598041573408e-13,0.8083333333333332,0.518,True,
MCAR,77,selection_misspecified,True,7.044802749373025e-08,False,0.004901769587066504,True,2.6405240130490224,2.1231905122931494e-12,0.8083333333333332,0.518,True,
MCAR,77,candidate_saturated,True,1.295579527696285e-07,True,6.952482632428762e-08,False,2.636696210450227,1.6573409311604337e-12,0.8083333333333332,0.518,True,"12,16"
MCAR,78,oracle,True,9.878569587895569e-09,False,0.005782626616377904,True,1.82167937573364,1.9628743075372768e-13,0.798,0.482,True,
MCAR,78,MAR_ignorability,True,1.593337157859594e-08,False,0.0038254356086345424,True,1.460217789287385,1.1590728377086634e-13,0.798,0.482,True,
MCAR,78,selection_misspecified,True,7.759170543159e-08,False,0.0037144336950436655,True,2.685887938345319,7.336353746723034e-13,0.798,0.482,True,
MCAR,78,candidate_saturated,True,1.1211059442217675e-07,False,0.0015884793496236964,True,2.6851532126200572,5.990319351667495e-12,0.798,0.482,True,
MCAR,79,oracle,True,1.8613993576721554e-08,False,0.005675901688378162,True,1.7905083275148252,9.792167077193881e-14,0.7993333333333333,0.492,True,
MCAR,79,MAR_ignorability,True,1.3966830140099695e-08,False,0.0038851425732141353,True,1.44773342860859,4.956035581926699e-13,0.7993333333333333,0.492,True,
MCAR,79,selection_misspecified,True,8.363270791302349e-08,False,0.0038178175429412083,True,2.6709839599751724,1.1719514247943152e-12,0.7993333333333333,0.492,True,
MCAR,79,candidate_saturated,True,1.8049632277589156e-07,False,0.0005932862197200111,True,2.6698847481421453,1.5136336628529534e-11,0.7993333333333333,0.492,True,
MCAR,80,oracle,True,1.8753901372514646e-08,False,0.007138562938196907,True,1.7492604853368339,2.4202861936828413e-13,0.8039999999999999,0.489,True,
MCAR,80,MAR_ignorability,True,3.942876358522092e-08,False,0.005567682919570401,True,1.4126508665357305,3.3928415632544784e-13,0.8039999999999999,0.489,True,
MCAR,80,selection_misspecified,True,5.436281418794153e-08,False,0.005568698675656055,True,2.6198789360718253,2.1613821843402548e-12,0.8039999999999999,0.489,True,
MCAR,80,candidate_saturated,True,1.795049513475533e-08,False,0.001873170615292859,True,2.6188924415736974,3.82716081048784e-12,0.8039999999999999,0.489,True,
MCAR,81,oracle,True,3.6030292966393594e-08,False,0.007969974170791231,True,1.8204321232660676,2.4069635173873394e-13,0.8133333333333334,0.523,True,
MCAR,81,MAR_ignorability,True,1.246966387452586e-08,False,0.005242953434139149,True,1.4800622737077211,9.394707234378075e-13,0.8133333333333334,0.523,True,
MCAR,81,selection_misspecified,True,4.7279255516230465e-08,False,0.005191332130313941,True,2.664807269055581,7.975842208907125e-13,0.8133333333333334,0.523,True,
MCAR,81,candidate_saturated,True,5.450064239620467e-08,False,0.0006996910462071557,True,2.6638006099186504,8.394174244585884e-12,0.8133333333333334,0.523,True,
MCAR,82,oracle,True,1.9731454115934355e-08,False,0.0050286444443099435,True,1.783499110729088,2.604583215770617e-13,0.7996666666666666,0.493,True,
MCAR,82,MAR_ignorability,True,4.239951418727461e-08,False,0.0032419349382359543,True,1.429020330208884,2.2648549702353193e-13,0.7996666666666666,0.493,True,
MCAR,82,selection_misspecified,True,4.779697071310984e-08,False,0.0032396117089010276,True,2.650267566947231,2.0521362387171393e-12,0.7996666666666666,0.493,True,
MCAR,82,candidate_saturated,True,7.782380439591563e-08,False,0.0014694085480461414,True,2.6486011041375344,5.432987393305666e-12,0.7996666666666666,0.493,True,
MCAR,83,oracle,True,3.76420041512393e-08,False,0.00807489387891642,True,1.7651937011388927,1.7430501486614958e-13,0.7973333333333333,0.468,True,
MCAR,83,MAR_ignorability,True,4.334566525007837e-08,False,0.00419812657221246,True,1.4187082862693985,5.577760475716786e-13,0.7973333333333333,0.468,True,
MCAR,83,selection_misspecified,True,4.956549458751125e-08,False,0.004171853249701092,True,2.646433559034096,1.3766765505351941e-12,0.7973333333333333,0.468,True,
MCAR,83,candidate_saturated,True,6.583529622261608e-08,False,0.0006300455543809172,True,2.6411920537372127,4.861000491018785e-12,0.7973333333333333,0.468,True,
MCAR,84,oracle,True,2.078354416101824e-08,False,0.005970922820528409,True,1.8290747526262816,6.186162693211372e-13,0.8069999999999999,0.503,True,
MCAR,84,MAR_ignorability,True,2.9821045090438294e-08,False,0.004021172474709274,True,1.4845393719532527,1.5853984791647235e-13,0.8069999999999999,0.503,True,
MCAR,84,selection_misspecified,True,8.21279065214009e-08,False,0.003969901615161927,True,2.687027988307418,1.5125678487493133e-12,0.8069999999999999,0.503,True,
MCAR,84,candidate_saturated,True,1.212074349979913e-07,True,1.212821533307114e-07,False,2.6831321510000086,4.321432101050959e-12,0.8069999999999999,0.503,True,11
MCAR,85,oracle,True,1.0862629812535828e-08,False,0.0037537507272421464,True,1.8071642049052365,3.0464519795714295e-13,0.8023333333333333,0.495,True,
MCAR,85,MAR_ignorability,True,6.470445106328682e-08,False,0.0014803695650266815,True,1.4708304675256476,5.937472735695337e-13,0.8023333333333333,0.495,True,
MCAR,85,selection_misspecified,True,6.916924179378725e-08,False,0.0015731581343869443,True,2.6827940178369203,3.3146818623208674e-12,0.8023333333333333,0.495,True,
MCAR,85,candidate_saturated,True,5.902887272846158e-08,False,0.001004247848417505,True,2.681990862141859,7.642331212309728e-12,0.8023333333333333,0.495,True,
MCAR,86,oracle,True,1.0906341106897698e-08,False,0.0069221274654463864,True,1.7891054771380508,1.170175067954915e-13,0.8016666666666666,0.5,True,
MCAR,86,MAR_ignorability,True,1.7635770716145637e-08,False,0.004808002235646074,True,1.4637023141001761,1.9539925233402755e-13,0.8016666666666666,0.5,True,
MCAR,86,selection_misspecified,True,4.4672104317439174e-08,False,0.004868718163236945,True,2.678448952823735,2.0405899192610377e-12,0.8016666666666666,0.5,True,
MCAR,86,candidate_saturated,True,8.699034589776389e-08,False,0.00013850921790559245,True,2.6768882924020674,1.3060219572480491e-11,0.8016666666666666,0.5,True,
MCAR,87,oracle,True,2.2487625840561522e-08,False,0.0076933928839861415,True,1.7614139028843427,5.981881656680343e-13,0.8096666666666666,0.503,True,
MCAR,87,MAR_ignorability,True,5.0951516159247756e-08,False,0.004887849237872813,True,1.4301318430975838,8.031353360138382e-13,0.8096666666666666,0.503,True,
MCAR,87,selection_misspecified,True,9.168783154361871e-08,False,0.004970219447858948,True,2.624806042609349,2.8377300509419e-13,0.8096666666666666,0.503,True,
MCAR,87,candidate_saturated,True,7.818883715571268e-08,False,0.0024785505070059263,True,2.6224021454824715,3.197886400130301e-12,0.8096666666666666,0.503,True,
MCAR,88,oracle,True,2.5734719759668012e-08,False,0.006725074320375325,True,1.7913052983367608,3.808064974464287e-13,0.7906666666666666,0.472,True,
MCAR,88,MAR_ignorability,True,2.0137719300553403e-08,False,0.004840279205379638,True,1.4357360689014451,7.949196856316121e-14,0.7906666666666666,0.472,True,
MCAR,88,selection_misspecified,True,5.647318458765205e-08,False,0.004822954724904141,True,2.679894181160577,7.966960424710123e-13,0.7906666666666666,0.472,True,
MCAR,88,candidate_saturated,True,1.791249318960908e-07,False,0.00236111017979911,True,2.6790661567336223,9.041212223337425e-12,0.7906666666666666,0.472,True,
MCAR,89,oracle,True,1.7001968745752882e-08,False,0.009060508839452273,True,1.7664273295279254,1.6231460620019789e-13,0.8033333333333333,0.491,True,
MCAR,89,MAR_ignorability,True,6.290452191026752e-08,False,0.005390547649253712,True,1.4295631056706557,2.240430063693566e-13,0.8033333333333333,0.491,True,
MCAR,89,selection_misspecified,True,4.840406857820057e-08,False,0.00535303203531352,True,2.641567014070628,7.811529201262601e-13,0.8033333333333333,0.491,True,
MCAR,89,candidate_saturated,True,6.736673163398877e-08,False,0.0006821106270187656,True,2.6406610504792067,4.417799459588423e-12,0.8033333333333333,0.491,True,
MCAR,90,oracle,True,1.6497079553273124e-08,False,0.007946444707581933,True,1.7718374776963417,2.0694557179012918e-13,0.79,0.47,True,
MCAR,90,MAR_ignorability,True,2.4159584992306508e-08,False,0.0051159725421744354,True,1.3987449578627633,8.422151864806438e-13,0.79,0.47,True,
MCAR,90,selection_misspecified,True,3.207793348491972e-08,False,0.005114481277900791,True,2.644758188413204,8.704148513061227e-13,0.79,0.47,True,
MCAR,90,candidate_saturated,True,8.41140113927441e-08,False,0.0022120187066857187,True,2.642284649514899,1.9961809982760315e-12,0.79,0.47,True,
MCAR,91,oracle,True,6.29941470933204e-08,False,0.005956116755244749,True,1.7969967137907508,4.434230760352875e-13,0.806,0.498,True,
MCAR,91,MAR_ignorability,True,2.960348303054916e-08,False,0.003947264784107422,True,1.4527619919902701,1.6631140908884845e-13,0.806,0.498,True,
MCAR,91,selection_misspecified,True,7.73094025379173e-08,False,0.003910996414300652,True,2.658828125099985,1.4668266601347568e-12,0.806,0.498,True,
MCAR,91,candidate_saturated,True,6.200309232173851e-08,False,0.001209217528986747,True,2.6572758580449656,2.9873881146613712e-12,0.806,0.498,True,
MCAR,92,oracle,True,2.737150286236112e-08,False,0.008304304633831337,True,1.7784156798682051,6.52589093874667e-13,0.7943333333333333,0.491,True,
MCAR,92,MAR_ignorability,True,2.565870572557305e-08,False,0.003662669225479084,True,1.4504184219350116,1.2789769243681803e-13,0.7943333333333333,0.491,True,
MCAR,92,selection_misspecified,True,4.20989450205564e-08,False,0.003827932091819305,True,2.6852400038009208,7.73159314348959e-13,0.7943333333333333,0.491,True,
MCAR,92,candidate_saturated,True,6.130716059971065e-08,False,0.0007149179449923359,True,2.683798050136457,8.43769498715119e-12,0.7943333333333333,0.491,True,
MCAR,93,oracle,True,1.502338462866515e-08,False,0.008056648029785179,True,1.8321032037946452,3.9546144137148076e-13,0.7906666666666666,0.464,True,
MCAR,93,MAR_ignorability,True,1.4169690317533679e-08,False,0.0045093927722416605,True,1.4632437914791179,5.999645225074346e-13,0.7906666666666666,0.464,True,
MCAR,93,selection_misspecified,True,1.471976386346885e-07,False,0.004441499611201293,True,2.7044612812183537,4.689582056016661e-13,0.7906666666666666,0.464,True,
MCAR,93,candidate_saturated,True,3.679584833449212e-08,False,0.00138573077364901,True,2.7026806000701336,1.3387957409349838e-11,0.7906666666666666,0.464,True,
MCAR,94,oracle,True,3.320274130409057e-08,False,0.005391193334315515,True,1.7539082781677193,3.610445276081009e-13,0.8106666666666666,0.523,True,
MCAR,94,MAR_ignorability,True,1.7374268437897465e-08,False,0.003796866198482595,True,1.4264814890012858,3.432809592140984e-13,0.8106666666666666,0.523,True,
MCAR,94,selection_misspecified,True,5.631747266127834e-08,False,0.0036734936101551,True,2.6193938203616836,1.9246826354901714e-12,0.8106666666666666,0.523,True,
MCAR,94,candidate_saturated,True,2.2467408804516254e-07,False,0.0016630088094742067,True,2.6184472515624546,4.9396042811622465e-12,0.8106666666666666,0.523,True,
MCAR,95,oracle,True,1.0261095391398897e-08,False,0.006126327014730202,True,1.8216935394806801,9.547918011776346e-14,0.8036666666666666,0.491,True,
MCAR,95,MAR_ignorability,True,2.8444887233525228e-08,False,0.003783385325364627,True,1.4703820844370339,2.753353101070388e-13,0.8036666666666666,0.491,True,
MCAR,95,selection_misspecified,True,4.585199448708943e-08,False,0.0038497228339131524,True,2.679406749273434,3.5860203695392556e-12,0.8036666666666666,0.491,True,
MCAR,95,candidate_saturated,True,3.972430621956846e-08,True,1.4123702199369196e-08,False,2.674588002754498,4.775735362727573e-12,0.8036666666666666,0.491,True,15
MCAR,96,oracle,True,5.521550647813456e-09,False,0.008270704134698192,True,1.797867766047616,1.829647544582258e-13,0.8006666666666667,0.494,True,
MCAR,96,MAR_ignorability,True,3.647967688477919e-08,False,0.005952189670017406,True,1.4447116830252125,2.984279490192421e-13,0.8006666666666667,0.494,True,
MCAR,96,selection_misspecified,True,6.089110659718148e-08,False,0.005937076383922585,True,2.663671263367708,1.0103029524088925e-12,0.8006666666666667,0.494,True,
MCAR,96,candidate_saturated,True,1.9682547102528592e-07,False,0.0014948032149155798,True,2.6621840569803195,6.359357485052897e-13,0.8006666666666667,0.494,True,
MCAR,97,oracle,True,1.1432520198651972e-08,False,0.00649136212248823,True,1.8087222831735266,2.2182256032010628e-13,0.7963333333333332,0.469,True,
MCAR,97,MAR_ignorability,True,1.4367784005209217e-08,False,0.0037005276141474103,True,1.463806957950681,1.4499512701604544e-13,0.7963333333333332,0.469,True,
MCAR,97,selection_misspecified,True,6.073093000716345e-08,False,0.003501623792398621,True,2.6922019073502033,1.7199575097492925e-12,0.7963333333333332,0.469,True,
MCAR,97,candidate_saturated,True,2.44819545329733e-07,False,0.0011355206205700547,True,2.6902280595456123,1.0390799332071765e-11,0.7963333333333332,0.469,True,
MCAR,98,oracle,True,1.5455150586374254e-08,False,0.008209528738204961,True,1.770191824159453,2.0827783941967937e-13,0.7973333333333333,0.485,True,
MCAR,98,MAR_ignorability,True,8.086022490000344e-09,False,0.004687521535516606,True,1.4245692567404127,1.751931932858497e-13,0.7973333333333333,0.485,True,
MCAR,98,selection_misspecified,True,5.7480382869858644e-08,False,0.004514941656383662,True,2.651590575443217,2.949640531824116e-12,0.7973333333333333,0.485,True,
MCAR,98,candidate_saturated,True,1.0699402651681567e-07,False,0.0013977025900166438,True,2.647314563336574,2.0725643423702422e-12,0.7973333333333333,0.485,True,
MCAR,99,oracle,True,2.441986309324436e-08,False,0.008735198398540972,True,1.8063990048638578,1.0103029524088925e-13,0.8006666666666667,0.49,True,
MCAR,99,MAR_ignorability,True,2.2784068140380143e-08,False,0.005232736881338022,True,1.4660391723617905,1.9673151996357774e-13,0.8006666666666667,0.49,True,
MCAR,99,selection_misspecified,True,8.699144382240398e-08,False,0.005267699343322128,True,2.684320140562444,3.5349501104064984e-12,0.8006666666666667,0.49,True,
MCAR,99,candidate_saturated,True,7.191985795174105e-08,False,0.0026388856896340926,True,2.6836331670729594,4.0749625895841746e-12,0.8006666666666667,0.49,True,
MAR,0,oracle,True,1.9541806833334173e-08,False,0.007509986932029951,True,1.8060421790934948,2.8399504969911504e-13,0.805,0.492,True,
MAR,0,MAR_ignorability,True,1.2574825931560563e-08,False,0.004236597032830841,True,1.480904948521279,5.679900993982301e-13,0.805,0.492,True,
MAR,0,selection_misspecified,True,3.501814202971909e-08,False,0.0044351803763471535,True,2.6824367035722023,1.7483792191796965e-12,0.805,0.492,True,
MAR,0,candidate_saturated,True,7.706488693237646e-08,False,0.0015293555703442387,True,2.6816906620110066,9.595435557230303e-12,0.805,0.492,True,
MAR,1,oracle,True,6.699815273819576e-09,False,0.00435369768351407,True,1.7898377754799542,6.217248937900877e-14,0.8106666666666666,0.508,True,
MAR,1,MAR_ignorability,True,3.250392038119573e-08,False,0.002799097755561675,True,1.4638361557673862,1.8807178037150152e-13,0.8106666666666666,0.508,True,
MAR,1,selection_misspecified,True,4.743803358567278e-08,False,0.003206603615930759,True,2.6504903016016326,2.227107387398064e-12,0.8106666666666666,0.508,True,
MAR,1,candidate_saturated,True,6.472941978175051e-08,False,0.000987917750220624,True,2.6439714624372193,1.4015455462867976e-12,0.8106666666666666,0.508,True,
MAR,2,oracle,True,2.17262588585454e-08,False,0.009415239929701594,True,1.7730132321295704,1.1641798636219391e-12,0.781,0.456,True,
MAR,2,MAR_ignorability,True,1.628537731723778e-08,False,0.006007791278617045,True,1.3914355159471261,4.505285033928885e-13,0.781,0.456,True,
MAR,2,selection_misspecified,True,3.077537506429584e-08,False,0.00653643965265994,True,2.6509348103419006,1.6129320101754274e-12,0.781,0.456,True,
MAR,2,candidate_saturated,True,7.359745002144535e-08,False,0.0028596226991368196,True,2.645035904718431,3.3799629761688266e-12,0.781,0.456,True,
MAR,3,oracle,True,2.6098890248960062e-08,False,0.007066781246453573,True,1.8167586543629828,3.3506530883187224e-13,0.8003333333333332,0.49,True,
MAR,3,MAR_ignorability,True,2.4689570120806082e-08,False,0.004238294836523901,True,1.462950998622241,2.071676163950542e-13,0.8003333333333332,0.49,True,
MAR,3,selection_misspecified,True,3.606543279077723e-08,False,0.004118086195276274,True,2.6692914096672973,2.4376056728669937e-12,0.8003333333333332,0.49,True,
MAR,3,candidate_saturated,True,8.421681672254878e-08,False,0.0013988597753455824,True,2.666891374162768,7.477574115455354e-12,0.8003333333333332,0.49,True,
MAR,4,oracle,True,3.633554644988379e-08,False,0.00936903607527594,True,1.7679735205818201,2.7111646261346323e-13,0.7999999999999999,0.506,True,
MAR,4,MAR_ignorability,True,1.952714588146643e-08,False,0.005689849657430379,True,1.4310543241926006,1.0462741784067475e-12,0.7999999999999999,0.506,True,
MAR,4,selection_misspecified,True,5.465083776418078e-08,False,0.004322229573726412,True,2.6425126937132037,1.5001333508735115e-12,0.7999999999999999,0.506,True,
MAR,4,candidate_saturated,True,6.167926311138882e-08,False,0.0007253809373478642,True,2.6329349502294135,8.994138767093318e-12,0.7999999999999999,0.506,True,
MAR,5,oracle,True,2.7487893831168454e-08,False,0.006820459311354358,True,1.803860316757648,2.1382895454280515e-13,0.7963333333333332,0.482,True,
MAR,5,MAR_ignorability,True,1.4421459768990977e-08,False,0.0044135397912856,True,1.4262359142452108,3.639311074721263e-13,0.7963333333333332,0.482,True,
MAR,5,selection_misspecified,True,1.1235501672823833e-07,False,0.0032128134050571563,True,2.6404855378809273,8.37108160567368e-13,0.7963333333333332,0.482,True,
MAR,5,candidate_saturated,True,4.145736562742586e-08,False,0.0009391038541918919,True,2.638143878908478,1.4478196419531741e-11,0.7963333333333332,0.482,True,
MAR,6,oracle,True,4.188614021369275e-08,False,0.007554599171721899,True,1.7781256563720953,3.361755318564974e-13,0.798,0.484,True,
MAR,6,MAR_ignorability,True,9.574591988088798e-09,False,0.0057357730813251875,True,1.4061071372574967,4.0256686872908176e-13,0.798,0.484,True,
MAR,6,selection_misspecified,True,3.0783113941335036e-08,False,0.005515206423014484,True,2.6182915074491726,1.27720056752878e-12,0.798,0.484,True,
MAR,6,candidate_saturated,True,1.2347630654030438e-07,False,0.0010912499888637579,True,2.613057358494713,5.607514452776741e-12,0.798,0.484,True,
MAR,7,oracle,True,2.3741002639623845e-08,False,0.007536712552908182,True,1.7521763634993133,2.496891582381977e-12,0.8013333333333333,0.502,True,
MAR,7,MAR_ignorability,True,4.241795588346886e-08,False,0.005462633778751114,True,1.4187726902433364,7.740474927686591e-13,0.8013333333333333,0.502,True,
MAR,7,selection_misspecified,True,3.7924870219863127e-08,False,0.005317629118489811,True,2.6275091097729963,2.2648549702353193e-12,0.8013333333333333,0.502,True,
MAR,7,candidate_saturated,True,6.846406913751934e-08,False,0.0017144568694821296,True,2.621595201281335,5.03641572890956e-12,0.8013333333333333,0.502,True,
MAR,8,oracle,True,1.3736755616278184e-08,False,0.006074698991879305,True,1.819737982123505,3.710587392902198e-12,0.7896666666666667,0.47,True,
MAR,8,MAR_ignorability,True,1.1558935657443592e-07,False,0.003543102790953455,True,1.4353954274523044,4.3365311341858614e-13,0.7896666666666667,0.47,True,
MAR,8,selection_misspecified,True,4.6572232988817405e-08,False,0.0028950546124464982,True,2.660346038025995,2.8266278206956486e-12,0.7896666666666667,0.47,True,
MAR,8,candidate_saturated,True,1.0591505686674552e-07,False,0.0003220422260492498,True,2.6524024109423077,6.5569771834361745e-12,0.7896666666666667,0.47,True,
MAR,9,oracle,True,3.235839341320448e-08,False,0.005275577624732691,True,1.8301740985478805,3.930189507173054e-13,0.801,0.505,True,
MAR,9,MAR_ignorability,True,2.9753038185330317e-08,False,0.003884321807983899,True,1.4708136124850322,2.7133850721838826e-13,0.801,0.505,True,
MAR,9,selection_misspecified,True,4.8250255409443276e-08,False,0.0011538170030546328,True,2.67901309274579,8.761436021131885e-12,0.801,0.505,True,
MAR,9,candidate_saturated,True,4.9855869571402425e-08,False,0.001842961073544995,True,2.6682345679637365,3.417710559006082e-12,0.801,0.505,True,
MAR,10,oracle,True,4.2237346990881e-08,False,0.008596689734612252,True,1.801266864193222,1.3211653993039363e-13,0.8109999999999999,0.529,True,
MAR,10,MAR_ignorability,True,2.2416308385795862e-08,False,0.005682693514857661,True,1.4625453377562134,3.410605131648481e-13,0.8109999999999999,0.529,True,
MAR,10,selection_misspecified,True,4.364331541872879e-08,False,0.0016758205584866052,True,2.63623472412326,4.772182649048773e-12,0.8109999999999999,0.529,True,
MAR,10,candidate_saturated,True,6.751020307760314e-08,False,0.0012306630481794941,True,2.628685244305927,4.438671652451376e-12,0.8109999999999999,0.529,True,
MAR,11,oracle,True,2.181884197245145e-08,False,0.008553641633367212,True,1.7554624273980104,3.483879851273741e-13,0.8143333333333334,0.52,True,
MAR,11,MAR_ignorability,True,4.159440338846743e-08,False,0.006589874357290607,True,1.433580808949994,4.702904732312163e-13,0.8143333333333334,0.52,True,
MAR,11,selection_misspecified,True,9.641351058475855e-08,False,0.00636449501485911,True,2.6041755358985976,2.69517741458003e-12,0.8143333333333334,0.52,True,
MAR,11,candidate_saturated,True,5.239038605253654e-08,False,0.00041176846585847416,True,2.6011882288655173,6.732836510536799e-12,0.8143333333333334,0.52,True,
MAR,12,oracle,True,1.3377074590259497e-08,False,0.006288094746172832,True,1.7742181329396016,2.9332092310596636e-13,0.794,0.48,True,
MAR,12,MAR_ignorability,True,1.5674515325288512e-08,False,0.005517537395332991,True,1.4039632066025114,2.6068036618198676e-13,0.794,0.48,True,
MAR,12,selection_misspecified,True,7.336213516565687e-08,False,0.002243587866245044,True,2.6243631143070214,3.552713678800501e-12,0.794,0.48,True,
MAR,12,candidate_saturated,True,6.104636010917374e-08,False,0.0012424521872185263,True,2.6211010141590734,3.763656053479281e-12,0.794,0.48,True,
MAR,13,oracle,True,5.297459655325635e-08,False,0.007449390217959397,True,1.8004939893447385,1.6764367671839864e-13,0.7976666666666666,0.488,True,
MAR,13,MAR_ignorability,True,1.5913918259708868e-08,False,0.005020071607777377,True,1.4448212336717803,4.75175454539567e-14,0.7976666666666666,0.488,True,
MAR,13,selection_misspecified,True,3.8439008825608136e-08,False,0.005251820588907009,True,2.6676076769799186,8.473222123939195e-13,0.7976666666666666,0.488,True,
MAR,13,candidate_saturated,True,7.410071114755112e-08,False,0.001271602982154614,True,2.658883458491356,9.632294961647858e-12,0.7976666666666666,0.488,True,
MAR,14,oracle,True,2.9782186578231063e-08,False,0.006929278180358371,True,1.8395632810397955,3.368416656712725e-13,0.793,0.476,True,
MAR,14,MAR_ignorability,True,2.2303026075067567e-08,False,0.004937973973681825,True,1.4638955367628488,2.2426505097428162e-13,0.793,0.476,True,
MAR,14,selection_misspecified,True,6.095528367955349e-08,False,0.005059938105588168,True,2.6989417918216856,2.6334490144108713e-12,0.793,0.476,True,
MAR,14,candidate_saturated,True,9.818074356005013e-08,False,0.002759950268582328,True,2.6966381339565406,4.1309178300252825e-12,0.793,0.476,True,
MAR,15,oracle,True,2.3950681905956845e-08,False,0.007378929669076148,True,1.7494744786870402,1.1595169269185135e-12,0.798,0.481,True,
MAR,15,MAR_ignorability,True,7.800199829666713e-09,False,0.005162616974502795,True,1.4018205273277986,5.733191699164308e-13,0.798,0.481,True,
MAR,15,selection_misspecified,True,1.1470839698000339e-07,False,0.004564426636323724,True,2.612924414842543,9.139355938714289e-13,0.798,0.481,True,
MAR,15,candidate_saturated,True,7.208667508107336e-08,False,0.0015538332681061392,True,2.604307254150764,6.702194355057145e-12,0.798,0.481,True,
MAR,16,oracle,True,2.341474951631471e-08,False,0.006777307751924768,True,1.7981966241626532,8.235634396669411e-13,0.7996666666666666,0.491,True,
MAR,16,MAR_ignorability,True,9.155272097771672e-09,False,0.004711825470611174,True,1.4514339985300324,6.563638521583925e-13,0.7996666666666666,0.491,True,
MAR,16,selection_misspecified,True,4.5802116961715656e-08,False,0.004930092351476259,True,2.6618385050414735,2.992273095969722e-12,0.7996666666666666,0.491,True,
MAR,16,candidate_saturated,True,1.6641414152651635e-07,False,0.0005091462327373014,True,2.6552800211678296,2.639399809822862e-11,0.7996666666666666,0.491,True,
MAR,17,oracle,True,1.575593924407759e-08,False,0.007144273268833873,True,1.8411061125869148,1.5654144647214707e-13,0.786,0.477,True,
MAR,17,MAR_ignorability,True,7.523475756645787e-09,False,0.003680494827432663,True,1.4704346167371718,1.1612932837579137e-13,0.786,0.477,True,
MAR,17,selection_misspecified,True,8.545570745555064e-08,False,0.0028155317337784226,True,2.7140146582055578,4.5927706082693476e-12,0.786,0.477,True,
MAR,17,candidate_saturated,True,2.613506879569072e-07,False,0.00021719332107101973,True,2.7100506059963925,8.382627925129782e-12,0.786,0.477,True,
MAR,18,oracle,True,6.167613215257717e-09,False,0.004901134971102275,True,1.8396011433003638,2.3669954885008337e-13,0.7959999999999999,0.481,True,
MAR,18,MAR_ignorability,True,4.013449387326916e-08,False,0.0035272762082502397,True,1.463024736821047,2.9820590441431705e-13,0.7959999999999999,0.481,True,
MAR,18,selection_misspecified,True,6.25648364557807e-08,False,0.0020240805725752343,True,2.683141819190876,1.5214496329463145e-12,0.7959999999999999,0.481,True,
MAR,18,candidate_saturated,True,6.294841373533089e-08,False,0.0018607892764895548,True,2.679226199484974,6.842970634579615e-12,0.7959999999999999,0.481,True,
MAR,19,oracle,True,3.064971255645199e-08,False,0.008011706749860558,True,1.7788167474780265,2.531308496145357e-13,0.801,0.505,True,
MAR,19,MAR_ignorability,True,2.4298596588590015e-08,False,0.005485874140015509,True,1.4221620733881146,5.278000259067994e-13,0.801,0.505,True,
MAR,19,selection_misspecified,True,7.078699294656848e-08,False,0.005451981809301655,True,2.6372178739555685,7.994493955720827e-12,0.801,0.505,True,
MAR,19,candidate_saturated,True,3.332599338357056e-08,False,0.0005937906176312185,True,2.625403061764704,7.809752844423201e-12,0.801,0.505,True,
MAR,20,oracle,True,1.7281601299882348e-08,False,0.00863776571300969,True,1.810559617977467,3.26183524634871e-13,0.8016666666666666,0.491,True,
MAR,20,MAR_ignorability,True,4.9188679898115595e-09,False,0.005991951715987136,True,1.4548349639391003,1.580957587066223e-13,0.8016666666666666,0.491,True,
MAR,20,selection_misspecified,True,7.489101686353194e-08,False,0.005902795144434029,True,2.6641490506849066,1.638245095136881e-12,0.8016666666666666,0.491,True,
MAR,20,candidate_saturated,True,5.35522499420793e-08,False,0.001682711362556936,True,2.65574473617281,1.2013945394073744e-11,0.8016666666666666,0.491,True,
MAR,21,oracle,True,2.577460823011135e-08,False,0.006834887872814835,True,1.8153750982309484,2.62456723021387e-13,0.798,0.495,True,
MAR,21,MAR_ignorability,True,2.067135280440319e-08,False,0.004639116165890325,True,1.456970565878088,1.538769112130467e-13,0.798,0.495,True,
MAR,21,selection_misspecified,True,2.890153269480278e-08,False,0.004446356276853669,True,2.669654842839835,1.7990053891026037e-12,0.798,0.495,True,
MAR,21,candidate_saturated,True,6.005673697107028e-08,False,0.0018206596828589108,True,2.6645953094940724,3.823164007599189e-12,0.798,0.495,True,
MAR,22,oracle,True,2.560886290028713e-08,False,0.007320969905472739,True,1.7996158925659411,6.326050794314142e-13,0.8083333333333332,0.523,True,
MAR,22,MAR_ignorability,True,7.646291443882687e-08,False,0.0038115985215859223,True,1.4750794205364686,2.950972799453666e-13,0.8083333333333332,0.523,True,
MAR,22,selection_misspecified,True,9.73246495763469e-08,False,0.0004047675347970148,True,2.6522670278021425,5.129230373768223e-12,0.8083333333333332,0.523,True,
MAR,22,candidate_saturated,True,1.2241329134932144e-07,False,0.00011042801544940557,True,2.640258031898587,6.5987215691620804e-12,0.8083333333333332,0.523,True,
MAR,23,oracle,True,1.5901492384839956e-08,False,0.004088522688783677,True,1.8506989071707003,2.560174294785611e-13,0.7913333333333333,0.481,True,
MAR,23,MAR_ignorability,True,2.7800034508029813e-08,False,0.0027550333267540054,True,1.4854057011956472,2.320366121466577e-13,0.7913333333333333,0.481,True,
MAR,23,selection_misspecified,True,1.8586934908082497e-07,False,0.0016751343708210616,True,2.721734101636351,3.773426016095982e-12,0.7913333333333333,0.481,True,
MAR,23,candidate_saturated,True,7.133069614440046e-08,False,0.0012489361935078343,True,2.7171961589400677,5.24913446042774e-12,0.7913333333333333,0.481,True,
MAR,24,oracle,True,2.91342957654539e-08,False,0.007320754447139646,True,1.8205771338854633,1.7896795156957523e-13,0.8136666666666666,0.524,True,
MAR,24,MAR_ignorability,True,8.039173758739575e-09,False,0.005058937138941837,True,1.4832274636059841,6.508127370352668e-13,0.8136666666666666,0.524,True,
MAR,24,selection_misspecified,True,5.3770465873873843e-08,False,0.0033370041853976328,True,2.6532261115607145,5.271338920920243e-13,0.8136666666666666,0.524,True,
MAR,24,candidate_saturated,True,7.64557352419537e-08,False,0.0019249959537253445,True,2.6466334329156562,9.99644811372491e-13,0.8136666666666666,0.524,True,
MAR,25,oracle,True,2.7726235829623676e-08,False,0.005906678330485124,True,1.803694746894687,1.2367884494324244e-13,0.8023333333333333,0.497,True,
MAR,25,MAR_ignorability,True,1.553265344900243e-08,False,0.004456701989073373,True,1.4675041699728746,1.0471623568264476e-12,0.8023333333333333,0.497,True,
MAR,25,selection_misspecified,True,1.9201103948074395e-07,False,0.005061916845595118,True,2.670564873539214,2.1169732633552485e-12,0.8023333333333333,0.497,True,
MAR,25,candidate_saturated,True,7.172793522991494e-08,False,0.00065808465628373,True,2.6635340315186014,3.788525049230884e-12,0.8023333333333333,0.497,True,
MAR,26,oracle,True,1.03125571265213e-08,False,0.008279660966824018,True,1.7880523344981327,1.34781075189494e-13,0.7853333333333333,0.466,True,
MAR,26,MAR_ignorability,True,1.0217353345047531e-08,False,0.005482075735307579,True,1.4005096981797187,6.066258606551855e-13,0.7853333333333333,0.466,True,
MAR,26,selection_misspecified,True,3.4085137718631307e-08,False,0.004940052231933106,True,2.645975542863306,7.94475596421762e-13,0.7853333333333333,0.466,True,
MAR,26,candidate_saturated,True,5.8555497308265816e-08,True,1.633770612343974e-08,False,2.643148382957942,1.5874412895300338e-11,0.7853333333333333,0.466,True,16
MAR,27,oracle,True,3.85690030811469e-08,False,0.004091388944929996,True,1.7910804071278281,5.755396159656812e-13,0.806,0.504,True,
MAR,27,MAR_ignorability,True,2.499658186351403e-08,False,0.003952890523195012,True,1.4433759939138995,2.2715163083830703e-13,0.806,0.504,True,
MAR,27,selection_misspecified,True,6.226885798377158e-08,False,0.004053785965875663,True,2.6442066189987306,2.4380497620768438e-12,0.806,0.504,True,
MAR,27,candidate_saturated,True,4.8600126304698674e-08,False,0.0018100953486371793,True,2.640236846470684,2.3367974222310295e-12,0.806,0.504,True,
MAR,28,oracle,True,5.339904415135877e-08,False,0.00643627346102344,True,1.7542087071345844,1.3389289676979388e-13,0.8023333333333333,0.49,True,
MAR,28,MAR_ignorability,True,1.6239175367860348e-08,False,0.004455255452139292,True,1.4115733155547683,3.0464519795714295e-13,0.8023333333333333,0.49,True,
MAR,28,selection_misspecified,True,5.706302286756504e-08,False,0.004720513118534643,True,2.6197209326678874,3.3706371027619753e-12,0.8023333333333333,0.49,True,
MAR,28,candidate_saturated,True,1.7006681804954127e-07,False,0.0006975580135971446,True,2.614493226806072,8.308020937874971e-12,0.8023333333333333,0.49,True,
MAR,29,oracle,True,2.956964797642958e-08,False,0.005345694433531606,True,1.7777529656053852,4.642952688982405e-13,0.7999999999999999,0.492,True,
MAR,29,MAR_ignorability,True,3.509685389302408e-08,False,0.0029993852746322595,True,1.4153035535571221,2.8177460364986473e-13,0.7999999999999999,0.492,True,
MAR,29,selection_misspecified,True,6.17118524589566e-08,False,0.004644730884246483,True,2.623938306936534,1.5485390747471683e-12,0.7999999999999999,0.492,True,
MAR,29,candidate_saturated,True,3.9577835338810984e-08,False,0.0016311722974707787,True,2.620490056671873,6.037392807911601e-12,0.7999999999999999,0.492,True,
MAR,30,oracle,True,1.6848671223387498e-08,False,0.008092297151445651,True,1.7850237271482492,3.3795188869589765e-13,0.79,0.49,True,
MAR,30,MAR_ignorability,True,8.581209358046413e-09,False,0.005454138379316929,True,1.4035099933770492,4.916067553040193e-13,0.79,0.49,True,
MAR,30,selection_misspecified,True,9.796360503088905e-08,False,0.005895565829960457,True,2.6396707727486075,2.022382261657185e-12,0.79,0.49,True,
MAR,30,candidate_saturated,True,1.9186873412635473e-07,False,0.00045422646703647466,True,2.635678541752367,1.404165672624913e-11,0.79,0.49,True,
MAR,31,oracle,True,3.073706863421233e-08,False,0.007365403265718295,True,1.746811509338217,1.9118040484045196e-13,0.7953333333333333,0.47,True,
MAR,31,MAR_ignorability,True,4.944415980812078e-09,False,0.004543393573341708,True,1.4106560303471072,2.3003821070233244e-13,0.7953333333333333,0.47,True,
MAR,31,selection_misspecified,True,6.128672029595247e-08,False,0.004731427532573173,True,2.6372211871529863,2.063238468963391e-12,0.7953333333333333,0.47,True,
MAR,31,candidate_saturated,True,5.289883530679163e-08,True,2.2646247726202155e-08,False,2.622571532834008,3.5003111520381935e-12,0.7953333333333333,0.47,True,11
MAR,32,oracle,True,3.3649466745555577e-08,False,0.004016158337726661,True,1.794192532259075,1.2856382625159313e-13,0.798,0.496,True,
MAR,32,MAR_ignorability,True,2.963169379488484e-08,False,0.004193519055780344,True,1.4485944676589557,1.9451107391432743e-13,0.798,0.496,True,
MAR,32,selection_misspecified,True,1.3563942611938273e-07,False,0.0038800771247938497,True,2.666598349842836,1.6395773627664312e-12,0.798,0.496,True,
MAR,32,candidate_saturated,True,8.191633063070469e-08,False,0.00011788451869961414,True,2.65759986753542,2.7320368189975852e-11,0.798,0.496,True,
MAR,33,oracle,True,2.277649567156148e-08,False,0.005368514970620759,True,1.8258822748470924,4.409805853811122e-13,0.7946666666666666,0.471,True,
MAR,33,MAR_ignorability,True,2.2239161928672146e-08,False,0.0029905749562205456,True,1.4595183798094515,4.4586556668946287e-13,0.7946666666666666,0.471,True,
MAR,33,selection_misspecified,True,7.063321704847691e-08,False,0.0014831789771567855,True,2.6805539783911043,2.9740654383658693e-12,0.7946666666666666,0.471,True,
MAR,33,candidate_saturated,True,6.408268446200794e-08,False,0.00038655081282141634,True,2.6712485649854214,3.099742684753437e-12,0.7946666666666666,0.471,True,
MAR,34,oracle,True,1.55931427343603e-08,False,0.004661051052740051,True,1.7875100927581373,4.831690603168681e-13,0.8023333333333333,0.495,True,
MAR,34,MAR_ignorability,True,2.5246990811078617e-08,False,0.0024276875056561623,True,1.4431003122097714,3.290701044988964e-13,0.8023333333333333,0.495,True,
MAR,34,selection_misspecified,True,8.361670681990286e-08,False,0.002926741387782558,True,2.647194530983083,1.6400214519762812e-12,0.8023333333333333,0.495,True,
MAR,34,candidate_saturated,True,9.305422108951689e-08,False,0.0019928727386764322,True,2.6401751603950743,1.8354207043103088e-12,0.8023333333333333,0.495,True,
MAR,35,oracle,True,4.293576129765775e-08,False,0.004656901134727546,True,1.8248660159837113,3.4927616354707425e-13,0.8106666666666666,0.521,True,
MAR,35,MAR_ignorability,True,2.1274319113126648e-08,False,0.0037597667029792402,True,1.4795536648064926,4.1366909897533333e-13,0.8106666666666666,0.521,True,
MAR,35,selection_misspecified,True,4.590879051558886e-08,False,0.0010680172349465226,True,2.6580927849413993,3.645084234449314e-12,0.8106666666666666,0.521,True,
MAR,35,candidate_saturated,True,1.1428423462350734e-07,False,0.0001853720243693273,True,2.654572313236626,9.60738155697527e-11,0.8106666666666666,0.521,True,
MAR,36,oracle,True,3.917841650594167e-08,False,0.005209609682800347,True,1.844079837323881,4.050093593832571e-13,0.7999999999999999,0.492,True,
MAR,36,MAR_ignorability,True,1.925574637319516e-08,False,0.004353806049849529,True,1.4706789665438373,5.095923683029469e-13,0.7999999999999999,0.492,True,
MAR,36,selection_misspecified,True,8.264843800420696e-08,False,0.004771476791718746,True,2.6871792632581863,8.539835505416704e-13,0.7999999999999999,0.492,True,
MAR,36,candidate_saturated,True,8.23387322057556e-08,False,0.002186502185274642,True,2.6837666971294545,2.092104267603645e-12,0.7999999999999999,0.492,True,
MAR,37,oracle,True,1.6241998292794954e-08,False,0.0076543277814324125,True,1.8000214764441287,1.2307932450994485e-12,0.7953333333333333,0.484,True,
MAR,37,MAR_ignorability,True,2.3180212435707377e-08,False,0.004807610259234513,True,1.4452124656497205,3.3373304120232206e-13,0.7953333333333333,0.484,True,
MAR,37,selection_misspecified,True,7.940027164576868e-08,False,0.004855357890926098,True,2.6718007698356434,9.43689570931383e-13,0.7953333333333333,0.484,True,
MAR,37,candidate_saturated,True,1.2189526918059483e-07,True,1.219716959661779e-07,False,2.667476069280154,1.2922996006636822e-12,0.7953333333333333,0.484,True,11
MAR,38,oracle,True,2.028157385969287e-08,False,0.00734899271303382,True,1.779839509964796,3.3661962106634746e-13,0.806,0.5,True,
MAR,38,MAR_ignorability,True,1.4254194794888246e-08,False,0.005119537986529444,True,1.4390584670409126,1.745270594710746e-13,0.806,0.5,True,
MAR,38,selection_misspecified,True,6.654550495986677e-08,False,0.00525395386691423,True,2.635801903951483,2.618349981275969e-12,0.806,0.5,True,
MAR,38,candidate_saturated,True,1.3412069459661778e-07,False,0.0009016074920130467,True,2.6280412354186455,5.411671111232863e-12,0.806,0.5,True,
MAR,39,oracle,True,4.7037651137005196e-08,False,0.008308033364936913,True,1.753462037780303,3.785860513971784e-13,0.8053333333333333,0.51,True,
MAR,39,MAR_ignorability,True,1.3638988274422527e-08,False,0.005272428332499335,True,1.4271616666513034,2.0894397323445446e-13,0.8053333333333333,0.51,True,
MAR,39,selection_misspecified,True,7.098791568238561e-08,False,0.005195579033624413,True,2.6294303369343344,8.08242361927114e-13,0.8053333333333333,0.51,True,
MAR,39,candidate_saturated,True,1.087557666337169e-07,False,0.0020076182026135324,True,2.628175295616088,3.648192858918264e-12,0.8053333333333333,0.51,True,
MAR,40,oracle,True,2.519016837709831e-08,False,0.0065143779460088745,True,1.806414344004556,1.9273471707492718e-13,0.8083333333333332,0.504,True,
MAR,40,MAR_ignorability,True,1.0988980184811758e-08,False,0.004980545679784965,True,1.4745031369956887,2.1649348980190553e-13,0.8083333333333332,0.504,True,
MAR,40,selection_misspecified,True,9.819269036981382e-09,False,0.005501671511814474,True,2.6656270126094634,1.056044141023449e-12,0.8083333333333332,0.504,True,
MAR,40,candidate_saturated,True,9.330014621156124e-08,False,0.0019104293642272796,True,2.6599087430459805,3.6153302573893598e-12,0.8083333333333332,0.504,True,
MAR,41,oracle,True,1.4763008131246647e-08,False,0.005751577694252999,True,1.8054979185198166,2.4802382370125997e-13,0.7863333333333333,0.464,True,
MAR,41,MAR_ignorability,True,3.8721450285925286e-08,False,0.003611894059642508,True,1.4198470410282644,2.724487302430134e-13,0.7863333333333333,0.464,True,
MAR,41,selection_misspecified,True,6.211784566167999e-08,False,0.004226993675897081,True,2.669792481733187,2.658762099372325e-12,0.7863333333333333,0.464,True,
MAR,41,candidate_saturated,True,5.566797876727092e-08,False,0.0020440049339324,True,2.665187479473298,4.304112621866807e-12,0.7863333333333333,0.464,True,
MAR,42,oracle,True,1.9733961626553637e-08,False,0.00646066389980785,True,1.7976184888894107,1.212363542890671e-13,0.8026666666666666,0.499,True,
MAR,42,MAR_ignorability,True,3.639967418977985e-08,False,0.004512255454570761,True,1.4533903924351466,5.822009541134321e-13,0.8026666666666666,0.499,True,
MAR,42,selection_misspecified,True,1.062117574920536e-07,False,0.001542777085574743,True,2.647439459178577,3.991029728922513e-12,0.8026666666666666,0.499,True,
MAR,42,candidate_saturated,True,4.9511074618091565e-08,False,6.299727879910279e-05,True,2.6363031153906906,1.744204780607106e-11,0.8026666666666666,0.499,True,
MAR,43,oracle,True,2.0341532738443748e-08,False,0.0073857136681281885,True,1.823975772160419,3.097522238704187e-13,0.7986666666666666,0.49,True,
MAR,43,MAR_ignorability,True,1.7923160733457343e-08,False,0.004104531559307198,True,1.466990388614968,3.497202527569243e-13,0.7986666666666666,0.49,True,
MAR,43,selection_misspecified,True,6.187461279136275e-08,False,0.0024646984142586304,True,2.685496705136092,3.97060162526941e-12,0.7986666666666666,0.49,True,
MAR,43,candidate_saturated,True,8.497210126989785e-08,False,0.0012999109606542621,True,2.6796909413152203,2.5925928071046656e-12,0.7986666666666666,0.49,True,
MAR,44,oracle,True,2.1334864814600597e-08,False,0.006695096579566932,True,1.733038422803458,1.5187850976872141e-13,0.8076666666666666,0.509,True,
MAR,44,MAR_ignorability,True,1.0780053548064067e-08,False,0.005806869922565709,True,1.4080607941773602,5.446754158811018e-13,0.8076666666666666,0.509,True,
MAR,44,selection_misspecified,True,2.1797456780815044e-08,False,0.005712577924515488,True,2.6004249497670098,1.552535877635819e-12,0.8076666666666666,0.509,True,
MAR,44,candidate_saturated,True,6.038603113367457e-08,False,0.0006950975160570511,True,2.594143222747992,1.6271428648906294e-12,0.8076666666666666,0.509,True,
MAR,45,oracle,True,1.3195394783555373e-08,False,0.006049648665950303,True,1.761263569561616,3.057554209817681e-13,0.7916666666666666,0.473,True,
MAR,45,MAR_ignorability,True,1.8924444827110607e-08,False,0.0034504342699239673,True,1.413879799088239,8.151257446797899e-13,0.7916666666666666,0.473,True,
MAR,45,selection_misspecified,True,4.284800102638542e-08,False,0.004055410070967612,True,2.6444423803277686,1.7812418207086012e-12,0.7916666666666666,0.473,True,
MAR,45,candidate_saturated,True,6.350350142270144e-08,False,0.0009892334666878342,True,2.635609863959864,5.510258915819577e-12,0.7916666666666666,0.473,True,
MAR,46,oracle,True,1.1614192694239106e-08,False,0.006377292777393983,True,1.7677856550812576,8.282263763703668e-14,0.8076666666666666,0.505,True,
MAR,46,MAR_ignorability,True,3.01155927086104e-08,False,0.004293338991401212,True,1.4354556563937055,5.981881656680343e-13,0.8076666666666666,0.505,True,
MAR,46,selection_misspecified,True,6.136920624555397e-08,False,0.00443826507767752,True,2.621953982368938,1.4934720127257606e-12,0.8076666666666666,0.505,True,
MAR,46,candidate_saturated,True,8.166389313424283e-08,False,0.001186814711783764,True,2.6168611003095745,4.288569499522055e-12,0.8076666666666666,0.505,True,
MAR,47,oracle,True,2.2376277233295082e-08,False,0.0068077782553107565,True,1.7973792719589832,4.3365311341858614e-13,0.8079999999999999,0.511,True,
MAR,47,MAR_ignorability,True,1.8478893771264055e-08,False,0.004428180781287488,True,1.4738863434359528,1.8918200339612667e-13,0.8079999999999999,0.511,True,
MAR,47,selection_misspecified,True,3.898240880712e-08,False,0.005129032030754743,True,2.6670424462792868,7.989164885202626e-13,0.8079999999999999,0.511,True,
MAR,47,candidate_saturated,True,1.61485335077316e-07,False,0.0017296611396018385,True,2.6645207600221372,3.1246116805050406e-12,0.8079999999999999,0.511,True,
MAR,48,oracle,True,8.93819303782184e-09,False,0.0077854468429937,True,1.7836735453277197,3.9479530755670567e-13,0.7986666666666666,0.492,True,
MAR,48,MAR_ignorability,True,2.1759858384157773e-08,False,0.00491389946680191,True,1.4438706525343932,3.284039706841213e-13,0.7986666666666666,0.492,True,
MAR,48,selection_misspecified,True,1.4547362134959344e-07,False,0.004932874685622282,True,2.659946360579207,1.2616574451840279e-12,0.7986666666666666,0.492,True,
MAR,48,candidate_saturated,True,5.3063391400876016e-08,False,0.0010893800169999301,True,2.6581286517518303,8.395506512215434e-12,0.7986666666666666,0.492,True,
MAR,49,oracle,True,4.23568329208264e-09,False,0.007416275982822213,True,1.8069479131164699,1.2878587085651816e-13,0.7903333333333333,0.464,True,
MAR,49,MAR_ignorability,True,2.1179328243137174e-08,False,0.004366802799411339,True,1.4380334041478555,3.0397906414236786e-13,0.7903333333333333,0.464,True,
MAR,49,selection_misspecified,True,4.017835649622325e-08,False,0.0024518790624260076,True,2.6728651750534227,3.0024871477962733e-12,0.7903333333333333,0.464,True,
MAR,49,candidate_saturated,True,2.0955161344815565e-07,False,0.0008544389168800232,True,2.666770355574943,9.864553618399441e-12,0.7903333333333333,0.464,True,
MAR,50,oracle,True,7.046165804547311e-09,False,0.0069456529247527545,True,1.8423533248727324,1.2656542480726785e-13,0.8023333333333333,0.499,True,
MAR,50,MAR_ignorability,True,3.569083151348795e-08,False,0.003837796859888289,True,1.4881180612983176,6.421529974431905e-13,0.8023333333333333,0.499,True,
MAR,50,selection_misspecified,True,1.1272234051774161e-07,False,0.0018343989665434482,True,2.6921918746085924,5.409006575973763e-13,0.8023333333333333,0.499,True,
MAR,50,candidate_saturated,True,5.485062491672465e-08,False,0.0009754830324358545,True,2.6902379010328126,4.221067939624845e-12,0.8023333333333333,0.499,True,
MAR,51,oracle,True,5.988455734438642e-09,False,0.0088503760694264,True,1.7907036287673035,2.957634137601417e-13,0.8039999999999999,0.5,True,
MAR,51,MAR_ignorability,True,3.590539503800505e-08,False,0.0050159970518253655,True,1.4656199896642375,3.823608096809039e-13,0.8039999999999999,0.5,True,
MAR,51,selection_misspecified,True,4.447318292002261e-08,False,0.0038061079947363814,True,2.665550477160992,8.375522497772181e-13,0.8039999999999999,0.5,True,
MAR,51,candidate_saturated,True,8.088273296724679e-08,False,0.0007057061040536594,True,2.6626713138523033,7.011724534322639e-12,0.8039999999999999,0.5,True,
MAR,52,oracle,True,6.382262339510447e-09,False,0.006059739452588258,True,1.8381046662864167,3.412825577697731e-13,0.7966666666666667,0.489,True,
MAR,52,MAR_ignorability,True,1.7742096509070072e-08,False,0.0038215500704064137,True,1.4724215857895575,5.53113110868253e-13,0.7966666666666667,0.489,True,
MAR,52,selection_misspecified,True,5.3464055630114694e-08,False,0.004056260685343021,True,2.6947153644004485,1.1430856261540612e-12,0.7966666666666667,0.489,True,
MAR,52,candidate_saturated,True,3.6437859929350226e-08,False,0.002065415384221117,True,2.6916305524213793,6.795008999915808e-12,0.7966666666666667,0.489,True,
MAR,53,oracle,True,1.0934019941899464e-08,False,0.007063958900421756,True,1.7702008378013414,2.2426505097428162e-13,0.8093333333333333,0.518,True,
MAR,53,MAR_ignorability,True,9.445144607878043e-09,False,0.003993951442829051,True,1.4409299101500046,3.4372504842394846e-13,0.8093333333333333,0.518,True,
MAR,53,selection_misspecified,True,9.474414921840923e-08,False,0.004715204766099861,True,2.6239531504326354,2.006839139312433e-12,0.8093333333333333,0.518,True,
MAR,53,candidate_saturated,True,1.373000595439322e-07,False,0.00011209873330961657,True,2.612964955599423,3.2289726448198053e-12,0.8093333333333333,0.518,True,
MAR,54,oracle,True,3.015877540324397e-08,False,0.006540240609261097,True,1.835239681122806,4.738431869100168e-13,0.7836666666666666,0.452,True,
MAR,54,MAR_ignorability,True,1.7728597579255836e-08,False,0.0037015989992088463,True,1.4607322435207413,2.6645352591003757e-13,0.7836666666666666,0.452,True,
MAR,54,selection_misspecified,True,5.1681271193648734e-08,False,0.003776893431567082,True,2.705905388308385,4.785061236134425e-12,0.7836666666666666,0.452,True,
MAR,54,candidate_saturated,True,3.865014313975124e-08,False,0.0012169207269478726,True,2.700857419947534,2.76489942052649e-12,0.7836666666666666,0.452,True,
MAR,55,oracle,True,3.517957276011341e-08,False,0.00674098042104324,True,1.8375512101764813,1.858513343222512e-13,0.7919999999999999,0.474,True,
MAR,55,MAR_ignorability,True,8.159698432391852e-09,False,0.005181912195397052,True,1.4507034909633751,3.6193270602780103e-13,0.7919999999999999,0.474,True,
MAR,55,selection_misspecified,True,8.825180631688578e-08,False,0.00229191237868838,True,2.6716156251068437,1.7812418207086012e-12,0.7919999999999999,0.474,True,
MAR,55,candidate_saturated,True,1.1713804530977257e-07,False,0.0015156164656014793,True,2.6660375767626956,2.5299762285158067e-12,0.7919999999999999,0.474,True,
MAR,56,oracle,True,8.213600633910633e-09,False,0.0073847078520998645,True,1.812683671572141,3.523847880160247e-13,0.7999999999999999,0.496,True,
MAR,56,MAR_ignorability,True,3.220279766424647e-08,False,0.0046101912142658625,True,1.4574075415766086,3.539391002504999e-13,0.7999999999999999,0.496,True,
MAR,56,selection_misspecified,True,3.9095997601202443e-08,False,0.003101956006589275,True,2.6655441427123354,9.50839407209969e-12,0.7999999999999999,0.496,True,
MAR,56,candidate_saturated,True,7.195286697481152e-08,False,0.00025306125120488936,True,2.6525474422392556,1.0274003869881199e-11,0.7999999999999999,0.496,True,
MAR,57,oracle,True,1.7257057743358396e-08,False,0.0069080065483717295,True,1.8083014835235631,9.867662242868391e-13,0.8003333333333332,0.496,True,
MAR,57,MAR_ignorability,True,2.7279206722352624e-08,False,0.0034013035974857484,True,1.4538873627501572,3.750333377183779e-13,0.8003333333333332,0.496,True,
MAR,57,selection_misspecified,True,4.760928756357419e-08,False,0.004218998619778634,True,2.667793242711917,1.5409895581797173e-12,0.8003333333333332,0.496,True,
MAR,57,candidate_saturated,True,5.263102141384035e-08,False,0.0012488641274791777,True,2.663129721216912,2.8772539906185557e-12,0.8003333333333332,0.496,True,
MAR,58,oracle,True,1.1877617042965749e-08,False,0.006378093529193141,True,1.770235122530292,3.785860513971784e-13,0.8043333333333332,0.492,True,
MAR,58,MAR_ignorability,True,2.3039579660488752e-08,False,0.005304427696826382,True,1.4075340648889336,4.32542890393961e-13,0.8043333333333332,0.492,True,
MAR,58,selection_misspecified,True,6.22366712029615e-08,False,0.005757520623207825,True,2.6051566664293064,1.113775738303957e-12,0.8043333333333332,0.492,True,
MAR,58,candidate_saturated,True,7.245437073066796e-08,False,0.0004590175651922989,True,2.603951931256955,9.025225011782823e-12,0.8043333333333332,0.492,True,
MAR,59,oracle,True,1.017331328000571e-08,False,0.006497326868139169,True,1.7882137583085687,5.093703236980218e-13,0.8029999999999999,0.498,True,
MAR,59,MAR_ignorability,True,3.892636041292005e-08,False,0.002102653607426864,True,1.4466006369170314,8.038014698286133e-13,0.8029999999999999,0.498,True,
MAR,59,selection_misspecified,True,4.9198146235995835e-08,False,0.002811361431189379,True,2.6560053494170335,3.957278948973908e-12,0.8029999999999999,0.498,True,
MAR,59,candidate_saturated,True,2.926379161607429e-07,False,0.00106152095936412,True,2.6524873474675337,2.213340621892712e-12,0.8029999999999999,0.498,True,
MAR,60,oracle,True,7.007003492293107e-09,False,0.006891694646412415,True,1.8008250991845858,3.8835601401387976e-13,0.8043333333333332,0.506,True,
MAR,60,MAR_ignorability,True,1.4460976467771563e-08,False,0.004082734732566051,True,1.463664604459213,4.656275365277907e-13,0.8043333333333332,0.506,True,
MAR,60,selection_misspecified,True,7.488406054001191e-08,False,0.00443318731211139,True,2.6681175463607323,6.150635556423367e-13,0.8043333333333332,0.506,True,
MAR,60,candidate_saturated,True,1.3983205431022938e-07,False,0.0024934855277003926,True,2.663375178919298,1.3922196728799463e-12,0.8043333333333332,0.506,True,
MAR,61,oracle,True,5.216051751977258e-08,False,0.008332678077165017,True,1.7717135509890698,6.199485369506874e-13,0.783,0.458,True,
MAR,61,MAR_ignorability,True,2.2909890737055072e-08,False,0.005347507532093472,True,1.399968503709296,3.4061642395499803e-13,0.783,0.458,True,
MAR,61,selection_misspecified,True,5.090908570002653e-08,False,0.0060442816836155065,True,2.6493839096233316,1.84430248850731e-12,0.783,0.458,True,
MAR,61,candidate_saturated,True,9.666399616747867e-08,False,0.0006634073126503524,True,2.647706040012557,3.455813413211217e-11,0.783,0.458,True,
MAR,62,oracle,True,5.142903246768693e-09,False,0.006502223677447345,True,1.8137187441915572,1.9872992140790302e-13,0.805,0.521,True,
MAR,62,MAR_ignorability,True,3.103545106779293e-08,False,0.0038900299002825214,True,1.481365955760783,1.907141111701094e-12,0.805,0.521,True,
MAR,62,selection_misspecified,True,1.408446549953854e-07,False,0.003359652381541158,True,2.6763445942323107,1.2649881142579034e-11,0.805,0.521,True,
MAR,62,candidate_saturated,True,6.652210216628873e-08,False,0.0016182732317897958,True,2.6685237888321947,4.172662215751188e-12,0.805,0.521,True,
MAR,63,oracle,True,1.605017762226768e-08,False,0.00664429919689484,True,1.818841764166671,2.3736568266485847e-13,0.7996666666666666,0.491,True,
MAR,63,MAR_ignorability,True,2.985394400829844e-08,False,0.00380142860590572,True,1.4757786068400238,2.7555735471196385e-13,0.7996666666666666,0.491,True,
MAR,63,selection_misspecified,True,8.134943608029133e-08,False,0.0036457542268463314,True,2.6861250346850154,1.864286502950563e-12,0.7996666666666666,0.491,True,
MAR,63,candidate_saturated,True,2.2076127386583266e-08,False,0.0011628342974365333,True,2.6843755939365717,5.3188564663742e-12,0.7996666666666666,0.491,True,
MAR,64,oracle,True,4.3605796122836435e-08,False,0.007809472098409295,True,1.8026553280897746,1.6253665080512292e-13,0.7986666666666666,0.495,True,
MAR,64,MAR_ignorability,True,2.3406625144955473e-08,False,0.004540474636133048,True,1.4468245082866924,9.636735853746359e-13,0.7986666666666666,0.495,True,
MAR,64,selection_misspecified,True,1.0750975161133435e-07,False,0.004892570931968098,True,2.6576345167330246,2.254640918408768e-12,0.7986666666666666,0.495,True,
MAR,64,candidate_saturated,True,3.136362337056997e-08,False,0.0025797428351710602,True,2.6498192929620528,4.850342349982384e-12,0.7986666666666666,0.495,True,
MAR,65,oracle,True,3.0578793378675114e-08,False,0.007553155558275714,True,1.7637287406572189,5.304645611658998e-13,0.8116666666666666,0.522,True,
MAR,65,MAR_ignorability,True,1.1019480572249662e-08,False,0.005932655243338898,True,1.4291289441479422,2.7622348852673895e-13,0.8116666666666666,0.522,True,
MAR,65,selection_misspecified,True,4.5828594061658734e-08,False,0.0059449612308582365,True,2.611275667438002,1.5076828674409626e-12,0.8116666666666666,0.522,True,
MAR,65,candidate_saturated,True,8.150133623452404e-08,False,0.0003504025628239327,True,2.6100605372564583,1.5911716388927744e-12,0.8116666666666666,0.522,True,
MAR,66,oracle,True,1.2396632098010674e-08,False,0.007061830426867131,True,1.7803651125265223,2.5157653738006047e-13,0.7943333333333333,0.477,True,
MAR,66,MAR_ignorability,True,1.7014599316043433e-08,False,0.0047865110388404675,True,1.4240750885226587,2.808864252301646e-13,0.7943333333333333,0.477,True,
MAR,66,selection_misspecified,True,3.713633245983061e-08,False,0.005219041761302122,True,2.6545173010826377,1.1115552922547067e-12,0.7943333333333333,0.477,True,
MAR,66,candidate_saturated,True,7.344711178669527e-08,False,0.0017266337295307455,True,2.646277207761785,3.112177182629239e-12,0.7943333333333333,0.477,True,
MAR,67,oracle,True,1.9359786638029064e-08,False,0.006311611608434691,True,1.7513213803581724,2.2382096176443156e-13,0.7953333333333333,0.479,True,
MAR,67,MAR_ignorability,True,2.9951946716622046e-08,False,0.005433204047805944,True,1.4100827528525497,2.544631172440859e-13,0.7953333333333333,0.479,True,
MAR,67,selection_misspecified,True,9.597577494421198e-08,False,0.0056779068741615755,True,2.6395938137391406,2.326139281194628e-12,0.7953333333333333,0.479,True,
MAR,67,candidate_saturated,True,1.0911368047361592e-07,False,0.0013712958463013396,True,2.6365285129290243,1.2602807686334927e-11,0.7953333333333333,0.479,True,
MAR,68,oracle,True,1.8976782448665297e-08,False,0.006022172304986628,True,1.782508762982776,2.97983859809392e-13,0.7999999999999999,0.499,True,
MAR,68,MAR_ignorability,True,4.389965871045225e-08,False,0.003137715873843382,True,1.4268487489559551,3.008704396734174e-13,0.7999999999999999,0.499,True,
MAR,68,selection_misspecified,True,1.3347353888495343e-07,False,0.0030633724371953606,True,2.6352492394704625,3.886668764607748e-12,0.7999999999999999,0.499,True,
MAR,68,candidate_saturated,True,6.227509032030731e-08,False,0.0011803007603753024,True,2.6325094482701275,2.603250948141067e-12,0.7999999999999999,0.499,True,
MAR,69,oracle,True,1.9923592070958917e-08,False,0.005184819048893687,True,1.76784098573409,2.708944180085382e-14,0.8083333333333332,0.499,True,
MAR,69,MAR_ignorability,True,1.5210199327819752e-08,False,0.00503745270103045,True,1.445706714401936,3.5771385853422544e-13,0.8083333333333332,0.499,True,
MAR,69,selection_misspecified,True,1.215933171909711e-07,False,0.005522430455303916,True,2.6345548885474637,7.700506898800086e-13,0.8083333333333332,0.499,True,
MAR,69,candidate_saturated,True,7.11643849009569e-08,False,0.0008490194471137483,True,2.6308972052534174,2.3736568266485847e-12,0.8083333333333332,0.499,True,
MAR,70,oracle,True,2.8094999816263844e-08,False,0.005411188180485343,True,1.78338755216182,2.0894397323445446e-13,0.7986666666666666,0.487,True,
MAR,70,MAR_ignorability,True,2.7366926635970236e-08,False,0.003965780240684214,True,1.4588833512872612,1.765254609153999e-13,0.7986666666666666,0.487,True,
MAR,70,selection_misspecified,True,9.612588118585504e-08,False,0.004967816462460983,True,2.6744534828932083,1.120437076451708e-12,0.7986666666666666,0.487,True,
MAR,70,candidate_saturated,True,1.4485515947337824e-07,False,0.0019792783485357004,True,2.6704792425009947,2.6911806116913795e-12,0.7986666666666666,0.487,True,
MAR,71,oracle,True,2.0403508993765974e-08,False,0.006613077447623334,True,1.8119372589042937,4.034550471487819e-13,0.7813333333333333,0.441,True,
MAR,71,MAR_ignorability,True,1.4479643847375989e-08,False,0.004464825056192965,True,1.4195542804513759,3.304023721284466e-13,0.7813333333333333,0.441,True,
MAR,71,selection_misspecified,True,9.158090293498455e-08,False,0.0029864984682466712,True,2.6744709865650353,2.6423307986078726e-12,0.7813333333333333,0.441,True,
MAR,71,candidate_saturated,True,1.1658746493026228e-07,False,0.0015106078955016411,True,2.6703064991327596,2.495781359357352e-12,0.7813333333333333,0.441,True,
MAR,72,oracle,True,1.1115831452011751e-08,False,0.009020972796153347,True,1.7873940613892774,3.3217872896784684e-13,0.8096666666666666,0.511,True,
MAR,72,MAR_ignorability,True,1.6284941068950286e-08,False,0.006131791778847628,True,1.4495222013846432,2.169375790117556e-13,0.8096666666666666,0.511,True,
MAR,72,selection_misspecified,True,5.041555346422524e-08,False,0.0027657912692705473,True,2.627991214795748,3.919975455346503e-12,0.8096666666666666,0.511,True,
MAR,72,candidate_saturated,True,1.1020243785253569e-07,False,0.001245272120070471,True,2.626696874735356,5.03463937207016e-12,0.8096666666666666,0.511,True,
MAR,73,oracle,True,4.755691081870239e-08,False,0.007126080662888377,True,1.7652951661406031,3.772537837676282e-13,0.8096666666666666,0.514,True,
MAR,73,MAR_ignorability,True,3.728378145223532e-08,False,0.0042644090350133675,True,1.451997362420849,7.596145934485321e-13,0.8096666666666666,0.514,True,
MAR,73,selection_misspecified,True,1.3537135224694908e-07,False,0.0022257783739751276,True,2.635295540220688,5.614619880134342e-12,0.8096666666666666,0.514,True,
MAR,73,candidate_saturated,True,3.9100481978415755e-08,False,0.0020469148898775882,True,2.6258330616792933,2.8208546609675977e-12,0.8096666666666666,0.514,True,
MAR,74,oracle,True,7.071420422172237e-08,False,0.00710244917385244,True,1.7696108755634596,3.05089287166993e-13,0.8116666666666666,0.524,True,
MAR,74,MAR_ignorability,True,3.160574270827137e-09,False,0.00394433448747796,True,1.444308489020313,1.942890293094024e-13,0.8116666666666666,0.524,True,
MAR,74,selection_misspecified,True,4.951008885703198e-08,False,0.004469551032509955,True,2.6276494151772796,1.943334382303874e-12,0.8116666666666666,0.524,True,
MAR,74,candidate_saturated,True,6.33448859745922e-08,False,0.0013105417831521518,True,2.6267835370020434,6.439293542825908e-12,0.8116666666666666,0.524,True,
MAR,75,oracle,True,2.784409664697944e-08,False,0.00561341871785189,True,1.8181668352477713,2.042810365310288e-13,0.7846666666666667,0.449,True,
MAR,75,MAR_ignorability,True,1.6865099895478256e-08,False,0.003307283075744123,True,1.4251625863486557,1.949551631241775e-13,0.7846666666666667,0.449,True,
MAR,75,selection_misspecified,True,2.6064882902632204e-08,False,0.004795918354026809,True,2.6744558208719194,3.610001186871159e-12,0.7846666666666667,0.449,True,
MAR,75,candidate_saturated,True,1.2472052076906158e-07,False,0.0011044715619134861,True,2.66587762400041,6.532552276894421e-12,0.7846666666666667,0.449,True,
MAR,76,oracle,True,2.6498404161579002e-08,False,0.008675833600294312,True,1.8085529371839653,5.313527395855999e-13,0.794,0.482,True,
MAR,76,MAR_ignorability,True,4.5710310412714716e-08,False,0.005729768827408579,True,1.4400432686407472,7.012168623532489e-13,0.794,0.482,True,
MAR,76,selection_misspecified,True,5.1323886011811484e-08,False,0.0007989964518988624,True,2.661800357103874,6.994405055138486e-13,0.794,0.482,True,
MAR,76,candidate_saturated,True,1.2848336756632327e-07,False,0.001531547716947714,True,2.6588930635112176,7.153833081474659e-12,0.794,0.482,True,
MAR,77,oracle,True,2.5504970763503415e-08,False,0.0061040468223152395,True,1.7962457379555934,3.4083846855992306e-13,0.806,0.515,True,
MAR,77,MAR_ignorability,True,2.345051190673475e-08,False,0.005146629350836148,True,1.4372567756638872,3.623767952376511e-13,0.806,0.515,True,
MAR,77,selection_misspecified,True,1.174274125039787e-07,False,0.0001024178599473674,True,2.621969969829807,2.4229507289419416e-12,0.806,0.515,True,
MAR,77,candidate_saturated,True,4.0250668929939166e-07,True,4.025145738568456e-07,False,2.6182220443084,9.804157485859832e-12,0.806,0.515,True,16
MAR,78,oracle,True,9.878569587895569e-09,False,0.005782626616377904,True,1.82167937573364,1.9628743075372768e-13,0.7946666666666666,0.482,True,
MAR,78,MAR_ignorability,True,9.05834773816394e-09,False,0.004108422098667888,True,1.4500197907134111,1.2234657731369225e-13,0.7946666666666666,0.482,True,
MAR,78,selection_misspecified,True,8.744530941373618e-08,False,0.004253955731082283,True,2.673639147367172,1.588507103633674e-12,0.7946666666666666,0.482,True,
MAR,78,candidate_saturated,True,3.372891707129067e-08,False,0.0018245025184664585,True,2.6701260310295827,4.860556401808935e-12,0.7946666666666666,0.482,True,
MAR,79,oracle,True,1.8613993576721554e-08,False,0.005675901688378162,True,1.7905083275148252,9.792167077193881e-14,0.7989999999999999,0.496,True,
MAR,79,MAR_ignorability,True,3.8193729541363685e-08,False,0.003944240352944943,True,1.4476924186265125,5.413447468072263e-13,0.7989999999999999,0.496,True,
MAR,79,selection_misspecified,True,6.181786610581774e-08,False,0.004958036695194813,True,2.6624246247188985,8.202327705930657e-13,0.7989999999999999,0.496,True,
MAR,79,candidate_saturated,True,8.96995907115894e-08,False,0.000392120896382164,True,2.6572913249741976,1.687761042035163e-11,0.7989999999999999,0.496,True,
MAR,80,oracle,True,1.8753901372514646e-08,False,0.007138562938196907,True,1.7492604853368339,2.4202861936828413e-13,0.805,0.501,True,
MAR,80,MAR_ignorability,True,3.8326703393987136e-08,False,0.004583928220368682,True,1.4210884972666917,2.362554596402333e-13,0.805,0.501,True,
MAR,80,selection_misspecified,True,2.669342435224209e-08,False,0.004537841885405645,True,2.62484396950653,2.5082158572331537e-12,0.805,0.501,True,
MAR,80,candidate_saturated,True,5.545242804849693e-08,False,0.001799365469517628,True,2.6239746490373537,5.484057652438423e-12,0.805,0.501,True,
MAR,81,oracle,True,3.6030292966393594e-08,False,0.007969974170791231,True,1.8204321232660676,2.4069635173873394e-13,0.8093333333333333,0.523,True,
MAR,81,MAR_ignorability,True,9.97855714644879e-09,False,0.00504352072175718,True,1.473894735451545,3.7125857943465235e-13,0.8093333333333333,0.523,True,
MAR,81,selection_misspecified,True,5.120347532804395e-08,False,0.00215424489246077,True,2.6550128941050684,4.720668300706166e-13,0.8093333333333333,0.523,True,
MAR,81,candidate_saturated,True,5.124956209812126e-08,False,0.0006333819466629459,True,2.6482394230479422,9.29345489453226e-12,0.8093333333333333,0.523,True,
MAR,82,oracle,True,1.9731454115934355e-08,False,0.0050286444443099435,True,1.783499110729088,2.604583215770617e-13,0.8023333333333333,0.504,True,
MAR,82,MAR_ignorability,True,3.6720293225468714e-08,False,0.0029749882329349474,True,1.437886003810307,4.840572387365683e-13,0.8023333333333333,0.504,True,
MAR,82,selection_misspecified,True,9.92910081734355e-08,False,0.0041566874309132106,True,2.642700569702797,2.4429347433851945e-12,0.8023333333333333,0.504,True,
MAR,82,candidate_saturated,True,8.852698082151277e-08,False,0.000911933433021166,True,2.637448013622704,3.446132268436486e-12,0.8023333333333333,0.504,True,
MAR,83,oracle,True,3.76420041512393e-08,False,0.00807489387891642,True,1.7651937011388927,1.7430501486614958e-13,0.7986666666666666,0.476,True,
MAR,83,MAR_ignorability,True,3.428026600781498e-09,False,0.004405742566675584,True,1.4219451679656663,4.0234482412415673e-13,0.7986666666666666,0.476,True,
MAR,83,selection_misspecified,True,9.178983292098055e-08,False,0.005017747946857092,True,2.640222713128604,1.5876189252139739e-12,0.7986666666666666,0.476,True,
MAR,83,candidate_saturated,True,8.785532717148215e-08,False,9.144561140593044e-05,True,2.6308810405250207,1.0240697179142444e-11,0.7986666666666666,0.476,True,
MAR,84,oracle,True,2.078354416101824e-08,False,0.005970922820528409,True,1.8290747526262816,6.186162693211372e-13,0.8083333333333332,0.508,True,
MAR,84,MAR_ignorability,True,1.9643809580274633e-08,False,0.003410978552026984,True,1.482518670850603,1.3589129821411916e-13,0.8083333333333332,0.508,True,
MAR,84,selection_misspecified,True,1.1070086770992305e-07,False,0.003852836221381308,True,2.670730621113883,3.751665644813329e-12,0.8083333333333332,0.508,True,
MAR,84,candidate_saturated,True,5.4115708482314244e-08,True,5.422938475457768e-08,False,2.660453348809129,9.317435711864164e-12,0.8083333333333332,0.508,True,11
MAR,85,oracle,True,1.0862629812535828e-08,False,0.0037537507272421464,True,1.8071642049052365,3.0464519795714295e-13,0.8043333333333332,0.507,True,
MAR,85,MAR_ignorability,True,2.61245142585409e-08,False,0.0017750534306986963,True,1.4733692640172276,1.751931932858497e-13,0.8043333333333332,0.507,True,
MAR,85,selection_misspecified,True,7.793218000295976e-08,False,0.00105796160849529,True,2.6594132363923593,3.678390925188069e-12,0.8043333333333332,0.507,True,
MAR,85,candidate_saturated,True,8.91728222711663e-08,False,0.0014856776827594906,True,2.6561676612515224,3.537614645665599e-12,0.8043333333333332,0.507,True,
MAR,86,oracle,True,1.0906341106897698e-08,False,0.0069221274654463864,True,1.7891054771380508,1.170175067954915e-13,0.7956666666666666,0.494,True,
MAR,86,MAR_ignorability,True,9.41407359629122e-09,False,0.004650263917167923,True,1.4549135214169202,5.417888360170764e-13,0.7956666666666666,0.494,True,
MAR,86,selection_misspecified,True,9.351452074513044e-08,False,0.001815747197158211,True,2.6629737711977306,4.7770676303571236e-12,0.7956666666666666,0.494,True,
MAR,86,candidate_saturated,True,9.184495533887116e-08,False,8.499398231305595e-06,True,2.6599465367464936,1.1329159832484947e-11,0.7956666666666666,0.494,True,
MAR,87,oracle,True,2.2487625840561522e-08,False,0.0076933928839861415,True,1.7614139028843427,5.981881656680343e-13,0.8079999999999999,0.501,True,
MAR,87,MAR_ignorability,True,1.7816437531736896e-08,False,0.004985815231429641,True,1.429450479797057,1.0969003483296547e-13,0.8079999999999999,0.501,True,
MAR,87,selection_misspecified,True,1.8082785393724877e-08,False,0.005239524120660513,True,2.6251161035155213,3.3928415632544784e-12,0.8079999999999999,0.501,True,
MAR,87,candidate_saturated,True,5.016602457907915e-08,False,0.002083287269799715,True,2.615161964037184,6.974421040695233e-12,0.8079999999999999,0.501,True,
MAR,88,oracle,True,2.5734719759668012e-08,False,0.006725074320375325,True,1.7913052983367608,3.808064974464287e-13,0.798,0.487,True,
MAR,88,MAR_ignorability,True,2.5890162525132876e-08,False,0.005088001601855442,True,1.447706460452079,2.211564265053312e-12,0.798,0.487,True,
MAR,88,selection_misspecified,True,7.357769707153073e-08,False,0.005165929751850427,True,2.6703893211862626,1.2461143228392757e-12,0.798,0.487,True,
MAR,88,candidate_saturated,True,3.714533779142215e-08,False,0.0018195118336228082,True,2.6653671058837403,8.801848139228241e-12,0.798,0.487,True,
MAR,89,oracle,True,1.7001968745752882e-08,False,0.009060508839452273,True,1.7664273295279254,1.6231460620019789e-13,0.7996666666666666,0.491,True,
MAR,89,MAR_ignorability,True,3.237708096071558e-08,False,0.005277772165561754,True,1.427673684307831,1.1932677068671182e-12,0.7996666666666666,0.491,True,
MAR,89,selection_misspecified,True,6.739578062409102e-08,False,0.005577993885904194,True,2.6396103251974954,7.061018436615996e-13,0.7996666666666666,0.491,True,
MAR,89,candidate_saturated,True,3.65839275404678e-08,False,0.0006409671183335961,True,2.6369450210543395,6.226574811307728e-12,0.7996666666666666,0.491,True,
MAR,90,oracle,True,1.6497079553273124e-08,False,0.007946444707581933,True,1.7718374776963417,2.0694557179012918e-13,0.793,0.477,True,
MAR,90,MAR_ignorability,True,1.9474848435023478e-08,False,0.005156261038427292,True,1.4105784864593993,3.055333763768431e-13,0.793,0.477,True,
MAR,90,selection_misspecified,True,3.231354011394572e-08,False,0.005209862913389586,True,2.6416547174580147,1.6679990721968352e-12,0.793,0.477,True,
MAR,90,candidate_saturated,True,6.68882739184029e-08,False,0.0023254337627565853,True,2.635010946659094,2.928768338961163e-12,0.793,0.477,True,
MAR,91,oracle,True,6.29941470933204e-08,False,0.005956116755244749,True,1.7969967137907508,4.434230760352875e-13,0.8033333333333333,0.495,True,
MAR,91,MAR_ignorability,True,1.9240684472355052e-08,False,0.0036477316947423105,True,1.452424600461214,8.415490526658687e-13,0.8033333333333333,0.495,True,
MAR,91,selection_misspecified,True,3.0787945500358565e-08,False,0.004578806558514657,True,2.654020908385446,3.354649891207373e-12,0.8033333333333333,0.495,True,
MAR,91,candidate_saturated,True,1.477455490928037e-07,False,0.0015903283933228001,True,2.648663181985452,9.127809619258187e-12,0.8033333333333333,0.495,True,
MAR,92,oracle,True,2.737150286236112e-08,False,0.008304304633831337,True,1.7784156798682051,6.52589093874667e-13,0.789,0.476,True,
MAR,92,MAR_ignorability,True,3.650453475394222e-08,False,0.003863088101224347,True,1.4378124681281401,3.894662370385049e-13,0.789,0.476,True,
MAR,92,selection_misspecified,True,4.9255749779542054e-08,False,0.0015551971714896492,True,2.6740010031427017,1.942002114674324e-12,0.789,0.476,True,
MAR,92,candidate_saturated,True,8.450680181870673e-08,False,0.00030762359129445896,True,2.667945084088331,9.838796444228137e-12,0.789,0.476,True,
MAR,93,oracle,True,1.502338462866515e-08,False,0.008056648029785179,True,1.8321032037946452,3.9546144137148076e-13,0.787,0.459,True,
MAR,93,MAR_ignorability,True,1.8930834388240476e-08,False,0.00427881967165565,True,1.4579447316903762,6.652456363553938e-13,0.787,0.459,True,
MAR,93,selection_misspecified,True,7.130792414117292e-08,False,0.00404158920937433,True,2.7041177143827575,2.610800464708518e-12,0.787,0.459,True,
MAR,93,candidate_saturated,True,1.1376155903930485e-07,False,0.001513719153892331,True,2.6994909736133996,1.4590995078833657e-11,0.787,0.459,True,
MAR,94,oracle,True,3.320274130409057e-08,False,0.005391193334315515,True,1.7539082781677193,3.610445276081009e-13,0.8113333333333334,0.523,True,
MAR,94,MAR_ignorability,True,1.8998869281265537e-08,False,0.0027693194710073097,True,1.429906284609831,7.749356711883593e-13,0.8113333333333334,0.523,True,
MAR,94,selection_misspecified,True,6.41901463315107e-08,False,0.0040189136766541405,True,2.613960387642422,4.404476783292921e-12,0.8113333333333334,0.523,True,
MAR,94,candidate_saturated,True,7.50146278236663e-08,False,0.0017304998930088523,True,2.6125540091735417,2.0695889446642468e-11,0.8113333333333334,0.523,True,
MAR,95,oracle,True,1.0261095391398897e-08,False,0.006126327014730202,True,1.8216935394806801,9.547918011776346e-14,0.8029999999999999,0.5,True,
MAR,95,MAR_ignorability,True,2.3211911752557547e-08,False,0.003808009071651932,True,1.4738604802306046,5.46451772720502e-13,0.8029999999999999,0.5,True,
MAR,95,selection_misspecified,True,4.9651550027958456e-08,False,0.004115394545664293,True,2.682495741917508,2.4997781622460025e-12,0.8029999999999999,0.5,True,
MAR,95,candidate_saturated,True,1.7952873346424267e-07,True,1.7975123317379698e-07,False,2.670286943928892,3.8258285428582894e-12,0.8029999999999999,0.5,True,15
MAR,96,oracle,True,5.521550647813456e-09,False,0.008270704134698192,True,1.797867766047616,1.829647544582258e-13,0.8003333333333332,0.493,True,
MAR,96,MAR_ignorability,True,3.1287326445195163e-09,False,0.005589818730248846,True,1.4449655189013073,4.3431924723336124e-13,0.8003333333333332,0.493,True,
MAR,96,selection_misspecified,True,5.6534193294210946e-08,False,0.0054578865186185625,True,2.6552536292104922,2.2390977960640157e-12,0.8003333333333332,0.493,True,
MAR,96,candidate_saturated,True,6.699785897534838e-08,False,0.0019138399327533453,True,2.6512109761712495,2.814637412029697e-12,0.8003333333333332,0.493,True,
MAR,97,oracle,True,1.1432520198651972e-08,False,0.00649136212248823,True,1.8087222831735266,2.2182256032010628e-13,0.794,0.463,True,
MAR,97,MAR_ignorability,True,3.4218000361907475e-08,False,0.003764942584181644,True,1.463495324049866,4.4275694222051243e-13,0.794,0.463,True,
MAR,97,selection_misspecified,True,9.439470376060299e-08,False,0.0038910306400321165,True,2.6960213143713814,2.1791457527342573e-12,0.794,0.463,True,
MAR,97,candidate_saturated,True,2.066072247899342e-07,False,0.0007694053607545905,True,2.6891688517469508,1.020739048840369e-11,0.794,0.463,True,
MAR,98,oracle,True,1.5455150586374254e-08,False,0.008209528738204961,True,1.770191824159453,2.0827783941967937e-13,0.7976666666666666,0.497,True,
MAR,98,MAR_ignorability,True,2.540943212614444e-09,False,0.0048642650597615885,True,1.4228181982697417,2.595701431573616e-13,0.7976666666666666,0.497,True,
MAR,98,selection_misspecified,True,8.825311032067961e-08,False,0.004174209843733554,True,2.6348031589105636,1.34692257347524e-12,0.7976666666666666,0.497,True,
MAR,98,candidate_saturated,True,9.899219000075732e-08,False,0.0011853114323845592,True,2.6300667142218948,5.325073715312101e-12,0.7976666666666666,0.497,True,
MAR,99,oracle,True,2.441986309324436e-08,False,0.008735198398540972,True,1.8063990048638578,1.0103029524088925e-13,0.801,0.501,True,
MAR,99,MAR_ignorability,True,1.4144955008010828e-08,False,0.0051638690775072625,True,1.4636711277374788,1.1812772982011666e-13,0.801,0.501,True,
MAR,99,selection_misspecified,True,6.027187304935566e-08,False,0.004160083225938446,True,2.6604795893234323,2.0379253840019373e-12,0.801,0.501,True,
MAR,99,candidate_saturated,True,9.768082184535843e-08,False,0.0030044269354621827,True,2.6505117234303506,4.0176750815135165e-12,0.801,0.501,True,
MNAR,0,oracle,True,1.9541806833334173e-08,False,0.007509986932029951,True,1.8060421790934948,2.8399504969911504e-13,0.8069999999999999,0.524,True,
MNAR,0,MAR_ignorability,True,2.628786768016367e-08,False,0.0020473689971056345,True,1.4942521487069564,1.2949641359227826e-12,0.8069999999999999,0.524,True,
MNAR,0,selection_misspecified,True,2.479556651730085e-06,True,1.8217246162768252e-06,False,2.613713027263897,6.008527009271347e-13,0.8069999999999999,0.524,True,"10,12"
MNAR,0,candidate_saturated,True,1.2311126145903017e-07,False,1.822865689009688e-05,True,2.5871367270177923,9.486900154342948e-11,0.8069999999999999,0.524,True,
MNAR,1,oracle,True,6.699815273819576e-09,False,0.00435369768351407,True,1.7898377754799542,6.217248937900877e-14,0.8016666666666666,0.524,True,
MNAR,1,MAR_ignorability,True,2.651697089066901e-08,False,1.2219935509334782e-06,True,1.4612942008370897,6.674660824046441e-13,0.8016666666666666,0.524,True,
MNAR,1,selection_misspecified,True,2.72272972965919e-06,True,2.0928250644944012e-06,False,2.5872787244470263,7.054357098468245e-12,0.8016666666666666,0.524,True,"10,12"
MNAR,1,candidate_saturated,True,2.7177450840198955e-07,False,0.0006446766347343631,True,2.548757496098429,4.353850613370014e-12,0.8016666666666666,0.524,True,
MNAR,2,oracle,True,2.17262588585454e-08,False,0.009415239929701594,True,1.7730132321295704,1.1641798636219391e-12,0.777,0.463,True,
MNAR,2,MAR_ignorability,True,2.4873003865666376e-08,False,0.0014247182590657254,True,1.4090949654819214,1.0464962230116726e-12,0.777,0.463,True,
MNAR,2,selection_misspecified,True,2.6399440571018087e-06,True,9.678909235276413e-07,False,2.5816209885508123,4.531930386519889e-12,0.777,0.463,True,"10,12"
MNAR,2,candidate_saturated,True,5.94953637396145e-08,False,0.0019975384961369133,True,2.5385442179434796,5.551559212335633e-12,0.777,0.463,True,
MNAR,3,oracle,True,2.6098890248960062e-08,False,0.007066781246453573,True,1.8167586543629828,3.3506530883187224e-13,0.8076666666666666,0.533,True,
MNAR,3,MAR_ignorability,True,7.413188432927194e-09,False,0.0017722980570730746,True,1.4849998051322544,3.959055305813308e-13,0.8076666666666666,0.533,True,
MNAR,3,selection_misspecified,True,2.845403781837688e-06,True,2.6458057942725754e-06,False,2.5914575231024988,9.50350909079134e-13,0.8076666666666666,0.533,True,"10,12"
MNAR,3,candidate_saturated,True,4.2597342197581157e-07,False,2.2908199019746834e-05,True,2.5571648257305943,1.2858336617682653e-10,0.8076666666666666,0.533,True,
MNAR,4,oracle,True,3.633554644988379e-08,False,0.00936903607527594,True,1.7679735205818201,2.7111646261346323e-13,0.7999999999999999,0.525,True,
MNAR,4,MAR_ignorability,True,1.9628422610828977e-08,False,0.0028530236820797595,True,1.460264976429465,8.923972671937008e-13,0.7999999999999999,0.525,True,
MNAR,4,selection_misspecified,True,3.081047891011842e-06,True,1.8877913024589664e-06,False,2.5786406935811983,4.404920872502771e-12,0.7999999999999999,0.525,True,"10,12"
MNAR,4,candidate_saturated,True,4.3721394952456195e-08,False,0.0014402924341975303,True,2.5374074071716604,6.4437344349244086e-12,0.7999999999999999,0.525,True,
MNAR,5,oracle,True,2.7487893831168454e-08,False,0.006820459311354358,True,1.803860316757648,2.1382895454280515e-13,0.8006666666666667,0.515,True,
MNAR,5,MAR_ignorability,True,3.70795734963153e-08,False,0.0016336952394178444,True,1.45560558841511,2.8688162956314045e-13,0.8006666666666667,0.515,True,
MNAR,5,selection_misspecified,True,2.3616227696608956e-06,True,9.59653649420084e-07,False,2.5885745096594155,1.41886502547095e-12,0.8006666666666667,0.515,True,"10,12"
MNAR,5,candidate_saturated,True,1.0232446778024596e-07,False,0.0007421553636274952,True,2.5639547722281946,3.851141627819743e-12,0.8006666666666667,0.515,True,
MNAR,6,oracle,True,4.188614021369275e-08,False,0.007554599171721899,True,1.7781256563720953,3.361755318564974e-13,0.7966666666666667,0.511,True,
MNAR,6,MAR_ignorability,True,2.6123478468587092e-08,False,0.003335296062026787,True,1.4364289708381193,1.6564527527407336e-13,0.7966666666666667,0.511,True,
MNAR,6,selection_misspecified,True,3.7539925762153053e-06,True,1.8424329562810007e-06,False,2.559023458564224,2.1893598045608087e-13,0.7966666666666667,0.511,True,"10,12"
MNAR,6,candidate_saturated,True,6.349666822247358e-08,False,0.0008554265472292961,True,2.5193194760968716,6.482370196181364e-12,0.7966666666666667,0.511,True,
MNAR,7,oracle,True,2.3741002639623845e-08,False,0.007536712552908182,True,1.7521763634993133,2.496891582381977e-12,0.7993333333333333,0.519,True,
MNAR,7,MAR_ignorability,True,3.387346331278292e-08,False,0.002295555939897097,True,1.4232599035743434,1.1191048088221578e-13,0.7993333333333333,0.519,True,
MNAR,7,selection_misspecified,True,2.448479523857583e-06,True,1.5172670210931135e-06,False,2.5465177352597888,1.3646861418692424e-12,0.7993333333333333,0.519,True,"10,12"
MNAR,7,candidate_saturated,True,4.2668268044110394e-08,False,0.000425446317416825,True,2.497185481957731,6.283862319378386e-12,0.7993333333333333,0.519,True,
MNAR,8,oracle,True,1.3736755616278184e-08,False,0.006074698991879305,True,1.819737982123505,3.710587392902198e-12,0.7796666666666666,0.487,True,
MNAR,8,MAR_ignorability,True,2.7025963514004657e-08,False,0.0013513577547570404,True,1.449530307189502,3.4505731605349865e-13,0.7796666666666666,0.487,True,
MNAR,8,selection_misspecified,True,2.992021336344829e-06,True,2.551205542777078e-06,False,2.608594607232118,1.0400569294688466e-12,0.7796666666666666,0.487,True,"10,12"
MNAR,8,candidate_saturated,True,4.608363436098273e-08,False,0.00029216847087134976,True,2.5620968027465683,1.6466827901240322e-11,0.7796666666666666,0.487,True,
MNAR,9,oracle,True,3.235839341320448e-08,False,0.005275577624732691,True,1.8301740985478805,3.930189507173054e-13,0.8056666666666666,0.532,True,
MNAR,9,MAR_ignorability,True,2.8051940584691573e-08,False,0.0022418012177642254,True,1.4916009836283797,7.343015084870785e-13,0.8056666666666666,0.532,True,
MNAR,9,selection_misspecified,True,2.6482125149503174e-06,True,2.3035707174991983e-06,False,2.6149228611445325,1.0791367799356522e-12,0.8056666666666666,0.532,True,"10,12"
MNAR,9,candidate_saturated,True,8.091849434954668e-08,False,0.0001504177707189314,True,2.5650587986982036,1.5633716543561604e-11,0.8056666666666666,0.532,True,
MNAR,10,oracle,True,4.2237346990881e-08,False,0.008596689734612252,True,1.801266864193222,1.3211653993039363e-13,0.7976666666666666,0.52,True,
MNAR,10,MAR_ignorability,True,2.608192675401799e-08,False,0.00338664371424397,True,1.4582453640943027,2.970956813896919e-13,0.7976666666666666,0.52,True,
MNAR,10,selection_misspecified,True,3.1924955546192727e-06,True,3.1043878638780682e-06,False,2.574692983314024,1.5165646516379638e-12,0.7976666666666666,0.52,True,"10,12"
MNAR,10,candidate_saturated,True,1.9823949497532744e-07,False,0.0013638168374830238,True,2.5206787671381834,4.4284576006248244e-12,0.7976666666666666,0.52,True,
MNAR,11,oracle,True,2.181884197245145e-08,False,0.008553641633367212,True,1.7554624273980104,3.483879851273741e-13,0.806,0.533,True,
MNAR,11,MAR_ignorability,True,3.73416787422269e-08,False,0.0034511848688790424,True,1.4467792227943952,2.333688797762079e-13,0.806,0.533,True,
MNAR,11,selection_misspecified,True,2.6517647437528754e-06,True,2.3793713101103425e-06,False,2.5511046489485163,3.5704772471945034e-13,0.806,0.533,True,"10,12"
MNAR,11,candidate_saturated,True,7.716473557327008e-08,True,7.728758742719508e-08,False,2.5121048480754595,2.6827429167042283e-12,0.806,0.533,True,12
MNAR,12,oracle,True,1.3377074590259497e-08,False,0.006288094746172832,True,1.7742181329396016,2.9332092310596636e-13,0.802,0.524,True,
MNAR,12,MAR_ignorability,True,2.465401335679218e-08,False,0.0005268155115265673,True,1.4450956877552714,3.856914787547794e-13,0.802,0.524,True,
MNAR,12,selection_misspecified,True,2.6872126324059947e-06,True,2.6833198659927473e-06,False,2.5621171488299876,3.914646384828302e-12,0.802,0.524,True,"10,12"
MNAR,12,candidate_saturated,True,4.609362540985984e-08,True,1.5476265418656484e-08,False,2.528992516376545,6.66666721826914e-12,0.802,0.524,True,10
MNAR,13,oracle,True,5.297459655325635e-08,False,0.007449390217959397,True,1.8004939893447385,1.6764367671839864e-13,0.7959999999999999,0.516,True,
MNAR,13,MAR_ignorability,True,5.063973025243307e-09,False,0.002259400104831647,True,1.4621345277372633,2.774447338538266e-12,0.7959999999999999,0.516,True,
MNAR,13,selection_misspecified,True,1.8850256133835077e-06,True,1.5273250344221336e-06,False,2.611119337725752,6.588951606545379e-12,0.7959999999999999,0.516,True,"10,12"
MNAR,13,candidate_saturated,True,5.770740055766055e-08,False,6.88461622173333e-06,True,2.5614031335312317,9.103384712716434e-12,0.7959999999999999,0.516,True,
MNAR,14,oracle,True,2.9782186578231063e-08,False,0.006929278180358371,True,1.8395632810397955,3.368416656712725e-13,0.7959999999999999,0.507,True,
MNAR,14,MAR_ignorability,True,1.7792717567417632e-08,False,0.0023930623829073877,True,1.4788892051946776,1.4592771435673058e-12,0.7959999999999999,0.507,True,
MNAR,14,selection_misspecified,True,2.289378592833264e-06,True,1.1693969554399312e-06,False,2.634010481899085,2.361666417982633e-12,0.7959999999999999,0.507,True,"10,12"
MNAR,14,candidate_saturated,True,8.95302367140971e-08,False,0.0017334028505158968,True,2.589881525907913,6.296740906464038e-12,0.7959999999999999,0.507,True,
MNAR,15,oracle,True,2.3950681905956845e-08,False,0.007378929669076148,True,1.7494744786870402,1.1595169269185135e-12,0.8076666666666666,0.535,True,
MNAR,15,MAR_ignorability,True,3.644850209145776e-08,False,0.002528495957008953,True,1.4409422880012426,7.238654120556021e-13,0.8076666666666666,0.535,True,
MNAR,15,selection_misspecified,True,2.9300236908944978e-06,True,2.6540149582134804e-06,False,2.5369490219927857,3.675282300719118e-12,0.8076666666666666,0.535,True,"10,12"
MNAR,15,candidate_saturated,True,2.4118399352340836e-07,False,2.528100290436913e-05,True,2.486658035454778,6.38022967791585e-12,0.8076666666666666,0.535,True,
MNAR,16,oracle,True,2.341474951631471e-08,False,0.006777307751924768,True,1.7981966241626532,8.235634396669411e-13,0.8039999999999999,0.528,True,
MNAR,16,MAR_ignorability,True,1.949193969413843e-08,False,0.002626367049656249,True,1.466532216332962,2.6485480475457734e-12,0.8039999999999999,0.528,True,
MNAR,16,selection_misspecified,True,3.5044198808621482e-06,True,2.3021113822349927e-06,False,2.5737106732561927,1.1040057756872557e-12,0.8039999999999999,0.528,True,"10,12"
MNAR,16,candidate_saturated,True,4.523987334437152e-08,True,4.072729279014603e-08,False,2.5279184151013934,5.472511332982322e-12,0.8039999999999999,0.528,True,16
MNAR,17,oracle,True,1.575593924407759e-08,False,0.007144273268833873,True,1.8411061125869148,1.5654144647214707e-13,0.7903333333333333,0.498,True,
MNAR,17,MAR_ignorability,True,3.6882934912034155e-08,False,0.0012088326697727153,True,1.4854192458751438,3.8258285428582894e-13,0.7903333333333333,0.498,True,
MNAR,17,selection_misspecified,True,2.982676768067967e-06,True,2.1927396815004826e-06,False,2.639502787590132,5.195843755245733e-13,0.7903333333333333,0.498,True,"10,12"
MNAR,17,candidate_saturated,True,3.6803616430609533e-07,True,2.3928912972451316e-08,False,2.5938673375297236,3.1099567365799885e-12,0.7903333333333333,0.498,True,"12,16"
MNAR,18,oracle,True,6.167613215257717e-09,False,0.004901134971102275,True,1.8396011433003638,2.3669954885008337e-13,0.794,0.505,True,
MNAR,18,MAR_ignorability,True,2.703433248827996e-07,True,2.7116904714389994e-07,False,1.4841898849619723,3.0331293032759277e-13,0.794,0.505,True,6
MNAR,18,selection_misspecified,True,3.1069510190113146e-06,True,2.2017158938318647e-06,False,2.6267113058113027,3.227640377190255e-12,0.794,0.505,True,"10,12"
MNAR,18,candidate_saturated,True,7.947042452638442e-08,False,0.0007171245905650587,True,2.5750162418921163,4.009681475736215e-12,0.794,0.505,True,
MNAR,19,oracle,True,3.064971255645199e-08,False,0.008011706749860558,True,1.7788167474780265,2.531308496145357e-13,0.7846666666666667,0.505,True,
MNAR,19,MAR_ignorability,True,9.920943760066692e-09,False,0.0023975934081390017,True,1.4224364344727416,2.3314683517128287e-13,0.7846666666666667,0.505,True,
MNAR,19,selection_misspecified,True,2.8996614873253086e-06,True,2.088220098245331e-06,False,2.577574019419702,2.064570736592941e-12,0.7846666666666667,0.505,True,"10,12"
MNAR,19,candidate_saturated,True,4.875421984940065e-08,False,0.0014898228773334789,True,2.5334969058193972,4.162004074714787e-12,0.7846666666666667,0.505,True,
MNAR,20,oracle,True,1.7281601299882348e-08,False,0.00863776571300969,True,1.810559617977467,3.26183524634871e-13,0.7946666666666666,0.512,True,
MNAR,20,MAR_ignorability,True,1.3941311845400151e-08,False,0.0016891265969528238,True,1.472522125545141,2.013944566670034e-13,0.7946666666666666,0.512,True,
MNAR,20,selection_misspecified,True,3.4883367473566696e-06,True,1.9114604155714892e-06,False,2.604005801634585,9.36584143573782e-13,0.7946666666666666,0.512,True,"10,12"
MNAR,20,candidate_saturated,True,2.887934695997483e-08,True,2.897074869948935e-08,False,2.545644465972266,2.212008354263162e-12,0.7946666666666666,0.512,True,16
MNAR,21,oracle,True,2.577460823011135e-08,False,0.006834887872814835,True,1.8153750982309484,2.62456723021387e-13,0.7926666666666667,0.503,True,
MNAR,21,MAR_ignorability,True,4.47048567968622e-08,False,0.001265469184735952,True,1.4591450088476678,1.1286527268339341e-12,0.7926666666666667,0.503,True,
MNAR,21,selection_misspecified,True,2.2493137176511302e-06,True,2.0691102625855373e-06,False,2.6011876777476854,3.078426402680634e-12,0.7926666666666667,0.503,True,"10,12"
MNAR,21,candidate_saturated,True,1.3426695684515266e-07,False,0.00116367591395889,True,2.558101658448164,2.2462032234216167e-12,0.7926666666666667,0.503,True,
MNAR,22,oracle,True,2.560886290028713e-08,False,0.007320969905472739,True,1.7996158925659411,6.326050794314142e-13,0.8136666666666666,0.558,True,
MNAR,22,MAR_ignorability,True,3.5211544521573936e-08,False,0.0003307788783845246,True,1.5006900022219887,1.9184653865522705e-12,0.8136666666666666,0.558,True,
MNAR,22,selection_misspecified,True,4.242624561591199e-06,True,3.0620057076671974e-06,False,2.588531441031628,3.290701044988964e-13,0.8136666666666666,0.558,True,"10,12"
MNAR,22,candidate_saturated,True,2.117018466591958e-07,False,0.0003171155110975482,True,2.5209557333092008,8.676614982050523e-12,0.8136666666666666,0.558,True,
MNAR,23,oracle,True,1.5901492384839956e-08,False,0.004088522688783677,True,1.8506989071707003,2.560174294785611e-13,0.7946666666666666,0.5,True,
MNAR,23,MAR_ignorability,True,2.0830097844191337e-08,False,0.0004893700934580471,True,1.5027477595414651,2.0243806631015104e-12,0.7946666666666666,0.5,True,
MNAR,23,selection_misspecified,True,2.469703154953801e-06,True,1.8405676204612997e-06,False,2.663667839339465,1.858069254012662e-12,0.7946666666666666,0.5,True,"10,12"
MNAR,23,candidate_saturated,True,9.528877488218512e-08,False,0.0001366809968731059,True,2.6145868477228498,1.7569057320088177e-11,0.7946666666666666,0.5,True,
MNAR,24,oracle,True,2.91342957654539e-08,False,0.007320754447139646,True,1.8205771338854633,1.7896795156957523e-13,0.8153333333333334,0.555,True,
MNAR,24,MAR_ignorability,True,1.593939923832988e-08,False,0.0021117387967112084,True,1.4895397346480508,1.2536638394067268e-12,0.8153333333333334,0.555,True,
MNAR,24,selection_misspecified,True,2.859228857669817e-06,True,2.854087326129674e-06,False,2.57647509807976,2.0801138589376933e-12,0.8153333333333334,0.555,True,"10,12"
MNAR,24,candidate_saturated,True,1.0512734632928122e-07,False,0.001336265511080717,True,2.5294419512360973,4.545697152025241e-12,0.8153333333333334,0.555,True,
MNAR,25,oracle,True,2.7726235829623676e-08,False,0.005906678330485124,True,1.803694746894687,1.2367884494324244e-13,0.7923333333333332,0.519,True,
MNAR,25,MAR_ignorability,True,2.8094038246412058e-08,False,0.0009711774532824584,True,1.4543418961950745,3.772537837676282e-13,0.7923333333333332,0.519,True,
MNAR,25,selection_misspecified,True,4.710344954119466e-06,True,2.8609486450485644e-06,False,2.5784263617694605,1.7048584766143904e-12,0.7923333333333332,0.519,True,"10,12"
MNAR,25,candidate_saturated,True,7.183697011255041e-08,True,7.189000527298776e-08,False,2.518877836511354,2.6135538178095885e-11,0.7923333333333332,0.519,True,16
MNAR,26,oracle,True,1.03125571265213e-08,False,0.008279660966824018,True,1.7880523344981327,1.34781075189494e-13,0.7836666666666666,0.486,True,
MNAR,26,MAR_ignorability,True,2.652258459628909e-08,False,0.0033277737770956947,True,1.4058541181911568,5.262457136723242e-13,0.7836666666666666,0.486,True,
MNAR,26,selection_misspecified,True,2.3795773789849777e-06,True,1.455592310992827e-06,False,2.5631596368205853,1.1977085989656189e-12,0.7836666666666666,0.486,True,"10,12"
MNAR,26,candidate_saturated,True,8.93388067852996e-08,False,3.9296818832703455e-07,True,2.5370207367931217,8.697487174913476e-12,0.7836666666666666,0.486,True,
MNAR,27,oracle,True,3.85690030811469e-08,False,0.004091388944929996,True,1.7910804071278281,5.755396159656812e-13,0.7999999999999999,0.511,True,
MNAR,27,MAR_ignorability,True,2.7685033222664487e-08,False,0.0013463517582753938,True,1.4510100958487007,2.9687363678476686e-13,0.7999999999999999,0.511,True,
MNAR,27,selection_misspecified,True,2.7882769363316073e-06,True,1.2702740745243593e-06,False,2.5753390051996736,3.4656721936698887e-12,0.7999999999999999,0.511,True,"10,12"
MNAR,27,candidate_saturated,True,6.636739103993427e-08,False,0.0011988201262460145,True,2.531484001555535,4.388045482528469e-12,0.7999999999999999,0.511,True,
MNAR,28,oracle,True,5.339904415135877e-08,False,0.00643627346102344,True,1.7542087071345844,1.3389289676979388e-13,0.8116666666666666,0.534,True,
MNAR,28,MAR_ignorability,True,2.2032041334302254e-08,False,0.0005187717600889313,True,1.443717003240082,5.517808432387028e-13,0.8116666666666666,0.534,True,
MNAR,28,selection_misspecified,True,2.7953756818571865e-06,True,2.2001134638071243e-06,False,2.5400782724514404,1.7386092565629951e-12,0.8116666666666666,0.534,True,"10,12"
MNAR,28,candidate_saturated,True,8.174214337319796e-08,False,0.0005545356592368465,True,2.498440433329566,6.707523425575346e-12,0.8116666666666666,0.534,True,
MNAR,29,oracle,True,2.956964797642958e-08,False,0.005345694433531606,True,1.7777529656053852,4.642952688982405e-13,0.7913333333333333,0.511,True,
MNAR,29,MAR_ignorability,True,1.3194330598785267e-06,True,1.3206224997661558e-06,False,1.429607206280781,2.1582735598713043e-13,0.7913333333333333,0.511,True,6
MNAR,29,selection_misspecified,True,3.088009322966991e-06,True,2.5867476114615823e-06,False,2.5614719984430248,3.841815754412892e-12,0.7913333333333333,0.511,True,"10,12"
MNAR,29,candidate_saturated,True,8.170100366555743e-08,False,0.0006823052223238131,True,2.510548655287096,4.770406292209373e-12,0.7913333333333333,0.511,True,
MNAR,30,oracle,True,1.6848671223387498e-08,False,0.008092297151445651,True,1.7850237271482492,3.3795188869589765e-13,0.7949999999999999,0.524,True,
MNAR,30,MAR_ignorability,True,3.3110959942694626e-08,False,0.0027337317251020254,True,1.442698905256955,1.7408297026122455e-13,0.7949999999999999,0.524,True,
MNAR,30,selection_misspecified,True,2.6246529821243795e-06,True,1.948990146354581e-06,False,2.5792543935087866,1.2589929099249275e-12,0.7949999999999999,0.524,True,"10,12"
MNAR,30,candidate_saturated,True,7.574865829518274e-08,True,4.242356931200505e-08,False,2.549820863323421,5.298872451930947e-12,0.7949999999999999,0.524,True,16
MNAR,31,oracle,True,3.073706863421233e-08,False,0.007365403265718295,True,1.746811509338217,1.9118040484045196e-13,0.7906666666666666,0.495,True,
MNAR,31,MAR_ignorability,True,1.4864267967540368e-08,False,0.0020380575016925397,True,1.412870094159256,8.208989044078407e-13,0.7906666666666666,0.495,True,
MNAR,31,selection_misspecified,True,2.3420566842210315e-06,True,1.6329120920477044e-06,False,2.558262649533964,4.055866753560622e-12,0.7906666666666666,0.495,True,"10,12"
MNAR,31,candidate_saturated,True,5.37617244102534e-08,False,0.0008128491588867462,True,2.5162228280451875,8.412825991399586e-12,0.7906666666666666,0.495,True,
MNAR,32,oracle,True,3.3649466745555577e-08,False,0.004016158337726661,True,1.794192532259075,1.2856382625159313e-13,0.7879999999999999,0.492,True,
MNAR,32,MAR_ignorability,True,3.959852452636175e-07,True,3.971110527888604e-07,False,1.4474073171177988,3.3018032752352156e-13,0.7879999999999999,0.492,True,6
MNAR,32,selection_misspecified,True,3.4174946159319526e-06,True,1.8368906195852999e-06,False,2.6009474827582912,2.7635671528969397e-12,0.7879999999999999,0.492,True,"10,12"
MNAR,32,candidate_saturated,True,1.2292437922800657e-07,False,0.00014551648456612076,True,2.546972573711965,1.6363799204555107e-11,0.7879999999999999,0.492,True,
MNAR,33,oracle,True,2.277649567156148e-08,False,0.005368514970620759,True,1.8258822748470924,4.409805853811122e-13,0.7916666666666666,0.492,True,
MNAR,33,MAR_ignorability,True,1.839580795308399e-08,False,0.000702150821105741,True,1.4740838895500523,6.568079413682426e-13,0.7916666666666666,0.492,True,
MNAR,33,selection_misspecified,True,2.9938513875169656e-06,True,2.4727336097592176e-06,False,2.6228346708563275,3.3448799285906716e-12,0.7916666666666666,0.492,True,"10,12"
MNAR,33,candidate_saturated,True,5.193423529359364e-08,False,0.0011785168129529035,True,2.5663711546997146,1.4905410239407502e-11,0.7916666666666666,0.492,True,
MNAR,34,oracle,True,1.55931427343603e-08,False,0.004661051052740051,True,1.7875100927581373,4.831690603168681e-13,0.7973333333333333,0.52,True,
MNAR,34,MAR_ignorability,True,3.920793238876286e-08,False,0.00031467707502847033,True,1.4724204018427418,8.426592756904938e-13,0.7973333333333333,0.52,True,
MNAR,34,selection_misspecified,True,4.112943678349579e-06,True,2.485561095338778e-06,False,2.58912478352609,3.5771385853422544e-12,0.7973333333333333,0.52,True,"10,12"
MNAR,34,candidate_saturated,True,8.865258535628584e-08,False,0.0003193173172341486,True,2.5321942579969816,1.7611245795023933e-11,0.7973333333333333,0.52,True,
MNAR,35,oracle,True,4.293576129765775e-08,False,0.004656901134727546,True,1.8248660159837113,3.4927616354707425e-13,0.8023333333333333,0.538,True,
MNAR,35,MAR_ignorability,True,3.7444968050730145e-08,False,0.0006149665971869626,True,1.4855634291847482,9.825473767932635e-13,0.8023333333333333,0.538,True,
MNAR,35,selection_misspecified,True,3.400054682953684e-06,True,3.0040754634959435e-06,False,2.6029610449159337,4.271694109547752e-12,0.8023333333333333,0.538,True,"10,12"
MNAR,35,candidate_saturated,True,2.838850902401117e-07,True,2.8396487138818376e-07,False,2.551231214921947,1.1407763622628408e-11,0.8023333333333333,0.538,True,12
MNAR,36,oracle,True,3.917841650594167e-08,False,0.005209609682800347,True,1.844079837323881,4.050093593832571e-13,0.7993333333333333,0.511,True,
MNAR,36,MAR_ignorability,True,5.1294982699068293e-08,False,0.000441504340546192,True,1.4950283649166671,1.6084911180769268e-12,0.7993333333333333,0.511,True,
MNAR,36,selection_misspecified,True,1.6806361747621761e-06,True,1.4470522988893588e-06,False,2.6456500755455483,8.668621376273222e-13,0.7993333333333333,0.511,True,"10,12"
MNAR,36,candidate_saturated,True,3.707217199888646e-08,False,0.00020694975158624517,True,2.609972299995158,1.2919443292958022e-11,0.7993333333333333,0.511,True,
MNAR,37,oracle,True,1.6241998292794954e-08,False,0.0076543277814324125,True,1.8000214764441287,1.2307932450994485e-12,0.7989999999999999,0.516,True,
MNAR,37,MAR_ignorability,True,3.90638531978088e-08,False,0.0018093646192509384,True,1.4589078848276436,1.787459069646502e-13,0.7989999999999999,0.516,True,
MNAR,37,selection_misspecified,True,3.2891418079538223e-06,True,1.424233146010269e-06,False,2.5923409001595283,5.214051412849585e-12,0.7989999999999999,0.516,True,"10,12"
MNAR,37,candidate_saturated,True,1.2406663527270585e-07,True,1.2409418663447486e-07,False,2.5569917702654075,1.333066990127918e-11,0.7989999999999999,0.516,True,16
MNAR,38,oracle,True,2.028157385969287e-08,False,0.00734899271303382,True,1.779839509964796,3.3661962106634746e-13,0.802,0.53,True,
MNAR,38,MAR_ignorability,True,2.322100239499081e-08,False,0.0019101687491479473,True,1.4533492498358394,4.560796185160143e-13,0.802,0.53,True,
MNAR,38,selection_misspecified,True,2.6964938335247275e-06,True,2.2677275947160607e-06,False,2.5712892079461085,4.622968674539152e-13,0.802,0.53,True,"10,12"
MNAR,38,candidate_saturated,True,7.928648242483405e-08,False,0.0002783871221686657,True,2.5311206822087997,3.894662370385049e-12,0.802,0.53,True,
MNAR,39,oracle,True,4.7037651137005196e-08,False,0.008308033364936913,True,1.753462037780303,3.785860513971784e-13,0.7993333333333333,0.518,True,
MNAR,39,MAR_ignorability,True,1.8444495877914523e-08,False,0.00283046636026393,True,1.4306318220265692,4.556355293061642e-13,0.7993333333333333,0.518,True,
MNAR,39,selection_misspecified,True,1.417442030332413e-06,True,1.354581789617236e-06,False,2.563283110439811,1.1080025785759062e-12,0.7993333333333333,0.518,True,"10,12"
MNAR,39,candidate_saturated,True,4.784583246042473e-08,False,0.0004492763816582122,True,2.5354490323545074,5.451639140119369e-12,0.7993333333333333,0.518,True,
MNAR,40,oracle,True,2.519016837709831e-08,False,0.0065143779460088745,True,1.806414344004556,1.9273471707492718e-13,0.8029999999999999,0.534,True,
MNAR,40,MAR_ignorability,True,7.937362473894579e-08,False,0.0002940091242278343,True,1.4769292420231965,6.66355859380019e-13,0.8029999999999999,0.534,True,
MNAR,40,selection_misspecified,True,3.961086803481884e-06,True,2.1212072074704545e-06,False,2.592314115447639,2.2160051571518125e-12,0.8029999999999999,0.534,True,"10,12"
MNAR,40,candidate_saturated,True,2.0810506848079057e-07,False,0.0005301335337884369,True,2.5387226393457905,5.929035040708186e-12,0.8029999999999999,0.534,True,
MNAR,41,oracle,True,1.4763008131246647e-08,False,0.005751577694252999,True,1.8054979185198166,2.4802382370125997e-13,0.791,0.495,True,
MNAR,41,MAR_ignorability,True,1.3377733464214891e-08,False,2.78015494851217e-05,True,1.4479746588745293,7.636113963371827e-13,0.791,0.495,True,
MNAR,41,selection_misspecified,True,1.8542071169789043e-06,True,1.4219369749341657e-06,False,2.6093428760452753,2.0028423364237824e-13,0.791,0.495,True,"10,12"
MNAR,41,candidate_saturated,True,7.82274349404588e-08,False,0.0012589311062280424,True,2.56994091812288,4.427125332995274e-12,0.791,0.495,True,
MNAR,42,oracle,True,1.9733961626553637e-08,False,0.00646066389980785,True,1.7976184888894107,1.212363542890671e-13,0.793,0.512,True,
MNAR,42,MAR_ignorability,True,2.3440433330295564e-08,False,0.00036080610612837646,True,1.4662020289210973,9.230394226733551e-13,0.793,0.512,True,
MNAR,42,selection_misspecified,True,4.768519252340759e-06,True,2.037354046405741e-06,False,2.5912429273510273,4.3440806507533125e-12,0.793,0.512,True,"10,12"
MNAR,42,candidate_saturated,True,1.027131261665537e-07,False,0.00029881058647036266,True,2.5303682624027415,6.7337246889564994e-12,0.793,0.512,True,
MNAR,43,oracle,True,2.0341532738443748e-08,False,0.0073857136681281885,True,1.823975772160419,3.097522238704187e-13,0.802,0.521,True,
MNAR,43,MAR_ignorability,True,6.9008546663418265e-09,False,0.0024224154434729105,True,1.4788773954639536,3.4305891460917337e-13,0.802,0.521,True,
MNAR,43,selection_misspecified,True,3.0246659566284554e-06,True,7.113813554808151e-07,False,2.6141925207044316,1.2048140263232199e-12,0.802,0.521,True,"10,12"
MNAR,43,candidate_saturated,True,4.135530204507631e-08,False,0.0005479130016657872,True,2.5687673073403747,1.0200729150255938e-11,0.802,0.521,True,
MNAR,44,oracle,True,2.1334864814600597e-08,False,0.006695096579566932,True,1.733038422803458,1.5187850976872141e-13,0.8109999999999999,0.551,True,
MNAR,44,MAR_ignorability,True,3.419492933095375e-08,False,0.0018478218254241619,True,1.4268387081880873,1.4432899320127035e-13,0.8109999999999999,0.551,True,
MNAR,44,selection_misspecified,True,2.740036154723079e-06,True,2.41590371606969e-06,False,2.507510927052427,3.8995473516934e-12,0.8109999999999999,0.551,True,"10,12"
MNAR,44,candidate_saturated,True,8.9652161695708e-08,False,2.0326965607306304e-05,True,2.470668018525831,1.8615331498494925e-11,0.8109999999999999,0.551,True,
MNAR,45,oracle,True,1.3195394783555373e-08,False,0.006049648665950303,True,1.761263569561616,3.057554209817681e-13,0.7963333333333332,0.512,True,
MNAR,45,MAR_ignorability,True,1.4965847304634768e-08,False,0.0011223288420943917,True,1.4375675665596277,5.697664562376303e-13,0.7963333333333332,0.512,True,
MNAR,45,selection_misspecified,True,3.576928685776528e-06,True,2.1786525029047602e-06,False,2.559123082226516,3.2862601528904634e-13,0.7963333333333332,0.512,True,"10,12"
MNAR,45,candidate_saturated,True,6.813015240575426e-08,False,4.9302537773136274e-05,True,2.513701521565422,6.378453321076449e-12,0.7963333333333332,0.512,True,
MNAR,46,oracle,True,1.1614192694239106e-08,False,0.006377292777393983,True,1.7677856550812576,8.282263763703668e-14,0.8066666666666666,0.538,True,
MNAR,46,MAR_ignorability,True,3.9530969147142365e-07,True,3.971464131859806e-07,False,1.4431567092095183,1.0162981567418683e-12,0.8066666666666666,0.538,True,6
MNAR,46,selection_misspecified,True,3.104033234373097e-06,True,2.7357016396718407e-06,False,2.5463404881026226,7.851497230149107e-13,0.8066666666666666,0.538,True,"10,12"
MNAR,46,candidate_saturated,True,1.7056876158605405e-07,False,0.0009276066142846843,True,2.493166045813264,4.177103107849689e-12,0.8066666666666666,0.538,True,
MNAR,47,oracle,True,2.2376277233295082e-08,False,0.0068077782553107565,True,1.7973792719589832,4.3365311341858614e-13,0.8093333333333333,0.541,True,
MNAR,47,MAR_ignorability,True,4.030846654202308e-08,False,0.00043872999140176516,True,1.482146841894042,1.7394974349826953e-12,0.8093333333333333,0.541,True,
MNAR,47,selection_misspecified,True,3.49517734572459e-06,True,1.7938548551913165e-06,False,2.5891848084011015,5.848654893725325e-13,0.8093333333333333,0.541,True,"10,12"
MNAR,47,candidate_saturated,True,8.836443730864118e-08,False,0.0003939188769795607,True,2.5411448304656794,1.0298872865632802e-11,0.8093333333333333,0.541,True,
MNAR,48,oracle,True,8.93819303782184e-09,False,0.0077854468429937,True,1.7836735453277197,3.9479530755670567e-13,0.7976666666666666,0.519,True,
MNAR,48,MAR_ignorability,True,2.8626060648643137e-08,False,0.002669561631620692,True,1.4566410216469108,2.569056078982612e-13,0.7976666666666666,0.519,True,
MNAR,48,selection_misspecified,True,3.4625968026902448e-06,True,2.3944714892107553e-06,False,2.5794437203447296,1.7119639039719914e-12,0.7976666666666666,0.519,True,"10,12"
MNAR,48,candidate_saturated,True,5.4357326368048574e-08,False,0.0002881202608151729,True,2.5332751032188154,1.070965538474411e-11,0.7976666666666666,0.519,True,
MNAR,49,oracle,True,4.23568329208264e-09,False,0.007416275982822213,True,1.8069479131164699,1.2878587085651816e-13,0.7993333333333333,0.516,True,
MNAR,49,MAR_ignorability,True,1.6764145637918906e-08,False,0.0022473239042426884,True,1.4823694785582724,8.65085780787922e-13,0.7993333333333333,0.516,True,
MNAR,49,selection_misspecified,True,2.9992278210781104e-06,True,2.8493476215174976e-06,False,2.608041403380446,4.985345469776803e-12,0.7993333333333333,0.516,True,"10,12"
MNAR,49,candidate_saturated,True,1.1078455565893819e-07,False,0.00033570042906190176,True,2.556412428435634,9.2246210670055e-12,0.7993333333333333,0.516,True,
MNAR,50,oracle,True,7.046165804547311e-09,False,0.0069456529247527545,True,1.8423533248727324,1.2656542480726785e-13,0.806,0.535,True,
MNAR,50,MAR_ignorability,True,2.6959082242081778e-08,False,0.00043165805337066826,True,1.5016100364096336,5.626610288800293e-13,0.806,0.535,True,
MNAR,50,selection_misspecified,True,3.1737193458782232e-06,True,2.889456185529955e-06,False,2.6155230285778117,7.394085344003543e-13,0.806,0.535,True,"10,12"
MNAR,50,candidate_saturated,True,2.9348382788896287e-08,False,0.0006111924303172712,True,2.568645748480736,6.625811010962934e-12,0.806,0.535,True,
MNAR,51,oracle,True,5.988455734438642e-09,False,0.0088503760694264,True,1.7907036287673035,2.957634137601417e-13,0.8053333333333333,0.539,True,
MNAR,51,MAR_ignorability,True,9.197894089642594e-09,False,0.0025235361747722044,True,1.4748675726332594,3.668176873361517e-13,0.8053333333333333,0.539,True,
MNAR,51,selection_misspecified,True,2.839004168066306e-06,True,2.5270160508630233e-06,False,2.58214065779036,1.177724584522366e-12,0.8053333333333333,0.539,True,"10,12"
MNAR,51,candidate_saturated,True,4.526099929952987e-08,True,4.5327541663292406e-08,False,2.5254219979444614,1.602407095901981e-11,0.8053333333333333,0.539,True,16
MNAR,52,oracle,True,6.382262339510447e-09,False,0.006059739452588258,True,1.8381046662864167,3.412825577697731e-13,0.7966666666666667,0.508,True,
MNAR,52,MAR_ignorability,True,2.8047274553916135e-08,False,0.0005785547637088769,True,1.4787744930258264,5.515587986337778e-13,0.7966666666666667,0.508,True,
MNAR,52,selection_misspecified,True,2.147201522915942e-06,True,1.720043004704806e-06,False,2.6249359506730614,1.7008616737257398e-12,0.7966666666666667,0.508,True,"10,12"
MNAR,52,candidate_saturated,True,1.0510859116763526e-07,False,0.00014042803464882578,True,2.5960235751932332,1.999556076270892e-11,0.7966666666666667,0.508,True,
MNAR,53,oracle,True,1.0934019941899464e-08,False,0.007063958900421756,True,1.7702008378013414,2.2426505097428162e-13,0.8076666666666666,0.547,True,
MNAR,53,MAR_ignorability,True,3.781831801272819e-07,True,3.818246019047932e-07,False,1.430304941977443,7.038813976123492e-13,0.8076666666666666,0.547,True,6
MNAR,53,selection_misspecified,True,3.91332716810361e-06,True,1.271961112747537e-06,False,2.5390166784126764,8.451017663446692e-13,0.8076666666666666,0.547,True,"10,12"
MNAR,53,candidate_saturated,True,8.059852110875455e-08,False,0.00047750763990094984,True,2.4905129046999153,9.773071241170328e-12,0.8076666666666666,0.547,True,
MNAR,54,oracle,True,3.015877540324397e-08,False,0.006540240609261097,True,1.835239681122806,4.738431869100168e-13,0.789,0.491,True,
MNAR,54,MAR_ignorability,True,1.7478612490877704e-08,False,0.0011604801262967551,True,1.4667287715633135,3.26405569239796e-13,0.789,0.491,True,
MNAR,54,selection_misspecified,True,2.3229334237582487e-06,True,1.955659696093863e-06,False,2.6293213681596095,2.8199664825478976e-12,0.789,0.491,True,"10,12"
MNAR,54,candidate_saturated,True,1.255008086857856e-07,False,0.0004557208474027267,True,2.591198241397041,2.794608988665459e-11,0.789,0.491,True,
MNAR,55,oracle,True,3.517957276011341e-08,False,0.00674098042104324,True,1.8375512101764813,1.858513343222512e-13,0.793,0.503,True,
MNAR,55,MAR_ignorability,True,3.6005479905981683e-08,False,0.0013604618413827181,True,1.467792055626101,5.342393194496253e-13,0.793,0.503,True,
MNAR,55,selection_misspecified,True,3.1077665451205796e-06,True,2.1729457145902816e-06,False,2.6144776694590095,1.7918999617450027e-12,0.793,0.503,True,"10,12"
MNAR,55,candidate_saturated,True,6.320256283931514e-08,False,0.00034307185891658697,True,2.574749247937448,2.8745894553594553e-12,0.793,0.503,True,
MNAR,56,oracle,True,8.213600633910633e-09,False,0.0073847078520998645,True,1.812683671572141,3.523847880160247e-13,0.8029999999999999,0.533,True,
MNAR,56,MAR_ignorability,True,4.305076497546079e-08,False,0.0009580559886590733,True,1.4670797162982794,3.823608096809039e-13,0.8029999999999999,0.533,True,
MNAR,56,selection_misspecified,True,2.85566051718078e-06,True,2.533391446466748e-06,False,2.5765936981780904,1.7243984018477931e-12,0.8029999999999999,0.533,True,"10,12"
MNAR,56,candidate_saturated,True,2.1956200040607055e-07,False,0.0010510213683488235,True,2.5301535063898215,1.0717648990521411e-11,0.8029999999999999,0.533,True,
MNAR,57,oracle,True,1.7257057743358396e-08,False,0.0069080065483717295,True,1.8083014835235631,9.867662242868391e-13,0.7896666666666667,0.497,True,
MNAR,57,MAR_ignorability,True,4.0246662944012914e-08,False,0.0003994466421901606,True,1.4610595144656835,5.448974604860268e-13,0.7896666666666667,0.497,True,
MNAR,57,selection_misspecified,True,2.8877302969749994e-06,True,2.4114974784467418e-06,False,2.613595279470196,5.3441695513356535e-12,0.7896666666666667,0.497,True,"10,12"
MNAR,57,candidate_saturated,True,1.504261309933641e-07,False,0.0011945587052068574,True,2.5675565734925194,4.4790837705477315e-12,0.7896666666666667,0.497,True,
MNAR,58,oracle,True,1.1877617042965749e-08,False,0.006378093529193141,True,1.770235122530292,3.785860513971784e-13,0.8046666666666668,0.53,True,
MNAR,58,MAR_ignorability,True,1.7454416435444033e-08,False,0.002108905188503641,True,1.4544353301342525,5.080380560684716e-13,0.8046666666666668,0.53,True,
MNAR,58,selection_misspecified,True,2.6232912108651705e-06,True,2.501701309426833e-06,False,2.56323188121689,1.2190248810384219e-12,0.8046666666666668,0.53,True,"10,12"
MNAR,58,candidate_saturated,True,9.248728615318668e-08,False,0.00025671467796969726,True,2.5244030971388742,2.5499602429590595e-12,0.8046666666666668,0.53,True,
MNAR,59,oracle,True,1.017331328000571e-08,False,0.006497326868139169,True,1.7882137583085687,5.093703236980218e-13,0.8053333333333333,0.532,True,
MNAR,59,MAR_ignorability,True,7.845456176939933e-08,False,4.267660634928946e-06,True,1.4661214927404151,6.186162693211372e-13,0.8053333333333333,0.532,True,
MNAR,59,selection_misspecified,True,2.317763878413083e-06,True,2.2948107312654535e-06,False,2.578241409507173,1.1102230246251565e-12,0.8053333333333333,0.532,True,"10,12"
MNAR,59,candidate_saturated,True,1.1472507070209303e-07,False,0.00029270080018171046,True,2.542495023833073,2.7262636592695344e-12,0.8053333333333333,0.532,True,
MNAR,60,oracle,True,7.007003492293107e-09,False,0.006891694646412415,True,1.8008250991845858,3.8835601401387976e-13,0.7993333333333333,0.507,True,
MNAR,60,MAR_ignorability,True,2.6610180833461543e-08,False,0.0008027737474204863,True,1.4671061727130355,6.852296507986466e-13,0.7993333333333333,0.507,True,
MNAR,60,selection_misspecified,True,1.206662927431853e-06,True,1.1472682639855038e-06,False,2.618856825092641,1.0822454044046026e-12,0.7993333333333333,0.507,True,"10,12"
MNAR,60,candidate_saturated,True,6.128460278898018e-08,False,0.0021284463898538705,True,2.5800396391532514,9.00834962180852e-12,0.7993333333333333,0.507,True,
MNAR,61,oracle,True,5.216051751977258e-08,False,0.008332678077165017,True,1.7717135509890698,6.199485369506874e-13,0.7886666666666667,0.504,True,
MNAR,61,MAR_ignorability,True,2.9383937570768327e-08,False,0.001742061968637901,True,1.4326596051597227,2.942091015256665e-13,0.7886666666666667,0.504,True,
MNAR,61,selection_misspecified,True,3.1122634048311173e-06,True,2.8282754069036165e-06,False,2.5601311510016904,1.4659384817150567e-12,0.7886666666666667,0.504,True,"10,12"
MNAR,61,candidate_saturated,True,4.2567251448133445e-08,False,4.91399730059685e-05,True,2.5233461037247467,1.3377743357523286e-11,0.7886666666666667,0.504,True,
MNAR,62,oracle,True,5.142903246768693e-09,False,0.006502223677447345,True,1.8137187441915572,1.9872992140790302e-13,0.7959999999999999,0.544,True,
MNAR,62,MAR_ignorability,True,2.0894117466247402e-08,False,0.0007129586819457132,True,1.466296112694688,1.1568523916594131e-12,0.7959999999999999,0.544,True,
MNAR,62,selection_misspecified,True,3.951649884674572e-06,True,3.462328954358918e-06,False,2.578248247660843,4.413802656699772e-12,0.7959999999999999,0.544,True,"10,12"
MNAR,62,candidate_saturated,True,2.0075935585117665e-07,False,0.00032579748056394753,True,2.507606425335131,2.7919888623273437e-12,0.7959999999999999,0.544,True,
MNAR,63,oracle,True,1.605017762226768e-08,False,0.00664429919689484,True,1.818841764166671,2.3736568266485847e-13,0.8013333333333333,0.532,True,
MNAR,63,MAR_ignorability,True,5.385062800850049e-08,False,0.0016974595316618828,True,1.48636377202921,1.3486989303146402e-12,0.8013333333333333,0.532,True,
MNAR,63,selection_misspecified,True,3.5824013626214713e-06,True,3.3586993065216253e-06,False,2.5920895532893855,1.0595968547022494e-12,0.8013333333333333,0.532,True,"10,12"
MNAR,63,candidate_saturated,True,7.630794450363964e-08,False,9.602927307370549e-07,True,2.54388455105838,7.513629718403081e-10,0.8013333333333333,0.532,True,
MNAR,64,oracle,True,4.3605796122836435e-08,False,0.007809472098409295,True,1.8026553280897746,1.6253665080512292e-13,0.8076666666666666,0.54,True,
MNAR,64,MAR_ignorability,True,2.135090962923846e-08,False,0.002136479605835178,True,1.4685836314919058,6.67021993194794e-13,0.8076666666666666,0.54,True,
MNAR,64,selection_misspecified,True,2.8883797223519067e-06,True,1.901577954438457e-06,False,2.570866220329232,1.3180567748349858e-12,0.8076666666666666,0.54,True,"10,12"
MNAR,64,candidate_saturated,True,6.68646049319932e-08,False,0.0009079348957722768,True,2.5186185131883847,6.488587445119265e-12,0.8076666666666666,0.54,True,
MNAR,65,oracle,True,3.0578793378675114e-08,False,0.007553155558275714,True,1.7637287406572189,5.304645611658998e-13,0.797,0.509,True,
MNAR,65,MAR_ignorability,True,1.3474293088682789e-08,False,0.002550069903436517,True,1.4341675634272533,3.319566843629218e-13,0.797,0.509,True,
MNAR,65,selection_misspecified,True,3.169012843583041e-06,True,2.2936517840190254e-06,False,2.5549219668894194,1.8469670237664104e-12,0.797,0.509,True,"10,12"
MNAR,65,candidate_saturated,True,3.142245340594847e-07,True,6.3474157991195695e-09,False,2.5237733418043127,2.8772539906185557e-12,0.797,0.509,True,"12,16"
MNAR,66,oracle,True,1.2396632098010674e-08,False,0.007061830426867131,True,1.7803651125265223,2.5157653738006047e-13,0.794,0.504,True,
MNAR,66,MAR_ignorability,True,3.897352012546533e-08,False,0.0013054793910686872,True,1.4293076944974228,1.6542323066914832e-13,0.794,0.504,True,
MNAR,66,selection_misspecified,True,2.0389827873716893e-06,True,9.012199554972187e-07,False,2.577815604263774,2.27018404075352e-12,0.794,0.504,True,"10,12"
MNAR,66,candidate_saturated,True,8.753297351998813e-08,False,0.00032223492086643196,True,2.527439620582548,2.9558577807620168e-12,0.794,0.504,True,
MNAR,67,oracle,True,1.9359786638029064e-08,False,0.006311611608434691,True,1.7513213803581724,2.2382096176443156e-13,0.7956666666666666,0.511,True,
MNAR,67,MAR_ignorability,True,3.892567988624487e-08,False,0.0022828874463605713,True,1.4331850204408683,1.7985612998927536e-12,0.7956666666666666,0.511,True,
MNAR,67,selection_misspecified,True,2.998318435720565e-06,True,2.753204519211142e-06,False,2.549454803803371,2.708500090875532e-12,0.7956666666666666,0.511,True,"10,12"
MNAR,67,candidate_saturated,True,6.14112466443828e-08,False,0.0014133493244193167,True,2.5102404022922995,1.0949463558063144e-11,0.7956666666666666,0.511,True,
MNAR,68,oracle,True,1.8976782448665297e-08,False,0.006022172304986628,True,1.782508762982776,2.97983859809392e-13,0.8006666666666667,0.511,True,
MNAR,68,MAR_ignorability,True,1.8814473736639137e-08,False,0.00012504496914691175,True,1.460497815117312,9.043876758596525e-13,0.8006666666666667,0.511,True,
MNAR,68,selection_misspecified,True,3.6179889140227404e-06,True,2.3119489624053135e-06,False,2.5784119537719064,7.251976796851523e-13,0.8006666666666667,0.511,True,"10,12"
MNAR,68,candidate_saturated,True,1.5271380910064636e-07,False,0.00047599017113032055,True,2.53260603238336,1.0198064614996838e-11,0.8006666666666667,0.511,True,
MNAR,69,oracle,True,1.9923592070958917e-08,False,0.005184819048893687,True,1.76784098573409,2.708944180085382e-14,0.8006666666666667,0.522,True,
MNAR,69,MAR_ignorability,True,3.6931579504018152e-09,False,0.0015522006501421206,True,1.4442647729862679,4.3920422854171193e-13,0.8006666666666667,0.522,True,
MNAR,69,selection_misspecified,True,2.317146691080209e-06,True,2.071416688109991e-06,False,2.561342158086991,3.0597746558669314e-13,0.8006666666666667,0.522,True,"10,12"
MNAR,69,candidate_saturated,True,2.523265268621344e-07,False,0.0005077818508224049,True,2.5253675647942013,6.699973909007895e-12,0.8006666666666667,0.522,True,
MNAR,70,oracle,True,2.8094999816263844e-08,False,0.005411188180485343,True,1.78338755216182,2.0894397323445446e-13,0.8039999999999999,0.534,True,
MNAR,70,MAR_ignorability,True,2.2518952580319328e-08,False,6.412516302387062e-05,True,1.4682442783344025,5.253575352526241e-13,0.8039999999999999,0.534,True,
MNAR,70,selection_misspecified,True,3.514654022670807e-06,True,2.4310088687348033e-06,False,2.570299307080966,3.113065361048939e-13,0.8039999999999999,0.534,True,"10,12"
MNAR,70,candidate_saturated,True,3.485438803352281e-07,False,0.0002419342462608497,True,2.533616693371453,4.2317260806612467e-11,0.8039999999999999,0.534,True,
MNAR,71,oracle,True,2.0403508993765974e-08,False,0.006613077447623334,True,1.8119372589042937,4.034550471487819e-13,0.791,0.505,True,
MNAR,71,MAR_ignorability,True,3.766205816934515e-08,False,0.0009707362822511612,True,1.447431272963678,2.866595849582154e-13,0.791,0.505,True,
MNAR,71,selection_misspecified,True,2.596256660132303e-06,True,1.7058401940107143e-06,False,2.597337751898611,3.0326852140660776e-12,0.791,0.505,True,"10,12"
MNAR,71,candidate_saturated,True,5.14786297162173e-08,False,0.0004926676002167104,True,2.5605416805310752,3.33457705892215e-11,0.791,0.505,True,
MNAR,72,oracle,True,1.1115831452011751e-08,False,0.009020972796153347,True,1.7873940613892774,3.3217872896784684e-13,0.8170000000000001,0.557,True,
MNAR,72,MAR_ignorability,True,2.8523495964494218e-08,False,0.0037364942642070607,True,1.4716446797837333,2.680078381445128e-13,0.8170000000000001,0.557,True,
MNAR,72,selection_misspecified,True,3.7082315389748034e-06,True,3.313441729864733e-06,False,2.5309646274112856,1.5631940186722204e-13,0.8170000000000001,0.557,True,"10,12"
MNAR,72,candidate_saturated,True,1.1438514334678548e-07,True,1.1443724177293823e-07,False,2.498752685384344,5.899281063648232e-12,0.8170000000000001,0.557,True,16
MNAR,73,oracle,True,4.755691081870239e-08,False,0.007126080662888377,True,1.7652951661406031,3.772537837676282e-13,0.8053333333333333,0.54,True,
MNAR,73,MAR_ignorability,True,2.266322437883227e-08,False,0.003063487675483414,True,1.4705623300867383,4.332090242087361e-13,0.8053333333333333,0.54,True,
MNAR,73,selection_misspecified,True,3.6678847322823535e-06,True,2.5114544453098826e-06,False,2.5646117964908504,1.5711876244495215e-12,0.8053333333333333,0.54,True,"10,12"
MNAR,73,candidate_saturated,True,3.230087786647573e-07,False,3.6405353251319046e-05,True,2.5151042760966886,1.6396217716874162e-11,0.8053333333333333,0.54,True,
MNAR,74,oracle,True,7.071420422172237e-08,False,0.00710244917385244,True,1.7696108755634596,3.05089287166993e-13,0.8086666666666668,0.545,True,
MNAR,74,MAR_ignorability,True,2.296598252726767e-08,False,0.0002311606158547132,True,1.464901350447264,8.344436253082677e-13,0.8086666666666668,0.545,True,
MNAR,74,selection_misspecified,True,2.85793043916434e-06,True,2.250374625998226e-06,False,2.5670254808168416,1.5374368445009168e-12,0.8086666666666668,0.545,True,"10,12"
MNAR,74,candidate_saturated,True,6.872874737240409e-08,True,3.905947480747936e-08,False,2.530427678816716,6.834977028802314e-12,0.8086666666666668,0.545,True,10
MNAR,75,oracle,True,2.784409664697944e-08,False,0.00561341871785189,True,1.8181668352477713,2.042810365310288e-13,0.791,0.507,True,
MNAR,75,MAR_ignorability,True,2.565592387878572e-07,True,2.574692012749805e-07,False,1.4513538572219173,6.772360450213455e-13,0.791,0.507,True,6
MNAR,75,selection_misspecified,True,3.1612340658273925e-06,True,2.203115795000212e-06,False,2.5980083749627108,1.1217693440812582e-12,0.791,0.507,True,"10,12"
MNAR,75,candidate_saturated,True,9.684865808967658e-08,False,0.0006448748243512051,True,2.549735757621912,5.313971485065849e-12,0.791,0.507,True,
MNAR,76,oracle,True,2.6498404161579002e-08,False,0.008675833600294312,True,1.8085529371839653,5.313527395855999e-13,0.7956666666666666,0.51,True,
MNAR,76,MAR_ignorability,True,5.0613475462424086e-08,False,0.0026297523657907887,True,1.4728000089737343,5.093703236980218e-13,0.7956666666666666,0.51,True,
MNAR,76,selection_misspecified,True,3.5982652290917065e-06,True,1.2491724796357248e-06,False,2.6160818748383363,8.193445921733655e-13,0.7956666666666666,0.51,True,"10,12"
MNAR,76,candidate_saturated,True,5.93820483754115e-08,False,0.00044051116360608586,True,2.5743115410104354,1.1465495219908917e-11,0.7956666666666666,0.51,True,
MNAR,77,oracle,True,2.5504970763503415e-08,False,0.0061040468223152395,True,1.7962457379555934,3.4083846855992306e-13,0.8113333333333334,0.551,True,
MNAR,77,MAR_ignorability,True,3.637580360131912e-08,False,0.0019653790708439177,True,1.4586309467981495,7.189804307472514e-13,0.8113333333333334,0.551,True,
MNAR,77,selection_misspecified,True,3.382715243121667e-06,True,2.0615535819018304e-06,False,2.552783877623715,1.0107470416187425e-12,0.8113333333333334,0.551,True,"10,12"
MNAR,77,candidate_saturated,True,4.517356167652562e-07,True,4.517561760277103e-07,False,2.5146913838520577,2.162270362759955e-12,0.8113333333333334,0.551,True,16
MNAR,78,oracle,True,9.878569587895569e-09,False,0.005782626616377904,True,1.82167937573364,1.9628743075372768e-13,0.7953333333333333,0.519,True,
MNAR,78,MAR_ignorability,True,5.625404450426697e-09,False,0.00104395438364469,True,1.4777671286018645,7.620570841027074e-13,0.7953333333333333,0.519,True,
MNAR,78,selection_misspecified,True,3.21036340921221e-06,True,2.1627254488917813e-06,False,2.6147140672659486,1.8056667272503546e-12,0.7953333333333333,0.519,True,"10,12"
MNAR,78,candidate_saturated,True,8.977875317839335e-08,False,0.00013697930574718665,True,2.563490441235159,3.3426594825414213e-12,0.7953333333333333,0.519,True,
MNAR,79,oracle,True,1.8613993576721554e-08,False,0.005675901688378162,True,1.7905083275148252,9.792167077193881e-14,0.7996666666666666,0.516,True,
MNAR,79,MAR_ignorability,True,1.523841187416771e-08,False,0.00029655509772030493,True,1.4612928619744978,2.418065747633591e-13,0.7996666666666666,0.516,True,
MNAR,79,selection_misspecified,True,3.4532733228228748e-06,True,2.201883255506307e-06,False,2.588281485552847,3.419486915845482e-13,0.7996666666666666,0.516,True,"10,12"
MNAR,79,candidate_saturated,True,9.097516375078385e-08,False,0.0005091941607076817,True,2.5463467563360895,2.3718804698091844e-11,0.7996666666666666,0.516,True,
MNAR,80,oracle,True,1.8753901372514646e-08,False,0.007138562938196907,True,1.7492604853368339,2.4202861936828413e-13,0.805,0.534,True,
MNAR,80,MAR_ignorability,True,5.8954899174734624e-08,False,0.0011976193943434047,True,1.4373198096599413,2.460254222569347e-13,0.805,0.534,True,
MNAR,80,selection_misspecified,True,3.413804530799605e-06,True,2.346592342887528e-06,False,2.5436688692974476,5.95523630408934e-13,0.805,0.534,True,"10,12"
MNAR,80,candidate_saturated,True,9.439426485613467e-08,False,9.138672194717555e-05,True,2.5016442694756953,3.314282182032002e-11,0.805,0.534,True,
MNAR,81,oracle,True,3.6030292966393594e-08,False,0.007969974170791231,True,1.8204321232660676,2.4069635173873394e-13,0.81,0.549,True,
MNAR,81,MAR_ignorability,True,5.3273696132005724e-08,False,0.0021884718339127036,True,1.4793284668802236,1.461053500406706e-13,0.81,0.549,True,
MNAR,81,selection_misspecified,True,3.8088311871800055e-06,True,2.9751161521177717e-06,False,2.5686451158880956,5.138112157965224e-13,0.81,0.549,True,"10,12"
MNAR,81,candidate_saturated,True,1.4911815608797952e-07,False,0.0001452889006645409,True,2.505406694781175,1.611022426573072e-11,0.81,0.549,True,
MNAR,82,oracle,True,1.9731454115934355e-08,False,0.0050286444443099435,True,1.783499110729088,2.604583215770617e-13,0.8063333333333333,0.531,True,
MNAR,82,MAR_ignorability,True,9.475913663149213e-07,True,9.489316248797995e-07,False,1.4610193587631883,6.985523270941485e-13,0.8063333333333333,0.531,True,6
MNAR,82,selection_misspecified,True,4.193102314393227e-06,True,2.109138176444261e-06,False,2.562141346561316,5.013323089997357e-12,0.8063333333333333,0.531,True,"10,12"
MNAR,82,candidate_saturated,True,9.698950215408786e-08,False,2.429531052662533e-05,True,2.5170513990505796,6.050449030681193e-11,0.8063333333333333,0.531,True,
MNAR,83,oracle,True,3.76420041512393e-08,False,0.00807489387891642,True,1.7651937011388927,1.7430501486614958e-13,0.8053333333333333,0.528,True,
MNAR,83,MAR_ignorability,True,4.891048862066449e-08,False,0.00281686952102376,True,1.4434090363430145,6.290523657526137e-13,0.8053333333333333,0.528,True,
MNAR,83,selection_misspecified,True,3.3100761338506845e-06,True,2.688358129598216e-06,False,2.5347220015039573,2.957634137601417e-13,0.8053333333333333,0.528,True,"10,12"
MNAR,83,candidate_saturated,True,6.005154839418217e-07,True,2.6749872892650097e-07,False,2.511339879600902,9.480860541088987e-12,0.8053333333333333,0.528,True,"10,12"
MNAR,84,oracle,True,2.078354416101824e-08,False,0.005970922820528409,True,1.8290747526262816,6.186162693211372e-13,0.8086666666666668,0.539,True,
MNAR,84,MAR_ignorability,True,5.592558655822208e-08,False,0.00014398186600660584,True,1.4876223156801307,6.150635556423367e-13,0.8086666666666668,0.539,True,
MNAR,84,selection_misspecified,True,3.353223475786159e-06,True,3.3185768356893804e-06,False,2.585474440019223,5.622169396701793e-13,0.8086666666666668,0.539,True,"10,12"
MNAR,84,candidate_saturated,True,1.1742642814057958e-07,True,1.1749028906695511e-07,False,2.524005201882151,4.5212722454834875e-12,0.8086666666666668,0.539,True,16
MNAR,85,oracle,True,1.0862629812535828e-08,False,0.0037537507272421464,True,1.8071642049052365,3.0464519795714295e-13,0.8003333333333332,0.529,True,
MNAR,85,MAR_ignorability,True,1.6240968297839615e-06,True,1.6245899245037133e-06,False,1.4814631184822278,1.5150103394034886e-12,0.8003333333333332,0.529,True,6
MNAR,85,selection_misspecified,True,4.197655674094749e-06,True,3.180364902458739e-06,False,2.589638735805994,3.2867042421003134e-12,0.8003333333333332,0.529,True,"10,12"
MNAR,85,candidate_saturated,True,1.5734436837888665e-07,False,3.6196435341040225e-05,True,2.522905487741554,3.8055336659681416e-11,0.8003333333333332,0.529,True,
MNAR,86,oracle,True,1.0906341106897698e-08,False,0.0069221274654463864,True,1.7891054771380508,1.170175067954915e-13,0.79,0.504,True,
MNAR,86,MAR_ignorability,True,3.575181600599375e-08,False,0.0019410977948108525,True,1.4583052325005619,5.899725152858082e-13,0.79,0.504,True,
MNAR,86,selection_misspecified,True,4.392453571574389e-06,True,1.5827482555722573e-06,False,2.587753110355211,1.5218937221561646e-12,0.79,0.504,True,"10,12"
MNAR,86,candidate_saturated,True,1.7421028743364006e-07,True,1.7423942351767202e-07,False,2.5353765603947758,8.607781154523764e-12,0.79,0.504,True,16
MNAR,87,oracle,True,2.2487625840561522e-08,False,0.0076933928839861415,True,1.7614139028843427,5.981881656680343e-13,0.8073333333333333,0.537,True,
MNAR,87,MAR_ignorability,True,3.092200792043087e-08,False,0.0022774473581815375,True,1.4449104154124788,5.544453784978032e-13,0.8073333333333333,0.537,True,
MNAR,87,selection_misspecified,True,1.8047762304170992e-06,True,1.3358790806857449e-06,False,2.558558216433048,6.892264536872972e-13,0.8073333333333333,0.537,True,"10,12"
MNAR,87,candidate_saturated,True,4.254085362820348e-08,False,0.0013384368887594856,True,2.5085084850107515,2.9696245462673687e-12,0.8073333333333333,0.537,True,
MNAR,88,oracle,True,2.5734719759668012e-08,False,0.006725074320375325,True,1.7913052983367608,3.808064974464287e-13,0.801,0.517,True,
MNAR,88,MAR_ignorability,True,1.1940244002639488e-08,False,0.0001424128970417979,True,1.478618856592264,3.05089287166993e-13,0.801,0.517,True,
MNAR,88,selection_misspecified,True,1.908496000843742e-06,True,1.331921920205679e-06,False,2.6277864379014564,7.149836278586008e-13,0.801,0.517,True,"10,12"
MNAR,88,candidate_saturated,True,1.1296282072725816e-07,False,0.00039130324832688436,True,2.5819359540879896,4.055422664350772e-12,0.801,0.517,True,
MNAR,89,oracle,True,1.7001968745752882e-08,False,0.009060508839452273,True,1.7664273295279254,1.6231460620019789e-13,0.8026666666666666,0.525,True,
MNAR,89,MAR_ignorability,True,1.8213371368366444e-08,False,0.0032606764647219715,True,1.4388917902241933,8.808509477375992e-13,0.8026666666666666,0.525,True,
MNAR,89,selection_misspecified,True,2.790797146557829e-06,True,2.119401812686788e-06,False,2.5502532085759833,8.748557434046234e-13,0.8026666666666666,0.525,True,"10,12"
MNAR,89,candidate_saturated,True,6.560055215132365e-08,False,0.0008122394283425178,True,2.50333579335347,5.944578163052938e-12,0.8026666666666666,0.525,True,
MNAR,90,oracle,True,1.6497079553273124e-08,False,0.007946444707581933,True,1.7718374776963417,2.0694557179012918e-13,0.7976666666666666,0.512,True,
MNAR,90,MAR_ignorability,True,1.3104031236981645e-08,False,0.0025450491421155764,True,1.4340155346230334,1.050270981295398e-12,0.7976666666666666,0.512,True,
MNAR,90,selection_misspecified,True,1.7184181996840583e-06,True,1.4482870481551697e-06,False,2.5730166411101925,9.57012247226885e-13,0.7976666666666666,0.512,True,"10,12"
MNAR,90,candidate_saturated,True,7.475296253289798e-08,False,0.0020925975734812884,True,2.5362970360979467,8.132161610774347e-12,0.7976666666666666,0.512,True,
MNAR,91,oracle,True,6.29941470933204e-08,False,0.005956116755244749,True,1.7969967137907508,4.434230760352875e-13,0.802,0.53,True,
MNAR,91,MAR_ignorability,True,9.481315550492006e-07,True,9.487005607150746e-07,False,1.4662540886112874,2.7711166694643907e-13,0.802,0.53,True,6
MNAR,91,selection_misspecified,True,3.378630001979442e-06,True,3.0498737005271045e-06,False,2.5793728759822288,1.9939605522267811e-13,0.802,0.53,True,"10,12"
MNAR,91,candidate_saturated,True,9.345118541048691e-08,False,0.00037144189913372225,True,2.5287595839415133,1.2252865388973078e-11,0.802,0.53,True,
MNAR,92,oracle,True,2.737150286236112e-08,False,0.008304304633831337,True,1.7784156798682051,6.52589093874667e-13,0.7923333333333332,0.507,True,
MNAR,92,MAR_ignorability,True,2.6230682550501178e-08,False,0.0021108213207929856,True,1.4530584778564737,1.0453859999870474e-12,0.7923333333333332,0.507,True,
MNAR,92,selection_misspecified,True,3.707077037768859e-06,True,2.006383662933571e-06,False,2.5795246579736912,1.873612376357414e-12,0.7923333333333332,0.507,True,"10,12"
MNAR,92,candidate_saturated,True,3.2257446205580676e-07,True,3.2261970291288594e-07,False,2.5398568680122033,8.144596108650148e-12,0.7923333333333332,0.507,True,16
MNAR,93,oracle,True,1.502338462866515e-08,False,0.008056648029785179,True,1.8321032037946452,3.9546144137148076e-13,0.783,0.481,True,
MNAR,93,MAR_ignorability,True,9.928303365436263e-09,False,0.0002840464965715147,True,1.468944723297366,8.29780688604842e-13,0.783,0.481,True,
MNAR,93,selection_misspecified,True,2.4886308862814367e-06,True,1.6754882646547117e-06,False,2.648834042109878,3.077094135051084e-12,0.783,0.481,True,"10,12"
MNAR,93,candidate_saturated,True,1.5583254189266427e-07,False,0.0013396493703400744,True,2.5971717816267232,4.105604745063829e-12,0.783,0.481,True,
MNAR,94,oracle,True,3.320274130409057e-08,False,0.005391193334315515,True,1.7539082781677193,3.610445276081009e-13,0.8053333333333333,0.535,True,
MNAR,94,MAR_ignorability,True,8.2202865705951e-09,False,0.0002197820866565733,True,1.4536592027009976,9.181544413650045e-13,0.8053333333333333,0.535,True,
MNAR,94,selection_misspecified,True,2.408868204155568e-06,True,2.4077657682131363e-06,False,2.562215951380846,9.07718344933528e-13,0.8053333333333333,0.535,True,"10,12"
MNAR,94,candidate_saturated,True,2.114799246439869e-07,False,0.0007957372870375227,True,2.5268014575270157,7.227551890309769e-12,0.8053333333333333,0.535,True,
MNAR,95,oracle,True,1.0261095391398897e-08,False,0.006126327014730202,True,1.8216935394806801,9.547918011776346e-14,0.8103333333333333,0.534,True,
MNAR,95,MAR_ignorability,True,1.7142450262634427e-08,False,0.0005402104084944583,True,1.488198353214028,7.30304705598428e-13,0.8103333333333333,0.534,True,
MNAR,95,selection_misspecified,True,2.6549704386140126e-06,True,1.1852116262294554e-06,False,2.6130843530224954,1.1470824290427117e-12,0.8103333333333333,0.534,True,"10,12"
MNAR,95,candidate_saturated,True,6.473009892715709e-08,True,4.15194152149769e-08,False,2.561823404247083,1.4010126392349775e-11,0.8103333333333333,0.534,True,15
MNAR,96,oracle,True,5.521550647813456e-09,False,0.008270704134698192,True,1.797867766047616,1.829647544582258e-13,0.8016666666666666,0.524,True,
MNAR,96,MAR_ignorability,True,5.832110968218007e-09,False,0.002357958102960811,True,1.4608811705664786,7.149836278586008e-13,0.8016666666666666,0.524,True,
MNAR,96,selection_misspecified,True,3.034625645676266e-06,True,2.373505038158154e-06,False,2.577375464107553,3.3715252811816754e-12,0.8016666666666666,0.524,True,"10,12"
MNAR,96,candidate_saturated,True,8.328968872461928e-08,False,0.0009257390704014478,True,2.5300871030136003,2.0019541580040823e-12,0.8016666666666666,0.524,True,
MNAR,97,oracle,True,1.1432520198651972e-08,False,0.00649136212248823,True,1.8087222831735266,2.2182256032010628e-13,0.7916666666666666,0.513,True,
MNAR,97,MAR_ignorability,True,3.891336601997176e-08,False,7.736433990094627e-05,True,1.46831356941096,6.967759702547482e-13,0.7916666666666666,0.513,True,
MNAR,97,selection_misspecified,True,2.8187011038756916e-06,True,2.7914672511956597e-06,False,2.610986025449323,9.623413177450857e-13,0.7916666666666666,0.513,True,"10,12"
MNAR,97,candidate_saturated,True,5.990406319700269e-08,False,0.0008961975021850518,True,2.5621739078925723,1.787148207199607e-11,0.7916666666666666,0.513,True,
MNAR,98,oracle,True,1.5455150586374254e-08,False,0.008209528738204961,True,1.770191824159453,2.0827783941967937e-13,0.7983333333333333,0.512,True,
MNAR,98,MAR_ignorability,True,2.1634670315073822e-08,False,0.0025407407787545046,True,1.4430913210311378,3.26405569239796e-13,0.7983333333333333,0.512,True,
MNAR,98,selection_misspecified,True,3.3644502361766932e-06,True,2.6135071164443256e-06,False,2.5547012726035816,2.0605739337042905e-13,0.7983333333333333,0.512,True,"10,12"
MNAR,98,candidate_saturated,True,1.4074254779927742e-07,False,5.859515571487069e-05,True,2.512851264879175,5.339728659237153e-12,0.7983333333333333,0.512,True,
MNAR,99,oracle,True,2.441986309324436e-08,False,0.008735198398540972,True,1.8063990048638578,1.0103029524088925e-13,0.7986666666666666,0.526,True,
MNAR,99,MAR_ignorability,True,3.269269739708536e-08,False,0.002372768109322549,True,1.4730324659744531,8.715250743307479e-13,0.7986666666666666,0.526,True,
MNAR,99,selection_misspecified,True,2.9211085994239025e-06,True,2.371649262707817e-06,False,2.5946502027106417,1.6355805598777806e-12,0.7986666666666666,0.526,True,"10,12"
MNAR,99,candidate_saturated,True,1.4465161373067303e-07,False,0.001348101480697141,True,2.5407642766732947,1.816324868286756e-12,0.7986666666666666,0.526,True,
